Your RubyGems version (3.0.3.1) has a bug that prevents `required_ruby_version` from working for Bundler. Any scripts that use `gem install bundler` will break as soon as Bundler drops support for your Ruby version. Please upgrade RubyGems to avoid future breakage and silence this warning by running `gem update --system 3.2.3`
Configuration file: /Users/ashish.sinha/Documents/project/sinashish.github.io/_config.yml
            Source: /Users/ashish.sinha/Documents/project/sinashish.github.io
       Destination: /Users/ashish.sinha/Documents/project/sinashish.github.io/_site
 Incremental build: disabled. Enable with --incremental
      Generating... 
Terser: Minifying /Users/ashish.sinha/Documents/project/sinashish.github.io/assets/js/bibsearch.js
Terser: Minifying /Users/ashish.sinha/Documents/project/sinashish.github.io/assets/js/chartjs-setup.js
Terser: Minifying /Users/ashish.sinha/Documents/project/sinashish.github.io/assets/js/common.js
Terser: Minifying /Users/ashish.sinha/Documents/project/sinashish.github.io/assets/js/copy_code.js
Terser: Minifying /Users/ashish.sinha/Documents/project/sinashish.github.io/assets/js/diff2html-setup.js
Terser: Minifying /Users/ashish.sinha/Documents/project/sinashish.github.io/assets/js/distillpub/overrides.js
Terser: Minifying /Users/ashish.sinha/Documents/project/sinashish.github.io/assets/js/distillpub/template.v2.js
Terser: Minifying /Users/ashish.sinha/Documents/project/sinashish.github.io/assets/js/distillpub/transforms.v2.js
Terser: Minifying /Users/ashish.sinha/Documents/project/sinashish.github.io/assets/js/echarts-setup.js
Terser: Minifying /Users/ashish.sinha/Documents/project/sinashish.github.io/assets/js/highlight-search-term.js
Terser: Minifying /Users/ashish.sinha/Documents/project/sinashish.github.io/assets/js/jupyter_new_tab.js
Terser: Minifying /Users/ashish.sinha/Documents/project/sinashish.github.io/assets/js/leaflet-setup.js
Terser: Minifying /Users/ashish.sinha/Documents/project/sinashish.github.io/assets/js/masonry.js
Terser: Minifying /Users/ashish.sinha/Documents/project/sinashish.github.io/assets/js/mathjax-setup.js
Terser: Minifying /Users/ashish.sinha/Documents/project/sinashish.github.io/assets/js/mermaid-setup.js
Terser: Minifying /Users/ashish.sinha/Documents/project/sinashish.github.io/assets/js/newsletter.js
Terser: Minifying /Users/ashish.sinha/Documents/project/sinashish.github.io/assets/js/no_defer.js
Terser: Minifying /Users/ashish.sinha/Documents/project/sinashish.github.io/assets/js/plotly-setup.js
Terser: Minifying /Users/ashish.sinha/Documents/project/sinashish.github.io/assets/js/progress-bar.js
Terser: Minifying /Users/ashish.sinha/Documents/project/sinashish.github.io/assets/js/pseudocode-setup.js
Terser: Minifying /Users/ashish.sinha/Documents/project/sinashish.github.io/assets/js/search-setup.js
Terser: Minifying /Users/ashish.sinha/Documents/project/sinashish.github.io/assets/js/shortcut-key.js
Terser: Minifying /Users/ashish.sinha/Documents/project/sinashish.github.io/assets/js/theme.js
Terser: Minifying /Users/ashish.sinha/Documents/project/sinashish.github.io/assets/js/tooltips-setup.js
Terser: Minifying /Users/ashish.sinha/Documents/project/sinashish.github.io/assets/js/typograms.js
Terser: Minifying /Users/ashish.sinha/Documents/project/sinashish.github.io/assets/js/vega-setup.js
Terser: Minifying /Users/ashish.sinha/Documents/project/sinashish.github.io/assets/js/venobox-setup.js
Terser: Minifying /Users/ashish.sinha/Documents/project/sinashish.github.io/assets/js/wechat.js
Terser: Minifying /Users/ashish.sinha/Documents/project/sinashish.github.io/assets/js/zoom.js
Terser: Minifying /Users/ashish.sinha/Documents/project/sinashish.github.io/old-site/libs/custom/my_js.js
Terser: Minifying /Users/ashish.sinha/Documents/project/sinashish.github.io/old-site/libs/external/skeleton_tabs/skeleton-tabs.js
       Imagemagick: Searching files in /Users/ashish.sinha/Documents/project/sinashish.github.io/assets/img/
       Imagemagick: Adding static file /Users/ashish.sinha/Documents/project/sinashish.github.io/_site/assets/img/book_covers/the_godfather-480.webp
       Imagemagick: Adding static file /Users/ashish.sinha/Documents/project/sinashish.github.io/_site/assets/img/book_covers/the_godfather-800.webp
       Imagemagick: Adding static file /Users/ashish.sinha/Documents/project/sinashish.github.io/_site/assets/img/book_covers/the_godfather-1400.webp
       Imagemagick: Adding static file /Users/ashish.sinha/Documents/project/sinashish.github.io/_site/assets/img/posts/selection-480.webp
       Imagemagick: Adding static file /Users/ashish.sinha/Documents/project/sinashish.github.io/_site/assets/img/posts/selection-800.webp
       Imagemagick: Adding static file /Users/ashish.sinha/Documents/project/sinashish.github.io/_site/assets/img/posts/selection-1400.webp
       Imagemagick: Adding static file /Users/ashish.sinha/Documents/project/sinashish.github.io/_site/assets/img/publication_preview/dimple-480.webp
       Imagemagick: Adding static file /Users/ashish.sinha/Documents/project/sinashish.github.io/_site/assets/img/publication_preview/dimple-800.webp
       Imagemagick: Adding static file /Users/ashish.sinha/Documents/project/sinashish.github.io/_site/assets/img/publication_preview/dimple-1400.webp
       Imagemagick: Adding static file /Users/ashish.sinha/Documents/project/sinashish.github.io/_site/assets/img/publication_preview/msa-480.webp
       Imagemagick: Adding static file /Users/ashish.sinha/Documents/project/sinashish.github.io/_site/assets/img/publication_preview/msa-800.webp
       Imagemagick: Adding static file /Users/ashish.sinha/Documents/project/sinashish.github.io/_site/assets/img/publication_preview/msa-1400.webp
       Imagemagick: Adding static file /Users/ashish.sinha/Documents/project/sinashish.github.io/_site/assets/img/publication_preview/msc-thesis-480.webp
       Imagemagick: Adding static file /Users/ashish.sinha/Documents/project/sinashish.github.io/_site/assets/img/publication_preview/msc-thesis-800.webp
       Imagemagick: Adding static file /Users/ashish.sinha/Documents/project/sinashish.github.io/_site/assets/img/publication_preview/msc-thesis-1400.webp
       Imagemagick: Adding static file /Users/ashish.sinha/Documents/project/sinashish.github.io/_site/assets/img/publication_preview/trind-480.webp
       Imagemagick: Adding static file /Users/ashish.sinha/Documents/project/sinashish.github.io/_site/assets/img/publication_preview/trind-800.webp
       Imagemagick: Adding static file /Users/ashish.sinha/Documents/project/sinashish.github.io/_site/assets/img/publication_preview/trind-1400.webp
       Imagemagick: Adding static file /Users/ashish.sinha/Documents/project/sinashish.github.io/_site/assets/img/publication_preview/demoire-480.webp
       Imagemagick: Adding static file /Users/ashish.sinha/Documents/project/sinashish.github.io/_site/assets/img/publication_preview/demoire-800.webp
       Imagemagick: Adding static file /Users/ashish.sinha/Documents/project/sinashish.github.io/_site/assets/img/publication_preview/demoire-1400.webp
       Imagemagick: Adding static file /Users/ashish.sinha/Documents/project/sinashish.github.io/_site/assets/img/publication_preview/dermsynth3d-480.webp
       Imagemagick: Adding static file /Users/ashish.sinha/Documents/project/sinashish.github.io/_site/assets/img/publication_preview/dermsynth3d-800.webp
       Imagemagick: Adding static file /Users/ashish.sinha/Documents/project/sinashish.github.io/_site/assets/img/publication_preview/dermsynth3d-1400.webp
       Imagemagick: Adding static file /Users/ashish.sinha/Documents/project/sinashish.github.io/_site/assets/img/publication_preview/gagan-480.webp
       Imagemagick: Adding static file /Users/ashish.sinha/Documents/project/sinashish.github.io/_site/assets/img/publication_preview/gagan-800.webp
       Imagemagick: Adding static file /Users/ashish.sinha/Documents/project/sinashish.github.io/_site/assets/img/publication_preview/gagan-1400.webp
       Imagemagick: Adding static file /Users/ashish.sinha/Documents/project/sinashish.github.io/_site/assets/img/publication_preview/ethical-480.webp
       Imagemagick: Adding static file /Users/ashish.sinha/Documents/project/sinashish.github.io/_site/assets/img/publication_preview/ethical-800.webp
       Imagemagick: Adding static file /Users/ashish.sinha/Documents/project/sinashish.github.io/_site/assets/img/publication_preview/ethical-1400.webp
       Imagemagick: Adding static file /Users/ashish.sinha/Documents/project/sinashish.github.io/_site/assets/img/publication_preview/unpose-480.webp
       Imagemagick: Adding static file /Users/ashish.sinha/Documents/project/sinashish.github.io/_site/assets/img/publication_preview/unpose-800.webp
       Imagemagick: Adding static file /Users/ashish.sinha/Documents/project/sinashish.github.io/_site/assets/img/publication_preview/unpose-1400.webp
       Imagemagick: Adding static file /Users/ashish.sinha/Documents/project/sinashish.github.io/_site/assets/img/publication_preview/mensa-480.webp
       Imagemagick: Adding static file /Users/ashish.sinha/Documents/project/sinashish.github.io/_site/assets/img/publication_preview/mensa-800.webp
       Imagemagick: Adding static file /Users/ashish.sinha/Documents/project/sinashish.github.io/_site/assets/img/publication_preview/mensa-1400.webp
       Imagemagick: Generated 0 file(s)
       Jekyll Feed: Generating feed for posts
         AutoPages: Disabled/Not configured in site.config.
        Pagination: Complete, processed 1 pagination page(s)
[33m           Warning: Empty `slug` generated for ''.[0m
                    done in 10.988 seconds.
 Auto-regeneration: enabled for '/Users/ashish.sinha/Documents/project/sinashish.github.io'
    Server address: http://127.0.0.1:4000
  Server running... press ctrl-c to stop.
      Regenerating: 3 file(s) changed at 2026-09-06 14:03:37
                    _news/amii_end.md
                    _news/phd_start.md
                    _pages/about.md
Terser: Minifying /Users/ashish.sinha/Documents/project/sinashish.github.io/assets/js/bibsearch.js
Terser: Minifying /Users/ashish.sinha/Documents/project/sinashish.github.io/assets/js/chartjs-setup.js
Terser: Minifying /Users/ashish.sinha/Documents/project/sinashish.github.io/assets/js/common.js
Terser: Minifying /Users/ashish.sinha/Documents/project/sinashish.github.io/assets/js/copy_code.js
Terser: Minifying /Users/ashish.sinha/Documents/project/sinashish.github.io/assets/js/diff2html-setup.js
Terser: Minifying /Users/ashish.sinha/Documents/project/sinashish.github.io/assets/js/distillpub/overrides.js
Terser: Minifying /Users/ashish.sinha/Documents/project/sinashish.github.io/assets/js/distillpub/template.v2.js
Terser: Minifying /Users/ashish.sinha/Documents/project/sinashish.github.io/assets/js/distillpub/transforms.v2.js
Terser: Minifying /Users/ashish.sinha/Documents/project/sinashish.github.io/assets/js/echarts-setup.js
Terser: Minifying /Users/ashish.sinha/Documents/project/sinashish.github.io/assets/js/highlight-search-term.js
Terser: Minifying /Users/ashish.sinha/Documents/project/sinashish.github.io/assets/js/jupyter_new_tab.js
Terser: Minifying /Users/ashish.sinha/Documents/project/sinashish.github.io/assets/js/leaflet-setup.js
Terser: Minifying /Users/ashish.sinha/Documents/project/sinashish.github.io/assets/js/masonry.js
Terser: Minifying /Users/ashish.sinha/Documents/project/sinashish.github.io/assets/js/mathjax-setup.js
Terser: Minifying /Users/ashish.sinha/Documents/project/sinashish.github.io/assets/js/mermaid-setup.js
Terser: Minifying /Users/ashish.sinha/Documents/project/sinashish.github.io/assets/js/newsletter.js
Terser: Minifying /Users/ashish.sinha/Documents/project/sinashish.github.io/assets/js/no_defer.js
Terser: Minifying /Users/ashish.sinha/Documents/project/sinashish.github.io/assets/js/plotly-setup.js
Terser: Minifying /Users/ashish.sinha/Documents/project/sinashish.github.io/assets/js/progress-bar.js
Terser: Minifying /Users/ashish.sinha/Documents/project/sinashish.github.io/assets/js/pseudocode-setup.js
Terser: Minifying /Users/ashish.sinha/Documents/project/sinashish.github.io/assets/js/search-setup.js
Terser: Minifying /Users/ashish.sinha/Documents/project/sinashish.github.io/assets/js/shortcut-key.js
Terser: Minifying /Users/ashish.sinha/Documents/project/sinashish.github.io/assets/js/theme.js
Terser: Minifying /Users/ashish.sinha/Documents/project/sinashish.github.io/assets/js/tooltips-setup.js
Terser: Minifying /Users/ashish.sinha/Documents/project/sinashish.github.io/assets/js/typograms.js
Terser: Minifying /Users/ashish.sinha/Documents/project/sinashish.github.io/assets/js/vega-setup.js
Terser: Minifying /Users/ashish.sinha/Documents/project/sinashish.github.io/assets/js/venobox-setup.js
Terser: Minifying /Users/ashish.sinha/Documents/project/sinashish.github.io/assets/js/wechat.js
Terser: Minifying /Users/ashish.sinha/Documents/project/sinashish.github.io/assets/js/zoom.js
Terser: Minifying /Users/ashish.sinha/Documents/project/sinashish.github.io/old-site/libs/custom/my_js.js
Terser: Minifying /Users/ashish.sinha/Documents/project/sinashish.github.io/old-site/libs/external/skeleton_tabs/skeleton-tabs.js
       Imagemagick: Searching files in /Users/ashish.sinha/Documents/project/sinashish.github.io/assets/img/
       Imagemagick: Adding static file /Users/ashish.sinha/Documents/project/sinashish.github.io/_site/assets/img/book_covers/the_godfather-480.webp
       Imagemagick: Adding static file /Users/ashish.sinha/Documents/project/sinashish.github.io/_site/assets/img/book_covers/the_godfather-800.webp
       Imagemagick: Adding static file /Users/ashish.sinha/Documents/project/sinashish.github.io/_site/assets/img/book_covers/the_godfather-1400.webp
       Imagemagick: Adding static file /Users/ashish.sinha/Documents/project/sinashish.github.io/_site/assets/img/posts/selection-480.webp
       Imagemagick: Adding static file /Users/ashish.sinha/Documents/project/sinashish.github.io/_site/assets/img/posts/selection-800.webp
       Imagemagick: Adding static file /Users/ashish.sinha/Documents/project/sinashish.github.io/_site/assets/img/posts/selection-1400.webp
       Imagemagick: Adding static file /Users/ashish.sinha/Documents/project/sinashish.github.io/_site/assets/img/publication_preview/dimple-480.webp
       Imagemagick: Adding static file /Users/ashish.sinha/Documents/project/sinashish.github.io/_site/assets/img/publication_preview/dimple-800.webp
       Imagemagick: Adding static file /Users/ashish.sinha/Documents/project/sinashish.github.io/_site/assets/img/publication_preview/dimple-1400.webp
       Imagemagick: Adding static file /Users/ashish.sinha/Documents/project/sinashish.github.io/_site/assets/img/publication_preview/msa-480.webp
       Imagemagick: Adding static file /Users/ashish.sinha/Documents/project/sinashish.github.io/_site/assets/img/publication_preview/msa-800.webp
       Imagemagick: Adding static file /Users/ashish.sinha/Documents/project/sinashish.github.io/_site/assets/img/publication_preview/msa-1400.webp
       Imagemagick: Adding static file /Users/ashish.sinha/Documents/project/sinashish.github.io/_site/assets/img/publication_preview/msc-thesis-480.webp
       Imagemagick: Adding static file /Users/ashish.sinha/Documents/project/sinashish.github.io/_site/assets/img/publication_preview/msc-thesis-800.webp
       Imagemagick: Adding static file /Users/ashish.sinha/Documents/project/sinashish.github.io/_site/assets/img/publication_preview/msc-thesis-1400.webp
       Imagemagick: Adding static file /Users/ashish.sinha/Documents/project/sinashish.github.io/_site/assets/img/publication_preview/trind-480.webp
       Imagemagick: Adding static file /Users/ashish.sinha/Documents/project/sinashish.github.io/_site/assets/img/publication_preview/trind-800.webp
       Imagemagick: Adding static file /Users/ashish.sinha/Documents/project/sinashish.github.io/_site/assets/img/publication_preview/trind-1400.webp
       Imagemagick: Adding static file /Users/ashish.sinha/Documents/project/sinashish.github.io/_site/assets/img/publication_preview/demoire-480.webp
       Imagemagick: Adding static file /Users/ashish.sinha/Documents/project/sinashish.github.io/_site/assets/img/publication_preview/demoire-800.webp
       Imagemagick: Adding static file /Users/ashish.sinha/Documents/project/sinashish.github.io/_site/assets/img/publication_preview/demoire-1400.webp
       Imagemagick: Adding static file /Users/ashish.sinha/Documents/project/sinashish.github.io/_site/assets/img/publication_preview/dermsynth3d-480.webp
       Imagemagick: Adding static file /Users/ashish.sinha/Documents/project/sinashish.github.io/_site/assets/img/publication_preview/dermsynth3d-800.webp
       Imagemagick: Adding static file /Users/ashish.sinha/Documents/project/sinashish.github.io/_site/assets/img/publication_preview/dermsynth3d-1400.webp
       Imagemagick: Adding static file /Users/ashish.sinha/Documents/project/sinashish.github.io/_site/assets/img/publication_preview/gagan-480.webp
       Imagemagick: Adding static file /Users/ashish.sinha/Documents/project/sinashish.github.io/_site/assets/img/publication_preview/gagan-800.webp
       Imagemagick: Adding static file /Users/ashish.sinha/Documents/project/sinashish.github.io/_site/assets/img/publication_preview/gagan-1400.webp
       Imagemagick: Adding static file /Users/ashish.sinha/Documents/project/sinashish.github.io/_site/assets/img/publication_preview/ethical-480.webp
       Imagemagick: Adding static file /Users/ashish.sinha/Documents/project/sinashish.github.io/_site/assets/img/publication_preview/ethical-800.webp
       Imagemagick: Adding static file /Users/ashish.sinha/Documents/project/sinashish.github.io/_site/assets/img/publication_preview/ethical-1400.webp
       Imagemagick: Adding static file /Users/ashish.sinha/Documents/project/sinashish.github.io/_site/assets/img/publication_preview/unpose-480.webp
       Imagemagick: Adding static file /Users/ashish.sinha/Documents/project/sinashish.github.io/_site/assets/img/publication_preview/unpose-800.webp
       Imagemagick: Adding static file /Users/ashish.sinha/Documents/project/sinashish.github.io/_site/assets/img/publication_preview/unpose-1400.webp
       Imagemagick: Adding static file /Users/ashish.sinha/Documents/project/sinashish.github.io/_site/assets/img/publication_preview/mensa-480.webp
       Imagemagick: Adding static file /Users/ashish.sinha/Documents/project/sinashish.github.io/_site/assets/img/publication_preview/mensa-800.webp
       Imagemagick: Adding static file /Users/ashish.sinha/Documents/project/sinashish.github.io/_site/assets/img/publication_preview/mensa-1400.webp
       Imagemagick: Generated 0 file(s)
       Jekyll Feed: Generating feed for posts
         AutoPages: Disabled/Not configured in site.config.
        Pagination: Complete, processed 1 pagination page(s)
[33m           Warning: Empty `slug` generated for ''.[0m
                    ...done in 6.202261 seconds.
                    
      Regenerating: 1 file(s) changed at 2026-09-06 14:05:36
                    _news/amii_end.md
Terser: Minifying /Users/ashish.sinha/Documents/project/sinashish.github.io/assets/js/bibsearch.js
Terser: Minifying /Users/ashish.sinha/Documents/project/sinashish.github.io/assets/js/chartjs-setup.js
Terser: Minifying /Users/ashish.sinha/Documents/project/sinashish.github.io/assets/js/common.js
Terser: Minifying /Users/ashish.sinha/Documents/project/sinashish.github.io/assets/js/copy_code.js
Terser: Minifying /Users/ashish.sinha/Documents/project/sinashish.github.io/assets/js/diff2html-setup.js
Terser: Minifying /Users/ashish.sinha/Documents/project/sinashish.github.io/assets/js/distillpub/overrides.js
Terser: Minifying /Users/ashish.sinha/Documents/project/sinashish.github.io/assets/js/distillpub/template.v2.js
Terser: Minifying /Users/ashish.sinha/Documents/project/sinashish.github.io/assets/js/distillpub/transforms.v2.js
Terser: Minifying /Users/ashish.sinha/Documents/project/sinashish.github.io/assets/js/echarts-setup.js
Terser: Minifying /Users/ashish.sinha/Documents/project/sinashish.github.io/assets/js/highlight-search-term.js
Terser: Minifying /Users/ashish.sinha/Documents/project/sinashish.github.io/assets/js/jupyter_new_tab.js
Terser: Minifying /Users/ashish.sinha/Documents/project/sinashish.github.io/assets/js/leaflet-setup.js
Terser: Minifying /Users/ashish.sinha/Documents/project/sinashish.github.io/assets/js/masonry.js
Terser: Minifying /Users/ashish.sinha/Documents/project/sinashish.github.io/assets/js/mathjax-setup.js
Terser: Minifying /Users/ashish.sinha/Documents/project/sinashish.github.io/assets/js/mermaid-setup.js
Terser: Minifying /Users/ashish.sinha/Documents/project/sinashish.github.io/assets/js/newsletter.js
Terser: Minifying /Users/ashish.sinha/Documents/project/sinashish.github.io/assets/js/no_defer.js
Terser: Minifying /Users/ashish.sinha/Documents/project/sinashish.github.io/assets/js/plotly-setup.js
Terser: Minifying /Users/ashish.sinha/Documents/project/sinashish.github.io/assets/js/progress-bar.js
Terser: Minifying /Users/ashish.sinha/Documents/project/sinashish.github.io/assets/js/pseudocode-setup.js
Terser: Minifying /Users/ashish.sinha/Documents/project/sinashish.github.io/assets/js/search-setup.js
Terser: Minifying /Users/ashish.sinha/Documents/project/sinashish.github.io/assets/js/shortcut-key.js
Terser: Minifying /Users/ashish.sinha/Documents/project/sinashish.github.io/assets/js/theme.js
Terser: Minifying /Users/ashish.sinha/Documents/project/sinashish.github.io/assets/js/tooltips-setup.js
Terser: Minifying /Users/ashish.sinha/Documents/project/sinashish.github.io/assets/js/typograms.js
Terser: Minifying /Users/ashish.sinha/Documents/project/sinashish.github.io/assets/js/vega-setup.js
Terser: Minifying /Users/ashish.sinha/Documents/project/sinashish.github.io/assets/js/venobox-setup.js
Terser: Minifying /Users/ashish.sinha/Documents/project/sinashish.github.io/assets/js/wechat.js
Terser: Minifying /Users/ashish.sinha/Documents/project/sinashish.github.io/assets/js/zoom.js
Terser: Minifying /Users/ashish.sinha/Documents/project/sinashish.github.io/old-site/libs/custom/my_js.js
Terser: Minifying /Users/ashish.sinha/Documents/project/sinashish.github.io/old-site/libs/external/skeleton_tabs/skeleton-tabs.js
       Imagemagick: Searching files in /Users/ashish.sinha/Documents/project/sinashish.github.io/assets/img/
       Imagemagick: Adding static file /Users/ashish.sinha/Documents/project/sinashish.github.io/_site/assets/img/book_covers/the_godfather-480.webp
       Imagemagick: Adding static file /Users/ashish.sinha/Documents/project/sinashish.github.io/_site/assets/img/book_covers/the_godfather-800.webp
       Imagemagick: Adding static file /Users/ashish.sinha/Documents/project/sinashish.github.io/_site/assets/img/book_covers/the_godfather-1400.webp
       Imagemagick: Adding static file /Users/ashish.sinha/Documents/project/sinashish.github.io/_site/assets/img/posts/selection-480.webp
       Imagemagick: Adding static file /Users/ashish.sinha/Documents/project/sinashish.github.io/_site/assets/img/posts/selection-800.webp
       Imagemagick: Adding static file /Users/ashish.sinha/Documents/project/sinashish.github.io/_site/assets/img/posts/selection-1400.webp
       Imagemagick: Adding static file /Users/ashish.sinha/Documents/project/sinashish.github.io/_site/assets/img/publication_preview/dimple-480.webp
       Imagemagick: Adding static file /Users/ashish.sinha/Documents/project/sinashish.github.io/_site/assets/img/publication_preview/dimple-800.webp
       Imagemagick: Adding static file /Users/ashish.sinha/Documents/project/sinashish.github.io/_site/assets/img/publication_preview/dimple-1400.webp
       Imagemagick: Adding static file /Users/ashish.sinha/Documents/project/sinashish.github.io/_site/assets/img/publication_preview/msa-480.webp
       Imagemagick: Adding static file /Users/ashish.sinha/Documents/project/sinashish.github.io/_site/assets/img/publication_preview/msa-800.webp
       Imagemagick: Adding static file /Users/ashish.sinha/Documents/project/sinashish.github.io/_site/assets/img/publication_preview/msa-1400.webp
       Imagemagick: Adding static file /Users/ashish.sinha/Documents/project/sinashish.github.io/_site/assets/img/publication_preview/msc-thesis-480.webp
       Imagemagick: Adding static file /Users/ashish.sinha/Documents/project/sinashish.github.io/_site/assets/img/publication_preview/msc-thesis-800.webp
       Imagemagick: Adding static file /Users/ashish.sinha/Documents/project/sinashish.github.io/_site/assets/img/publication_preview/msc-thesis-1400.webp
       Imagemagick: Adding static file /Users/ashish.sinha/Documents/project/sinashish.github.io/_site/assets/img/publication_preview/trind-480.webp
       Imagemagick: Adding static file /Users/ashish.sinha/Documents/project/sinashish.github.io/_site/assets/img/publication_preview/trind-800.webp
       Imagemagick: Adding static file /Users/ashish.sinha/Documents/project/sinashish.github.io/_site/assets/img/publication_preview/trind-1400.webp
       Imagemagick: Adding static file /Users/ashish.sinha/Documents/project/sinashish.github.io/_site/assets/img/publication_preview/demoire-480.webp
       Imagemagick: Adding static file /Users/ashish.sinha/Documents/project/sinashish.github.io/_site/assets/img/publication_preview/demoire-800.webp
       Imagemagick: Adding static file /Users/ashish.sinha/Documents/project/sinashish.github.io/_site/assets/img/publication_preview/demoire-1400.webp
       Imagemagick: Adding static file /Users/ashish.sinha/Documents/project/sinashish.github.io/_site/assets/img/publication_preview/dermsynth3d-480.webp
       Imagemagick: Adding static file /Users/ashish.sinha/Documents/project/sinashish.github.io/_site/assets/img/publication_preview/dermsynth3d-800.webp
       Imagemagick: Adding static file /Users/ashish.sinha/Documents/project/sinashish.github.io/_site/assets/img/publication_preview/dermsynth3d-1400.webp
       Imagemagick: Adding static file /Users/ashish.sinha/Documents/project/sinashish.github.io/_site/assets/img/publication_preview/gagan-480.webp
       Imagemagick: Adding static file /Users/ashish.sinha/Documents/project/sinashish.github.io/_site/assets/img/publication_preview/gagan-800.webp
       Imagemagick: Adding static file /Users/ashish.sinha/Documents/project/sinashish.github.io/_site/assets/img/publication_preview/gagan-1400.webp
       Imagemagick: Adding static file /Users/ashish.sinha/Documents/project/sinashish.github.io/_site/assets/img/publication_preview/ethical-480.webp
       Imagemagick: Adding static file /Users/ashish.sinha/Documents/project/sinashish.github.io/_site/assets/img/publication_preview/ethical-800.webp
       Imagemagick: Adding static file /Users/ashish.sinha/Documents/project/sinashish.github.io/_site/assets/img/publication_preview/ethical-1400.webp
       Imagemagick: Adding static file /Users/ashish.sinha/Documents/project/sinashish.github.io/_site/assets/img/publication_preview/unpose-480.webp
       Imagemagick: Adding static file /Users/ashish.sinha/Documents/project/sinashish.github.io/_site/assets/img/publication_preview/unpose-800.webp
       Imagemagick: Adding static file /Users/ashish.sinha/Documents/project/sinashish.github.io/_site/assets/img/publication_preview/unpose-1400.webp
       Imagemagick: Adding static file /Users/ashish.sinha/Documents/project/sinashish.github.io/_site/assets/img/publication_preview/mensa-480.webp
       Imagemagick: Adding static file /Users/ashish.sinha/Documents/project/sinashish.github.io/_site/assets/img/publication_preview/mensa-800.webp
       Imagemagick: Adding static file /Users/ashish.sinha/Documents/project/sinashish.github.io/_site/assets/img/publication_preview/mensa-1400.webp
       Imagemagick: Generated 0 file(s)
       Jekyll Feed: Generating feed for posts
         AutoPages: Disabled/Not configured in site.config.
        Pagination: Complete, processed 1 pagination page(s)
[33m           Warning: Empty `slug` generated for ''.[0m
                    ...done in 6.423607 seconds.
                    
      Regenerating: 1 file(s) changed at 2026-09-06 14:06:19
                    _pages/about.md
Terser: Minifying /Users/ashish.sinha/Documents/project/sinashish.github.io/assets/js/bibsearch.js
Terser: Minifying /Users/ashish.sinha/Documents/project/sinashish.github.io/assets/js/chartjs-setup.js
Terser: Minifying /Users/ashish.sinha/Documents/project/sinashish.github.io/assets/js/common.js
Terser: Minifying /Users/ashish.sinha/Documents/project/sinashish.github.io/assets/js/copy_code.js
Terser: Minifying /Users/ashish.sinha/Documents/project/sinashish.github.io/assets/js/diff2html-setup.js
Terser: Minifying /Users/ashish.sinha/Documents/project/sinashish.github.io/assets/js/distillpub/overrides.js
Terser: Minifying /Users/ashish.sinha/Documents/project/sinashish.github.io/assets/js/distillpub/template.v2.js
Terser: Minifying /Users/ashish.sinha/Documents/project/sinashish.github.io/assets/js/distillpub/transforms.v2.js
Terser: Minifying /Users/ashish.sinha/Documents/project/sinashish.github.io/assets/js/echarts-setup.js
Terser: Minifying /Users/ashish.sinha/Documents/project/sinashish.github.io/assets/js/highlight-search-term.js
Terser: Minifying /Users/ashish.sinha/Documents/project/sinashish.github.io/assets/js/jupyter_new_tab.js
Terser: Minifying /Users/ashish.sinha/Documents/project/sinashish.github.io/assets/js/leaflet-setup.js
Terser: Minifying /Users/ashish.sinha/Documents/project/sinashish.github.io/assets/js/masonry.js
Terser: Minifying /Users/ashish.sinha/Documents/project/sinashish.github.io/assets/js/mathjax-setup.js
Terser: Minifying /Users/ashish.sinha/Documents/project/sinashish.github.io/assets/js/mermaid-setup.js
Terser: Minifying /Users/ashish.sinha/Documents/project/sinashish.github.io/assets/js/newsletter.js
Terser: Minifying /Users/ashish.sinha/Documents/project/sinashish.github.io/assets/js/no_defer.js
Terser: Minifying /Users/ashish.sinha/Documents/project/sinashish.github.io/assets/js/plotly-setup.js
Terser: Minifying /Users/ashish.sinha/Documents/project/sinashish.github.io/assets/js/progress-bar.js
Terser: Minifying /Users/ashish.sinha/Documents/project/sinashish.github.io/assets/js/pseudocode-setup.js
Terser: Minifying /Users/ashish.sinha/Documents/project/sinashish.github.io/assets/js/search-setup.js
Terser: Minifying /Users/ashish.sinha/Documents/project/sinashish.github.io/assets/js/shortcut-key.js
Terser: Minifying /Users/ashish.sinha/Documents/project/sinashish.github.io/assets/js/theme.js
Terser: Minifying /Users/ashish.sinha/Documents/project/sinashish.github.io/assets/js/tooltips-setup.js
Terser: Minifying /Users/ashish.sinha/Documents/project/sinashish.github.io/assets/js/typograms.js
Terser: Minifying /Users/ashish.sinha/Documents/project/sinashish.github.io/assets/js/vega-setup.js
Terser: Minifying /Users/ashish.sinha/Documents/project/sinashish.github.io/assets/js/venobox-setup.js
Terser: Minifying /Users/ashish.sinha/Documents/project/sinashish.github.io/assets/js/wechat.js
Terser: Minifying /Users/ashish.sinha/Documents/project/sinashish.github.io/assets/js/zoom.js
Terser: Minifying /Users/ashish.sinha/Documents/project/sinashish.github.io/old-site/libs/custom/my_js.js
Terser: Minifying /Users/ashish.sinha/Documents/project/sinashish.github.io/old-site/libs/external/skeleton_tabs/skeleton-tabs.js
       Imagemagick: Searching files in /Users/ashish.sinha/Documents/project/sinashish.github.io/assets/img/
       Imagemagick: Adding static file /Users/ashish.sinha/Documents/project/sinashish.github.io/_site/assets/img/book_covers/the_godfather-480.webp
       Imagemagick: Adding static file /Users/ashish.sinha/Documents/project/sinashish.github.io/_site/assets/img/book_covers/the_godfather-800.webp
       Imagemagick: Adding static file /Users/ashish.sinha/Documents/project/sinashish.github.io/_site/assets/img/book_covers/the_godfather-1400.webp
       Imagemagick: Adding static file /Users/ashish.sinha/Documents/project/sinashish.github.io/_site/assets/img/posts/selection-480.webp
       Imagemagick: Adding static file /Users/ashish.sinha/Documents/project/sinashish.github.io/_site/assets/img/posts/selection-800.webp
       Imagemagick: Adding static file /Users/ashish.sinha/Documents/project/sinashish.github.io/_site/assets/img/posts/selection-1400.webp
       Imagemagick: Adding static file /Users/ashish.sinha/Documents/project/sinashish.github.io/_site/assets/img/publication_preview/dimple-480.webp
       Imagemagick: Adding static file /Users/ashish.sinha/Documents/project/sinashish.github.io/_site/assets/img/publication_preview/dimple-800.webp
       Imagemagick: Adding static file /Users/ashish.sinha/Documents/project/sinashish.github.io/_site/assets/img/publication_preview/dimple-1400.webp
       Imagemagick: Adding static file /Users/ashish.sinha/Documents/project/sinashish.github.io/_site/assets/img/publication_preview/msa-480.webp
       Imagemagick: Adding static file /Users/ashish.sinha/Documents/project/sinashish.github.io/_site/assets/img/publication_preview/msa-800.webp
       Imagemagick: Adding static file /Users/ashish.sinha/Documents/project/sinashish.github.io/_site/assets/img/publication_preview/msa-1400.webp
       Imagemagick: Adding static file /Users/ashish.sinha/Documents/project/sinashish.github.io/_site/assets/img/publication_preview/msc-thesis-480.webp
       Imagemagick: Adding static file /Users/ashish.sinha/Documents/project/sinashish.github.io/_site/assets/img/publication_preview/msc-thesis-800.webp
       Imagemagick: Adding static file /Users/ashish.sinha/Documents/project/sinashish.github.io/_site/assets/img/publication_preview/msc-thesis-1400.webp
       Imagemagick: Adding static file /Users/ashish.sinha/Documents/project/sinashish.github.io/_site/assets/img/publication_preview/trind-480.webp
       Imagemagick: Adding static file /Users/ashish.sinha/Documents/project/sinashish.github.io/_site/assets/img/publication_preview/trind-800.webp
       Imagemagick: Adding static file /Users/ashish.sinha/Documents/project/sinashish.github.io/_site/assets/img/publication_preview/trind-1400.webp
       Imagemagick: Adding static file /Users/ashish.sinha/Documents/project/sinashish.github.io/_site/assets/img/publication_preview/demoire-480.webp
       Imagemagick: Adding static file /Users/ashish.sinha/Documents/project/sinashish.github.io/_site/assets/img/publication_preview/demoire-800.webp
       Imagemagick: Adding static file /Users/ashish.sinha/Documents/project/sinashish.github.io/_site/assets/img/publication_preview/demoire-1400.webp
       Imagemagick: Adding static file /Users/ashish.sinha/Documents/project/sinashish.github.io/_site/assets/img/publication_preview/dermsynth3d-480.webp
       Imagemagick: Adding static file /Users/ashish.sinha/Documents/project/sinashish.github.io/_site/assets/img/publication_preview/dermsynth3d-800.webp
       Imagemagick: Adding static file /Users/ashish.sinha/Documents/project/sinashish.github.io/_site/assets/img/publication_preview/dermsynth3d-1400.webp
       Imagemagick: Adding static file /Users/ashish.sinha/Documents/project/sinashish.github.io/_site/assets/img/publication_preview/gagan-480.webp
       Imagemagick: Adding static file /Users/ashish.sinha/Documents/project/sinashish.github.io/_site/assets/img/publication_preview/gagan-800.webp
       Imagemagick: Adding static file /Users/ashish.sinha/Documents/project/sinashish.github.io/_site/assets/img/publication_preview/gagan-1400.webp
       Imagemagick: Adding static file /Users/ashish.sinha/Documents/project/sinashish.github.io/_site/assets/img/publication_preview/ethical-480.webp
       Imagemagick: Adding static file /Users/ashish.sinha/Documents/project/sinashish.github.io/_site/assets/img/publication_preview/ethical-800.webp
       Imagemagick: Adding static file /Users/ashish.sinha/Documents/project/sinashish.github.io/_site/assets/img/publication_preview/ethical-1400.webp
       Imagemagick: Adding static file /Users/ashish.sinha/Documents/project/sinashish.github.io/_site/assets/img/publication_preview/unpose-480.webp
       Imagemagick: Adding static file /Users/ashish.sinha/Documents/project/sinashish.github.io/_site/assets/img/publication_preview/unpose-800.webp
       Imagemagick: Adding static file /Users/ashish.sinha/Documents/project/sinashish.github.io/_site/assets/img/publication_preview/unpose-1400.webp
       Imagemagick: Adding static file /Users/ashish.sinha/Documents/project/sinashish.github.io/_site/assets/img/publication_preview/mensa-480.webp
       Imagemagick: Adding static file /Users/ashish.sinha/Documents/project/sinashish.github.io/_site/assets/img/publication_preview/mensa-800.webp
       Imagemagick: Adding static file /Users/ashish.sinha/Documents/project/sinashish.github.io/_site/assets/img/publication_preview/mensa-1400.webp
       Imagemagick: Generated 0 file(s)
       Jekyll Feed: Generating feed for posts
         AutoPages: Disabled/Not configured in site.config.
        Pagination: Complete, processed 1 pagination page(s)
[33m           Warning: Empty `slug` generated for ''.[0m
                    ...done in 5.999306 seconds.
                    
      Regenerating: 1 file(s) changed at 2026-09-06 14:07:31
                    _pages/about.md
Terser: Minifying /Users/ashish.sinha/Documents/project/sinashish.github.io/assets/js/bibsearch.js
Terser: Minifying /Users/ashish.sinha/Documents/project/sinashish.github.io/assets/js/chartjs-setup.js
Terser: Minifying /Users/ashish.sinha/Documents/project/sinashish.github.io/assets/js/common.js
Terser: Minifying /Users/ashish.sinha/Documents/project/sinashish.github.io/assets/js/copy_code.js
Terser: Minifying /Users/ashish.sinha/Documents/project/sinashish.github.io/assets/js/diff2html-setup.js
Terser: Minifying /Users/ashish.sinha/Documents/project/sinashish.github.io/assets/js/distillpub/overrides.js
Terser: Minifying /Users/ashish.sinha/Documents/project/sinashish.github.io/assets/js/distillpub/template.v2.js
Terser: Minifying /Users/ashish.sinha/Documents/project/sinashish.github.io/assets/js/distillpub/transforms.v2.js
Terser: Minifying /Users/ashish.sinha/Documents/project/sinashish.github.io/assets/js/echarts-setup.js
Terser: Minifying /Users/ashish.sinha/Documents/project/sinashish.github.io/assets/js/highlight-search-term.js
Terser: Minifying /Users/ashish.sinha/Documents/project/sinashish.github.io/assets/js/jupyter_new_tab.js
Terser: Minifying /Users/ashish.sinha/Documents/project/sinashish.github.io/assets/js/leaflet-setup.js
Terser: Minifying /Users/ashish.sinha/Documents/project/sinashish.github.io/assets/js/masonry.js
Terser: Minifying /Users/ashish.sinha/Documents/project/sinashish.github.io/assets/js/mathjax-setup.js
Terser: Minifying /Users/ashish.sinha/Documents/project/sinashish.github.io/assets/js/mermaid-setup.js
Terser: Minifying /Users/ashish.sinha/Documents/project/sinashish.github.io/assets/js/newsletter.js
Terser: Minifying /Users/ashish.sinha/Documents/project/sinashish.github.io/assets/js/no_defer.js
Terser: Minifying /Users/ashish.sinha/Documents/project/sinashish.github.io/assets/js/plotly-setup.js
Terser: Minifying /Users/ashish.sinha/Documents/project/sinashish.github.io/assets/js/progress-bar.js
Terser: Minifying /Users/ashish.sinha/Documents/project/sinashish.github.io/assets/js/pseudocode-setup.js
Terser: Minifying /Users/ashish.sinha/Documents/project/sinashish.github.io/assets/js/search-setup.js
Terser: Minifying /Users/ashish.sinha/Documents/project/sinashish.github.io/assets/js/shortcut-key.js
Terser: Minifying /Users/ashish.sinha/Documents/project/sinashish.github.io/assets/js/theme.js
Terser: Minifying /Users/ashish.sinha/Documents/project/sinashish.github.io/assets/js/tooltips-setup.js
Terser: Minifying /Users/ashish.sinha/Documents/project/sinashish.github.io/assets/js/typograms.js
Terser: Minifying /Users/ashish.sinha/Documents/project/sinashish.github.io/assets/js/vega-setup.js
Terser: Minifying /Users/ashish.sinha/Documents/project/sinashish.github.io/assets/js/venobox-setup.js
Terser: Minifying /Users/ashish.sinha/Documents/project/sinashish.github.io/assets/js/wechat.js
Terser: Minifying /Users/ashish.sinha/Documents/project/sinashish.github.io/assets/js/zoom.js
Terser: Minifying /Users/ashish.sinha/Documents/project/sinashish.github.io/old-site/libs/custom/my_js.js
Terser: Minifying /Users/ashish.sinha/Documents/project/sinashish.github.io/old-site/libs/external/skeleton_tabs/skeleton-tabs.js
       Imagemagick: Searching files in /Users/ashish.sinha/Documents/project/sinashish.github.io/assets/img/
       Imagemagick: Adding static file /Users/ashish.sinha/Documents/project/sinashish.github.io/_site/assets/img/book_covers/the_godfather-480.webp
       Imagemagick: Adding static file /Users/ashish.sinha/Documents/project/sinashish.github.io/_site/assets/img/book_covers/the_godfather-800.webp
       Imagemagick: Adding static file /Users/ashish.sinha/Documents/project/sinashish.github.io/_site/assets/img/book_covers/the_godfather-1400.webp
       Imagemagick: Adding static file /Users/ashish.sinha/Documents/project/sinashish.github.io/_site/assets/img/posts/selection-480.webp
       Imagemagick: Adding static file /Users/ashish.sinha/Documents/project/sinashish.github.io/_site/assets/img/posts/selection-800.webp
       Imagemagick: Adding static file /Users/ashish.sinha/Documents/project/sinashish.github.io/_site/assets/img/posts/selection-1400.webp
       Imagemagick: Adding static file /Users/ashish.sinha/Documents/project/sinashish.github.io/_site/assets/img/publication_preview/dimple-480.webp
       Imagemagick: Adding static file /Users/ashish.sinha/Documents/project/sinashish.github.io/_site/assets/img/publication_preview/dimple-800.webp
       Imagemagick: Adding static file /Users/ashish.sinha/Documents/project/sinashish.github.io/_site/assets/img/publication_preview/dimple-1400.webp
       Imagemagick: Adding static file /Users/ashish.sinha/Documents/project/sinashish.github.io/_site/assets/img/publication_preview/msa-480.webp
       Imagemagick: Adding static file /Users/ashish.sinha/Documents/project/sinashish.github.io/_site/assets/img/publication_preview/msa-800.webp
       Imagemagick: Adding static file /Users/ashish.sinha/Documents/project/sinashish.github.io/_site/assets/img/publication_preview/msa-1400.webp
       Imagemagick: Adding static file /Users/ashish.sinha/Documents/project/sinashish.github.io/_site/assets/img/publication_preview/msc-thesis-480.webp
       Imagemagick: Adding static file /Users/ashish.sinha/Documents/project/sinashish.github.io/_site/assets/img/publication_preview/msc-thesis-800.webp
       Imagemagick: Adding static file /Users/ashish.sinha/Documents/project/sinashish.github.io/_site/assets/img/publication_preview/msc-thesis-1400.webp
       Imagemagick: Adding static file /Users/ashish.sinha/Documents/project/sinashish.github.io/_site/assets/img/publication_preview/trind-480.webp
       Imagemagick: Adding static file /Users/ashish.sinha/Documents/project/sinashish.github.io/_site/assets/img/publication_preview/trind-800.webp
       Imagemagick: Adding static file /Users/ashish.sinha/Documents/project/sinashish.github.io/_site/assets/img/publication_preview/trind-1400.webp
       Imagemagick: Adding static file /Users/ashish.sinha/Documents/project/sinashish.github.io/_site/assets/img/publication_preview/demoire-480.webp
       Imagemagick: Adding static file /Users/ashish.sinha/Documents/project/sinashish.github.io/_site/assets/img/publication_preview/demoire-800.webp
       Imagemagick: Adding static file /Users/ashish.sinha/Documents/project/sinashish.github.io/_site/assets/img/publication_preview/demoire-1400.webp
       Imagemagick: Adding static file /Users/ashish.sinha/Documents/project/sinashish.github.io/_site/assets/img/publication_preview/dermsynth3d-480.webp
       Imagemagick: Adding static file /Users/ashish.sinha/Documents/project/sinashish.github.io/_site/assets/img/publication_preview/dermsynth3d-800.webp
       Imagemagick: Adding static file /Users/ashish.sinha/Documents/project/sinashish.github.io/_site/assets/img/publication_preview/dermsynth3d-1400.webp
       Imagemagick: Adding static file /Users/ashish.sinha/Documents/project/sinashish.github.io/_site/assets/img/publication_preview/gagan-480.webp
       Imagemagick: Adding static file /Users/ashish.sinha/Documents/project/sinashish.github.io/_site/assets/img/publication_preview/gagan-800.webp
       Imagemagick: Adding static file /Users/ashish.sinha/Documents/project/sinashish.github.io/_site/assets/img/publication_preview/gagan-1400.webp
       Imagemagick: Adding static file /Users/ashish.sinha/Documents/project/sinashish.github.io/_site/assets/img/publication_preview/ethical-480.webp
       Imagemagick: Adding static file /Users/ashish.sinha/Documents/project/sinashish.github.io/_site/assets/img/publication_preview/ethical-800.webp
       Imagemagick: Adding static file /Users/ashish.sinha/Documents/project/sinashish.github.io/_site/assets/img/publication_preview/ethical-1400.webp
       Imagemagick: Adding static file /Users/ashish.sinha/Documents/project/sinashish.github.io/_site/assets/img/publication_preview/unpose-480.webp
       Imagemagick: Adding static file /Users/ashish.sinha/Documents/project/sinashish.github.io/_site/assets/img/publication_preview/unpose-800.webp
       Imagemagick: Adding static file /Users/ashish.sinha/Documents/project/sinashish.github.io/_site/assets/img/publication_preview/unpose-1400.webp
       Imagemagick: Adding static file /Users/ashish.sinha/Documents/project/sinashish.github.io/_site/assets/img/publication_preview/mensa-480.webp
       Imagemagick: Adding static file /Users/ashish.sinha/Documents/project/sinashish.github.io/_site/assets/img/publication_preview/mensa-800.webp
       Imagemagick: Adding static file /Users/ashish.sinha/Documents/project/sinashish.github.io/_site/assets/img/publication_preview/mensa-1400.webp
       Imagemagick: Generated 0 file(s)
       Jekyll Feed: Generating feed for posts
         AutoPages: Disabled/Not configured in site.config.
        Pagination: Complete, processed 1 pagination page(s)
[33m           Warning: Empty `slug` generated for ''.[0m
                    ...done in 6.011533 seconds.
                    
      Regenerating: 2 file(s) changed at 2026-09-06 14:12:34
                    assets/img/news/frisbee_1.jpeg
                    assets/img/news/frisbee_2.jpeg
Terser: Minifying /Users/ashish.sinha/Documents/project/sinashish.github.io/assets/js/bibsearch.js
Terser: Minifying /Users/ashish.sinha/Documents/project/sinashish.github.io/assets/js/chartjs-setup.js
Terser: Minifying /Users/ashish.sinha/Documents/project/sinashish.github.io/assets/js/common.js
Terser: Minifying /Users/ashish.sinha/Documents/project/sinashish.github.io/assets/js/copy_code.js
Terser: Minifying /Users/ashish.sinha/Documents/project/sinashish.github.io/assets/js/diff2html-setup.js
Terser: Minifying /Users/ashish.sinha/Documents/project/sinashish.github.io/assets/js/distillpub/overrides.js
Terser: Minifying /Users/ashish.sinha/Documents/project/sinashish.github.io/assets/js/distillpub/template.v2.js
Terser: Minifying /Users/ashish.sinha/Documents/project/sinashish.github.io/assets/js/distillpub/transforms.v2.js
Terser: Minifying /Users/ashish.sinha/Documents/project/sinashish.github.io/assets/js/echarts-setup.js
Terser: Minifying /Users/ashish.sinha/Documents/project/sinashish.github.io/assets/js/highlight-search-term.js
Terser: Minifying /Users/ashish.sinha/Documents/project/sinashish.github.io/assets/js/jupyter_new_tab.js
Terser: Minifying /Users/ashish.sinha/Documents/project/sinashish.github.io/assets/js/leaflet-setup.js
Terser: Minifying /Users/ashish.sinha/Documents/project/sinashish.github.io/assets/js/masonry.js
Terser: Minifying /Users/ashish.sinha/Documents/project/sinashish.github.io/assets/js/mathjax-setup.js
Terser: Minifying /Users/ashish.sinha/Documents/project/sinashish.github.io/assets/js/mermaid-setup.js
Terser: Minifying /Users/ashish.sinha/Documents/project/sinashish.github.io/assets/js/newsletter.js
Terser: Minifying /Users/ashish.sinha/Documents/project/sinashish.github.io/assets/js/no_defer.js
Terser: Minifying /Users/ashish.sinha/Documents/project/sinashish.github.io/assets/js/plotly-setup.js
Terser: Minifying /Users/ashish.sinha/Documents/project/sinashish.github.io/assets/js/progress-bar.js
Terser: Minifying /Users/ashish.sinha/Documents/project/sinashish.github.io/assets/js/pseudocode-setup.js
Terser: Minifying /Users/ashish.sinha/Documents/project/sinashish.github.io/assets/js/search-setup.js
Terser: Minifying /Users/ashish.sinha/Documents/project/sinashish.github.io/assets/js/shortcut-key.js
Terser: Minifying /Users/ashish.sinha/Documents/project/sinashish.github.io/assets/js/theme.js
Terser: Minifying /Users/ashish.sinha/Documents/project/sinashish.github.io/assets/js/tooltips-setup.js
Terser: Minifying /Users/ashish.sinha/Documents/project/sinashish.github.io/assets/js/typograms.js
Terser: Minifying /Users/ashish.sinha/Documents/project/sinashish.github.io/assets/js/vega-setup.js
Terser: Minifying /Users/ashish.sinha/Documents/project/sinashish.github.io/assets/js/venobox-setup.js
Terser: Minifying /Users/ashish.sinha/Documents/project/sinashish.github.io/assets/js/wechat.js
Terser: Minifying /Users/ashish.sinha/Documents/project/sinashish.github.io/assets/js/zoom.js
Terser: Minifying /Users/ashish.sinha/Documents/project/sinashish.github.io/old-site/libs/custom/my_js.js
Terser: Minifying /Users/ashish.sinha/Documents/project/sinashish.github.io/old-site/libs/external/skeleton_tabs/skeleton-tabs.js
       Imagemagick: Searching files in /Users/ashish.sinha/Documents/project/sinashish.github.io/assets/img/
       Imagemagick: Adding static file /Users/ashish.sinha/Documents/project/sinashish.github.io/_site/assets/img/book_covers/the_godfather-480.webp
       Imagemagick: Adding static file /Users/ashish.sinha/Documents/project/sinashish.github.io/_site/assets/img/book_covers/the_godfather-800.webp
       Imagemagick: Adding static file /Users/ashish.sinha/Documents/project/sinashish.github.io/_site/assets/img/book_covers/the_godfather-1400.webp
       Imagemagick: Adding static file /Users/ashish.sinha/Documents/project/sinashish.github.io/_site/assets/img/posts/selection-480.webp
       Imagemagick: Adding static file /Users/ashish.sinha/Documents/project/sinashish.github.io/_site/assets/img/posts/selection-800.webp
       Imagemagick: Adding static file /Users/ashish.sinha/Documents/project/sinashish.github.io/_site/assets/img/posts/selection-1400.webp
       Imagemagick: Adding static file /Users/ashish.sinha/Documents/project/sinashish.github.io/_site/assets/img/publication_preview/dimple-480.webp
       Imagemagick: Adding static file /Users/ashish.sinha/Documents/project/sinashish.github.io/_site/assets/img/publication_preview/dimple-800.webp
       Imagemagick: Adding static file /Users/ashish.sinha/Documents/project/sinashish.github.io/_site/assets/img/publication_preview/dimple-1400.webp
       Imagemagick: Adding static file /Users/ashish.sinha/Documents/project/sinashish.github.io/_site/assets/img/publication_preview/msa-480.webp
       Imagemagick: Adding static file /Users/ashish.sinha/Documents/project/sinashish.github.io/_site/assets/img/publication_preview/msa-800.webp
       Imagemagick: Adding static file /Users/ashish.sinha/Documents/project/sinashish.github.io/_site/assets/img/publication_preview/msa-1400.webp
       Imagemagick: Adding static file /Users/ashish.sinha/Documents/project/sinashish.github.io/_site/assets/img/publication_preview/msc-thesis-480.webp
       Imagemagick: Adding static file /Users/ashish.sinha/Documents/project/sinashish.github.io/_site/assets/img/publication_preview/msc-thesis-800.webp
       Imagemagick: Adding static file /Users/ashish.sinha/Documents/project/sinashish.github.io/_site/assets/img/publication_preview/msc-thesis-1400.webp
       Imagemagick: Adding static file /Users/ashish.sinha/Documents/project/sinashish.github.io/_site/assets/img/publication_preview/trind-480.webp
       Imagemagick: Adding static file /Users/ashish.sinha/Documents/project/sinashish.github.io/_site/assets/img/publication_preview/trind-800.webp
       Imagemagick: Adding static file /Users/ashish.sinha/Documents/project/sinashish.github.io/_site/assets/img/publication_preview/trind-1400.webp
       Imagemagick: Adding static file /Users/ashish.sinha/Documents/project/sinashish.github.io/_site/assets/img/publication_preview/demoire-480.webp
       Imagemagick: Adding static file /Users/ashish.sinha/Documents/project/sinashish.github.io/_site/assets/img/publication_preview/demoire-800.webp
       Imagemagick: Adding static file /Users/ashish.sinha/Documents/project/sinashish.github.io/_site/assets/img/publication_preview/demoire-1400.webp
       Imagemagick: Adding static file /Users/ashish.sinha/Documents/project/sinashish.github.io/_site/assets/img/publication_preview/dermsynth3d-480.webp
       Imagemagick: Adding static file /Users/ashish.sinha/Documents/project/sinashish.github.io/_site/assets/img/publication_preview/dermsynth3d-800.webp
       Imagemagick: Adding static file /Users/ashish.sinha/Documents/project/sinashish.github.io/_site/assets/img/publication_preview/dermsynth3d-1400.webp
       Imagemagick: Adding static file /Users/ashish.sinha/Documents/project/sinashish.github.io/_site/assets/img/publication_preview/gagan-480.webp
       Imagemagick: Adding static file /Users/ashish.sinha/Documents/project/sinashish.github.io/_site/assets/img/publication_preview/gagan-800.webp
       Imagemagick: Adding static file /Users/ashish.sinha/Documents/project/sinashish.github.io/_site/assets/img/publication_preview/gagan-1400.webp
       Imagemagick: Adding static file /Users/ashish.sinha/Documents/project/sinashish.github.io/_site/assets/img/publication_preview/ethical-480.webp
       Imagemagick: Adding static file /Users/ashish.sinha/Documents/project/sinashish.github.io/_site/assets/img/publication_preview/ethical-800.webp
       Imagemagick: Adding static file /Users/ashish.sinha/Documents/project/sinashish.github.io/_site/assets/img/publication_preview/ethical-1400.webp
       Imagemagick: Adding static file /Users/ashish.sinha/Documents/project/sinashish.github.io/_site/assets/img/publication_preview/unpose-480.webp
       Imagemagick: Adding static file /Users/ashish.sinha/Documents/project/sinashish.github.io/_site/assets/img/publication_preview/unpose-800.webp
       Imagemagick: Adding static file /Users/ashish.sinha/Documents/project/sinashish.github.io/_site/assets/img/publication_preview/unpose-1400.webp
       Imagemagick: Adding static file /Users/ashish.sinha/Documents/project/sinashish.github.io/_site/assets/img/publication_preview/mensa-480.webp
       Imagemagick: Adding static file /Users/ashish.sinha/Documents/project/sinashish.github.io/_site/assets/img/publication_preview/mensa-800.webp
       Imagemagick: Adding static file /Users/ashish.sinha/Documents/project/sinashish.github.io/_site/assets/img/publication_preview/mensa-1400.webp
       Imagemagick: Generating image "/Users/ashish.sinha/Documents/project/sinashish.github.io/_site/assets/img/news/frisbee_1-480.webp"
       Imagemagick: Adding static file /Users/ashish.sinha/Documents/project/sinashish.github.io/_site/assets/img/news/frisbee_1-480.webp
       Imagemagick: Generating image "/Users/ashish.sinha/Documents/project/sinashish.github.io/_site/assets/img/news/frisbee_1-800.webp"
       Imagemagick: Adding static file /Users/ashish.sinha/Documents/project/sinashish.github.io/_site/assets/img/news/frisbee_1-800.webp
       Imagemagick: Generating image "/Users/ashish.sinha/Documents/project/sinashish.github.io/_site/assets/img/news/frisbee_1-1400.webp"
       Imagemagick: Adding static file /Users/ashish.sinha/Documents/project/sinashish.github.io/_site/assets/img/news/frisbee_1-1400.webp
       Imagemagick: Generating image "/Users/ashish.sinha/Documents/project/sinashish.github.io/_site/assets/img/news/frisbee_2-480.webp"
       Imagemagick: Adding static file /Users/ashish.sinha/Documents/project/sinashish.github.io/_site/assets/img/news/frisbee_2-480.webp
       Imagemagick: Generating image "/Users/ashish.sinha/Documents/project/sinashish.github.io/_site/assets/img/news/frisbee_2-800.webp"
       Imagemagick: Adding static file /Users/ashish.sinha/Documents/project/sinashish.github.io/_site/assets/img/news/frisbee_2-800.webp
       Imagemagick: Generating image "/Users/ashish.sinha/Documents/project/sinashish.github.io/_site/assets/img/news/frisbee_2-1400.webp"
       Imagemagick: Adding static file /Users/ashish.sinha/Documents/project/sinashish.github.io/_site/assets/img/news/frisbee_2-1400.webp
       Imagemagick: Generated 6 file(s)
       Jekyll Feed: Generating feed for posts
         AutoPages: Disabled/Not configured in site.config.
        Pagination: Complete, processed 1 pagination page(s)
[33m           Warning: Empty `slug` generated for ''.[0m
                    ...done in 10.056126 seconds.
                    
      Regenerating: 4 file(s) changed at 2026-09-06 14:12:44
                    assets/img/news/frisbee_1.webp
                    assets/img/news/frisbee_2.webp
                    assets/img/news/frisbee_1.jpeg
                    assets/img/news/frisbee_2.jpeg
Terser: Minifying /Users/ashish.sinha/Documents/project/sinashish.github.io/assets/js/bibsearch.js
Terser: Minifying /Users/ashish.sinha/Documents/project/sinashish.github.io/assets/js/chartjs-setup.js
Terser: Minifying /Users/ashish.sinha/Documents/project/sinashish.github.io/assets/js/common.js
Terser: Minifying /Users/ashish.sinha/Documents/project/sinashish.github.io/assets/js/copy_code.js
Terser: Minifying /Users/ashish.sinha/Documents/project/sinashish.github.io/assets/js/diff2html-setup.js
Terser: Minifying /Users/ashish.sinha/Documents/project/sinashish.github.io/assets/js/distillpub/overrides.js
Terser: Minifying /Users/ashish.sinha/Documents/project/sinashish.github.io/assets/js/distillpub/template.v2.js
Terser: Minifying /Users/ashish.sinha/Documents/project/sinashish.github.io/assets/js/distillpub/transforms.v2.js
Terser: Minifying /Users/ashish.sinha/Documents/project/sinashish.github.io/assets/js/echarts-setup.js
Terser: Minifying /Users/ashish.sinha/Documents/project/sinashish.github.io/assets/js/highlight-search-term.js
Terser: Minifying /Users/ashish.sinha/Documents/project/sinashish.github.io/assets/js/jupyter_new_tab.js
Terser: Minifying /Users/ashish.sinha/Documents/project/sinashish.github.io/assets/js/leaflet-setup.js
Terser: Minifying /Users/ashish.sinha/Documents/project/sinashish.github.io/assets/js/masonry.js
Terser: Minifying /Users/ashish.sinha/Documents/project/sinashish.github.io/assets/js/mathjax-setup.js
Terser: Minifying /Users/ashish.sinha/Documents/project/sinashish.github.io/assets/js/mermaid-setup.js
Terser: Minifying /Users/ashish.sinha/Documents/project/sinashish.github.io/assets/js/newsletter.js
Terser: Minifying /Users/ashish.sinha/Documents/project/sinashish.github.io/assets/js/no_defer.js
Terser: Minifying /Users/ashish.sinha/Documents/project/sinashish.github.io/assets/js/plotly-setup.js
Terser: Minifying /Users/ashish.sinha/Documents/project/sinashish.github.io/assets/js/progress-bar.js
Terser: Minifying /Users/ashish.sinha/Documents/project/sinashish.github.io/assets/js/pseudocode-setup.js
Terser: Minifying /Users/ashish.sinha/Documents/project/sinashish.github.io/assets/js/search-setup.js
Terser: Minifying /Users/ashish.sinha/Documents/project/sinashish.github.io/assets/js/shortcut-key.js
Terser: Minifying /Users/ashish.sinha/Documents/project/sinashish.github.io/assets/js/theme.js
Terser: Minifying /Users/ashish.sinha/Documents/project/sinashish.github.io/assets/js/tooltips-setup.js
Terser: Minifying /Users/ashish.sinha/Documents/project/sinashish.github.io/assets/js/typograms.js
Terser: Minifying /Users/ashish.sinha/Documents/project/sinashish.github.io/assets/js/vega-setup.js
Terser: Minifying /Users/ashish.sinha/Documents/project/sinashish.github.io/assets/js/venobox-setup.js
Terser: Minifying /Users/ashish.sinha/Documents/project/sinashish.github.io/assets/js/wechat.js
Terser: Minifying /Users/ashish.sinha/Documents/project/sinashish.github.io/assets/js/zoom.js
Terser: Minifying /Users/ashish.sinha/Documents/project/sinashish.github.io/old-site/libs/custom/my_js.js
Terser: Minifying /Users/ashish.sinha/Documents/project/sinashish.github.io/old-site/libs/external/skeleton_tabs/skeleton-tabs.js
       Imagemagick: Searching files in /Users/ashish.sinha/Documents/project/sinashish.github.io/assets/img/
       Imagemagick: Adding static file /Users/ashish.sinha/Documents/project/sinashish.github.io/_site/assets/img/book_covers/the_godfather-480.webp
       Imagemagick: Adding static file /Users/ashish.sinha/Documents/project/sinashish.github.io/_site/assets/img/book_covers/the_godfather-800.webp
       Imagemagick: Adding static file /Users/ashish.sinha/Documents/project/sinashish.github.io/_site/assets/img/book_covers/the_godfather-1400.webp
       Imagemagick: Adding static file /Users/ashish.sinha/Documents/project/sinashish.github.io/_site/assets/img/posts/selection-480.webp
       Imagemagick: Adding static file /Users/ashish.sinha/Documents/project/sinashish.github.io/_site/assets/img/posts/selection-800.webp
       Imagemagick: Adding static file /Users/ashish.sinha/Documents/project/sinashish.github.io/_site/assets/img/posts/selection-1400.webp
       Imagemagick: Adding static file /Users/ashish.sinha/Documents/project/sinashish.github.io/_site/assets/img/publication_preview/dimple-480.webp
       Imagemagick: Adding static file /Users/ashish.sinha/Documents/project/sinashish.github.io/_site/assets/img/publication_preview/dimple-800.webp
       Imagemagick: Adding static file /Users/ashish.sinha/Documents/project/sinashish.github.io/_site/assets/img/publication_preview/dimple-1400.webp
       Imagemagick: Adding static file /Users/ashish.sinha/Documents/project/sinashish.github.io/_site/assets/img/publication_preview/msa-480.webp
       Imagemagick: Adding static file /Users/ashish.sinha/Documents/project/sinashish.github.io/_site/assets/img/publication_preview/msa-800.webp
       Imagemagick: Adding static file /Users/ashish.sinha/Documents/project/sinashish.github.io/_site/assets/img/publication_preview/msa-1400.webp
       Imagemagick: Adding static file /Users/ashish.sinha/Documents/project/sinashish.github.io/_site/assets/img/publication_preview/msc-thesis-480.webp
       Imagemagick: Adding static file /Users/ashish.sinha/Documents/project/sinashish.github.io/_site/assets/img/publication_preview/msc-thesis-800.webp
       Imagemagick: Adding static file /Users/ashish.sinha/Documents/project/sinashish.github.io/_site/assets/img/publication_preview/msc-thesis-1400.webp
       Imagemagick: Adding static file /Users/ashish.sinha/Documents/project/sinashish.github.io/_site/assets/img/publication_preview/trind-480.webp
       Imagemagick: Adding static file /Users/ashish.sinha/Documents/project/sinashish.github.io/_site/assets/img/publication_preview/trind-800.webp
       Imagemagick: Adding static file /Users/ashish.sinha/Documents/project/sinashish.github.io/_site/assets/img/publication_preview/trind-1400.webp
       Imagemagick: Adding static file /Users/ashish.sinha/Documents/project/sinashish.github.io/_site/assets/img/publication_preview/demoire-480.webp
       Imagemagick: Adding static file /Users/ashish.sinha/Documents/project/sinashish.github.io/_site/assets/img/publication_preview/demoire-800.webp
       Imagemagick: Adding static file /Users/ashish.sinha/Documents/project/sinashish.github.io/_site/assets/img/publication_preview/demoire-1400.webp
       Imagemagick: Adding static file /Users/ashish.sinha/Documents/project/sinashish.github.io/_site/assets/img/publication_preview/dermsynth3d-480.webp
       Imagemagick: Adding static file /Users/ashish.sinha/Documents/project/sinashish.github.io/_site/assets/img/publication_preview/dermsynth3d-800.webp
       Imagemagick: Adding static file /Users/ashish.sinha/Documents/project/sinashish.github.io/_site/assets/img/publication_preview/dermsynth3d-1400.webp
       Imagemagick: Adding static file /Users/ashish.sinha/Documents/project/sinashish.github.io/_site/assets/img/publication_preview/gagan-480.webp
       Imagemagick: Adding static file /Users/ashish.sinha/Documents/project/sinashish.github.io/_site/assets/img/publication_preview/gagan-800.webp
       Imagemagick: Adding static file /Users/ashish.sinha/Documents/project/sinashish.github.io/_site/assets/img/publication_preview/gagan-1400.webp
       Imagemagick: Adding static file /Users/ashish.sinha/Documents/project/sinashish.github.io/_site/assets/img/publication_preview/ethical-480.webp
       Imagemagick: Adding static file /Users/ashish.sinha/Documents/project/sinashish.github.io/_site/assets/img/publication_preview/ethical-800.webp
       Imagemagick: Adding static file /Users/ashish.sinha/Documents/project/sinashish.github.io/_site/assets/img/publication_preview/ethical-1400.webp
       Imagemagick: Adding static file /Users/ashish.sinha/Documents/project/sinashish.github.io/_site/assets/img/publication_preview/unpose-480.webp
       Imagemagick: Adding static file /Users/ashish.sinha/Documents/project/sinashish.github.io/_site/assets/img/publication_preview/unpose-800.webp
       Imagemagick: Adding static file /Users/ashish.sinha/Documents/project/sinashish.github.io/_site/assets/img/publication_preview/unpose-1400.webp
       Imagemagick: Adding static file /Users/ashish.sinha/Documents/project/sinashish.github.io/_site/assets/img/publication_preview/mensa-480.webp
       Imagemagick: Adding static file /Users/ashish.sinha/Documents/project/sinashish.github.io/_site/assets/img/publication_preview/mensa-800.webp
       Imagemagick: Adding static file /Users/ashish.sinha/Documents/project/sinashish.github.io/_site/assets/img/publication_preview/mensa-1400.webp
       Imagemagick: Generated 0 file(s)
       Jekyll Feed: Generating feed for posts
         AutoPages: Disabled/Not configured in site.config.
        Pagination: Complete, processed 1 pagination page(s)
[33m           Warning: Empty `slug` generated for ''.[0m
                    ...done in 5.823614 seconds.
                    
      Regenerating: 1 file(s) changed at 2026-09-06 14:12:58
                    _news/frisbee.md
Terser: Minifying /Users/ashish.sinha/Documents/project/sinashish.github.io/assets/js/bibsearch.js
Terser: Minifying /Users/ashish.sinha/Documents/project/sinashish.github.io/assets/js/chartjs-setup.js
Terser: Minifying /Users/ashish.sinha/Documents/project/sinashish.github.io/assets/js/common.js
Terser: Minifying /Users/ashish.sinha/Documents/project/sinashish.github.io/assets/js/copy_code.js
Terser: Minifying /Users/ashish.sinha/Documents/project/sinashish.github.io/assets/js/diff2html-setup.js
Terser: Minifying /Users/ashish.sinha/Documents/project/sinashish.github.io/assets/js/distillpub/overrides.js
Terser: Minifying /Users/ashish.sinha/Documents/project/sinashish.github.io/assets/js/distillpub/template.v2.js
Terser: Minifying /Users/ashish.sinha/Documents/project/sinashish.github.io/assets/js/distillpub/transforms.v2.js
Terser: Minifying /Users/ashish.sinha/Documents/project/sinashish.github.io/assets/js/echarts-setup.js
Terser: Minifying /Users/ashish.sinha/Documents/project/sinashish.github.io/assets/js/highlight-search-term.js
Terser: Minifying /Users/ashish.sinha/Documents/project/sinashish.github.io/assets/js/jupyter_new_tab.js
Terser: Minifying /Users/ashish.sinha/Documents/project/sinashish.github.io/assets/js/leaflet-setup.js
Terser: Minifying /Users/ashish.sinha/Documents/project/sinashish.github.io/assets/js/masonry.js
Terser: Minifying /Users/ashish.sinha/Documents/project/sinashish.github.io/assets/js/mathjax-setup.js
Terser: Minifying /Users/ashish.sinha/Documents/project/sinashish.github.io/assets/js/mermaid-setup.js
Terser: Minifying /Users/ashish.sinha/Documents/project/sinashish.github.io/assets/js/newsletter.js
Terser: Minifying /Users/ashish.sinha/Documents/project/sinashish.github.io/assets/js/no_defer.js
Terser: Minifying /Users/ashish.sinha/Documents/project/sinashish.github.io/assets/js/plotly-setup.js
Terser: Minifying /Users/ashish.sinha/Documents/project/sinashish.github.io/assets/js/progress-bar.js
Terser: Minifying /Users/ashish.sinha/Documents/project/sinashish.github.io/assets/js/pseudocode-setup.js
Terser: Minifying /Users/ashish.sinha/Documents/project/sinashish.github.io/assets/js/search-setup.js
Terser: Minifying /Users/ashish.sinha/Documents/project/sinashish.github.io/assets/js/shortcut-key.js
Terser: Minifying /Users/ashish.sinha/Documents/project/sinashish.github.io/assets/js/theme.js
Terser: Minifying /Users/ashish.sinha/Documents/project/sinashish.github.io/assets/js/tooltips-setup.js
Terser: Minifying /Users/ashish.sinha/Documents/project/sinashish.github.io/assets/js/typograms.js
Terser: Minifying /Users/ashish.sinha/Documents/project/sinashish.github.io/assets/js/vega-setup.js
Terser: Minifying /Users/ashish.sinha/Documents/project/sinashish.github.io/assets/js/venobox-setup.js
Terser: Minifying /Users/ashish.sinha/Documents/project/sinashish.github.io/assets/js/wechat.js
Terser: Minifying /Users/ashish.sinha/Documents/project/sinashish.github.io/assets/js/zoom.js
Terser: Minifying /Users/ashish.sinha/Documents/project/sinashish.github.io/old-site/libs/custom/my_js.js
Terser: Minifying /Users/ashish.sinha/Documents/project/sinashish.github.io/old-site/libs/external/skeleton_tabs/skeleton-tabs.js
       Imagemagick: Searching files in /Users/ashish.sinha/Documents/project/sinashish.github.io/assets/img/
       Imagemagick: Adding static file /Users/ashish.sinha/Documents/project/sinashish.github.io/_site/assets/img/book_covers/the_godfather-480.webp
       Imagemagick: Adding static file /Users/ashish.sinha/Documents/project/sinashish.github.io/_site/assets/img/book_covers/the_godfather-800.webp
       Imagemagick: Adding static file /Users/ashish.sinha/Documents/project/sinashish.github.io/_site/assets/img/book_covers/the_godfather-1400.webp
       Imagemagick: Adding static file /Users/ashish.sinha/Documents/project/sinashish.github.io/_site/assets/img/posts/selection-480.webp
       Imagemagick: Adding static file /Users/ashish.sinha/Documents/project/sinashish.github.io/_site/assets/img/posts/selection-800.webp
       Imagemagick: Adding static file /Users/ashish.sinha/Documents/project/sinashish.github.io/_site/assets/img/posts/selection-1400.webp
       Imagemagick: Adding static file /Users/ashish.sinha/Documents/project/sinashish.github.io/_site/assets/img/publication_preview/dimple-480.webp
       Imagemagick: Adding static file /Users/ashish.sinha/Documents/project/sinashish.github.io/_site/assets/img/publication_preview/dimple-800.webp
       Imagemagick: Adding static file /Users/ashish.sinha/Documents/project/sinashish.github.io/_site/assets/img/publication_preview/dimple-1400.webp
       Imagemagick: Adding static file /Users/ashish.sinha/Documents/project/sinashish.github.io/_site/assets/img/publication_preview/msa-480.webp
       Imagemagick: Adding static file /Users/ashish.sinha/Documents/project/sinashish.github.io/_site/assets/img/publication_preview/msa-800.webp
       Imagemagick: Adding static file /Users/ashish.sinha/Documents/project/sinashish.github.io/_site/assets/img/publication_preview/msa-1400.webp
       Imagemagick: Adding static file /Users/ashish.sinha/Documents/project/sinashish.github.io/_site/assets/img/publication_preview/msc-thesis-480.webp
       Imagemagick: Adding static file /Users/ashish.sinha/Documents/project/sinashish.github.io/_site/assets/img/publication_preview/msc-thesis-800.webp
       Imagemagick: Adding static file /Users/ashish.sinha/Documents/project/sinashish.github.io/_site/assets/img/publication_preview/msc-thesis-1400.webp
       Imagemagick: Adding static file /Users/ashish.sinha/Documents/project/sinashish.github.io/_site/assets/img/publication_preview/trind-480.webp
       Imagemagick: Adding static file /Users/ashish.sinha/Documents/project/sinashish.github.io/_site/assets/img/publication_preview/trind-800.webp
       Imagemagick: Adding static file /Users/ashish.sinha/Documents/project/sinashish.github.io/_site/assets/img/publication_preview/trind-1400.webp
       Imagemagick: Adding static file /Users/ashish.sinha/Documents/project/sinashish.github.io/_site/assets/img/publication_preview/demoire-480.webp
       Imagemagick: Adding static file /Users/ashish.sinha/Documents/project/sinashish.github.io/_site/assets/img/publication_preview/demoire-800.webp
       Imagemagick: Adding static file /Users/ashish.sinha/Documents/project/sinashish.github.io/_site/assets/img/publication_preview/demoire-1400.webp
       Imagemagick: Adding static file /Users/ashish.sinha/Documents/project/sinashish.github.io/_site/assets/img/publication_preview/dermsynth3d-480.webp
       Imagemagick: Adding static file /Users/ashish.sinha/Documents/project/sinashish.github.io/_site/assets/img/publication_preview/dermsynth3d-800.webp
       Imagemagick: Adding static file /Users/ashish.sinha/Documents/project/sinashish.github.io/_site/assets/img/publication_preview/dermsynth3d-1400.webp
       Imagemagick: Adding static file /Users/ashish.sinha/Documents/project/sinashish.github.io/_site/assets/img/publication_preview/gagan-480.webp
       Imagemagick: Adding static file /Users/ashish.sinha/Documents/project/sinashish.github.io/_site/assets/img/publication_preview/gagan-800.webp
       Imagemagick: Adding static file /Users/ashish.sinha/Documents/project/sinashish.github.io/_site/assets/img/publication_preview/gagan-1400.webp
       Imagemagick: Adding static file /Users/ashish.sinha/Documents/project/sinashish.github.io/_site/assets/img/publication_preview/ethical-480.webp
       Imagemagick: Adding static file /Users/ashish.sinha/Documents/project/sinashish.github.io/_site/assets/img/publication_preview/ethical-800.webp
       Imagemagick: Adding static file /Users/ashish.sinha/Documents/project/sinashish.github.io/_site/assets/img/publication_preview/ethical-1400.webp
       Imagemagick: Adding static file /Users/ashish.sinha/Documents/project/sinashish.github.io/_site/assets/img/publication_preview/unpose-480.webp
       Imagemagick: Adding static file /Users/ashish.sinha/Documents/project/sinashish.github.io/_site/assets/img/publication_preview/unpose-800.webp
       Imagemagick: Adding static file /Users/ashish.sinha/Documents/project/sinashish.github.io/_site/assets/img/publication_preview/unpose-1400.webp
       Imagemagick: Adding static file /Users/ashish.sinha/Documents/project/sinashish.github.io/_site/assets/img/publication_preview/mensa-480.webp
       Imagemagick: Adding static file /Users/ashish.sinha/Documents/project/sinashish.github.io/_site/assets/img/publication_preview/mensa-800.webp
       Imagemagick: Adding static file /Users/ashish.sinha/Documents/project/sinashish.github.io/_site/assets/img/publication_preview/mensa-1400.webp
       Imagemagick: Generated 0 file(s)
       Jekyll Feed: Generating feed for posts
         AutoPages: Disabled/Not configured in site.config.
        Pagination: Complete, processed 1 pagination page(s)
[33m           Warning: Empty `slug` generated for ''.[0m
                    ...done in 5.860094 seconds.
                    
      Regenerating: 1 file(s) changed at 2026-09-06 14:13:22
                    _news/frisbee.md
Terser: Minifying /Users/ashish.sinha/Documents/project/sinashish.github.io/assets/js/bibsearch.js
Terser: Minifying /Users/ashish.sinha/Documents/project/sinashish.github.io/assets/js/chartjs-setup.js
Terser: Minifying /Users/ashish.sinha/Documents/project/sinashish.github.io/assets/js/common.js
Terser: Minifying /Users/ashish.sinha/Documents/project/sinashish.github.io/assets/js/copy_code.js
Terser: Minifying /Users/ashish.sinha/Documents/project/sinashish.github.io/assets/js/diff2html-setup.js
Terser: Minifying /Users/ashish.sinha/Documents/project/sinashish.github.io/assets/js/distillpub/overrides.js
Terser: Minifying /Users/ashish.sinha/Documents/project/sinashish.github.io/assets/js/distillpub/template.v2.js
Terser: Minifying /Users/ashish.sinha/Documents/project/sinashish.github.io/assets/js/distillpub/transforms.v2.js
Terser: Minifying /Users/ashish.sinha/Documents/project/sinashish.github.io/assets/js/echarts-setup.js
Terser: Minifying /Users/ashish.sinha/Documents/project/sinashish.github.io/assets/js/highlight-search-term.js
Terser: Minifying /Users/ashish.sinha/Documents/project/sinashish.github.io/assets/js/jupyter_new_tab.js
Terser: Minifying /Users/ashish.sinha/Documents/project/sinashish.github.io/assets/js/leaflet-setup.js
Terser: Minifying /Users/ashish.sinha/Documents/project/sinashish.github.io/assets/js/masonry.js
Terser: Minifying /Users/ashish.sinha/Documents/project/sinashish.github.io/assets/js/mathjax-setup.js
Terser: Minifying /Users/ashish.sinha/Documents/project/sinashish.github.io/assets/js/mermaid-setup.js
Terser: Minifying /Users/ashish.sinha/Documents/project/sinashish.github.io/assets/js/newsletter.js
Terser: Minifying /Users/ashish.sinha/Documents/project/sinashish.github.io/assets/js/no_defer.js
Terser: Minifying /Users/ashish.sinha/Documents/project/sinashish.github.io/assets/js/plotly-setup.js
Terser: Minifying /Users/ashish.sinha/Documents/project/sinashish.github.io/assets/js/progress-bar.js
Terser: Minifying /Users/ashish.sinha/Documents/project/sinashish.github.io/assets/js/pseudocode-setup.js
Terser: Minifying /Users/ashish.sinha/Documents/project/sinashish.github.io/assets/js/search-setup.js
Terser: Minifying /Users/ashish.sinha/Documents/project/sinashish.github.io/assets/js/shortcut-key.js
Terser: Minifying /Users/ashish.sinha/Documents/project/sinashish.github.io/assets/js/theme.js
Terser: Minifying /Users/ashish.sinha/Documents/project/sinashish.github.io/assets/js/tooltips-setup.js
Terser: Minifying /Users/ashish.sinha/Documents/project/sinashish.github.io/assets/js/typograms.js
Terser: Minifying /Users/ashish.sinha/Documents/project/sinashish.github.io/assets/js/vega-setup.js
Terser: Minifying /Users/ashish.sinha/Documents/project/sinashish.github.io/assets/js/venobox-setup.js
Terser: Minifying /Users/ashish.sinha/Documents/project/sinashish.github.io/assets/js/wechat.js
Terser: Minifying /Users/ashish.sinha/Documents/project/sinashish.github.io/assets/js/zoom.js
Terser: Minifying /Users/ashish.sinha/Documents/project/sinashish.github.io/old-site/libs/custom/my_js.js
Terser: Minifying /Users/ashish.sinha/Documents/project/sinashish.github.io/old-site/libs/external/skeleton_tabs/skeleton-tabs.js
       Imagemagick: Searching files in /Users/ashish.sinha/Documents/project/sinashish.github.io/assets/img/
       Imagemagick: Adding static file /Users/ashish.sinha/Documents/project/sinashish.github.io/_site/assets/img/book_covers/the_godfather-480.webp
       Imagemagick: Adding static file /Users/ashish.sinha/Documents/project/sinashish.github.io/_site/assets/img/book_covers/the_godfather-800.webp
       Imagemagick: Adding static file /Users/ashish.sinha/Documents/project/sinashish.github.io/_site/assets/img/book_covers/the_godfather-1400.webp
       Imagemagick: Adding static file /Users/ashish.sinha/Documents/project/sinashish.github.io/_site/assets/img/posts/selection-480.webp
       Imagemagick: Adding static file /Users/ashish.sinha/Documents/project/sinashish.github.io/_site/assets/img/posts/selection-800.webp
       Imagemagick: Adding static file /Users/ashish.sinha/Documents/project/sinashish.github.io/_site/assets/img/posts/selection-1400.webp
       Imagemagick: Adding static file /Users/ashish.sinha/Documents/project/sinashish.github.io/_site/assets/img/publication_preview/dimple-480.webp
       Imagemagick: Adding static file /Users/ashish.sinha/Documents/project/sinashish.github.io/_site/assets/img/publication_preview/dimple-800.webp
       Imagemagick: Adding static file /Users/ashish.sinha/Documents/project/sinashish.github.io/_site/assets/img/publication_preview/dimple-1400.webp
       Imagemagick: Adding static file /Users/ashish.sinha/Documents/project/sinashish.github.io/_site/assets/img/publication_preview/msa-480.webp
       Imagemagick: Adding static file /Users/ashish.sinha/Documents/project/sinashish.github.io/_site/assets/img/publication_preview/msa-800.webp
       Imagemagick: Adding static file /Users/ashish.sinha/Documents/project/sinashish.github.io/_site/assets/img/publication_preview/msa-1400.webp
       Imagemagick: Adding static file /Users/ashish.sinha/Documents/project/sinashish.github.io/_site/assets/img/publication_preview/msc-thesis-480.webp
       Imagemagick: Adding static file /Users/ashish.sinha/Documents/project/sinashish.github.io/_site/assets/img/publication_preview/msc-thesis-800.webp
       Imagemagick: Adding static file /Users/ashish.sinha/Documents/project/sinashish.github.io/_site/assets/img/publication_preview/msc-thesis-1400.webp
       Imagemagick: Adding static file /Users/ashish.sinha/Documents/project/sinashish.github.io/_site/assets/img/publication_preview/trind-480.webp
       Imagemagick: Adding static file /Users/ashish.sinha/Documents/project/sinashish.github.io/_site/assets/img/publication_preview/trind-800.webp
       Imagemagick: Adding static file /Users/ashish.sinha/Documents/project/sinashish.github.io/_site/assets/img/publication_preview/trind-1400.webp
       Imagemagick: Adding static file /Users/ashish.sinha/Documents/project/sinashish.github.io/_site/assets/img/publication_preview/demoire-480.webp
       Imagemagick: Adding static file /Users/ashish.sinha/Documents/project/sinashish.github.io/_site/assets/img/publication_preview/demoire-800.webp
       Imagemagick: Adding static file /Users/ashish.sinha/Documents/project/sinashish.github.io/_site/assets/img/publication_preview/demoire-1400.webp
       Imagemagick: Adding static file /Users/ashish.sinha/Documents/project/sinashish.github.io/_site/assets/img/publication_preview/dermsynth3d-480.webp
       Imagemagick: Adding static file /Users/ashish.sinha/Documents/project/sinashish.github.io/_site/assets/img/publication_preview/dermsynth3d-800.webp
       Imagemagick: Adding static file /Users/ashish.sinha/Documents/project/sinashish.github.io/_site/assets/img/publication_preview/dermsynth3d-1400.webp
       Imagemagick: Adding static file /Users/ashish.sinha/Documents/project/sinashish.github.io/_site/assets/img/publication_preview/gagan-480.webp
       Imagemagick: Adding static file /Users/ashish.sinha/Documents/project/sinashish.github.io/_site/assets/img/publication_preview/gagan-800.webp
       Imagemagick: Adding static file /Users/ashish.sinha/Documents/project/sinashish.github.io/_site/assets/img/publication_preview/gagan-1400.webp
       Imagemagick: Adding static file /Users/ashish.sinha/Documents/project/sinashish.github.io/_site/assets/img/publication_preview/ethical-480.webp
       Imagemagick: Adding static file /Users/ashish.sinha/Documents/project/sinashish.github.io/_site/assets/img/publication_preview/ethical-800.webp
       Imagemagick: Adding static file /Users/ashish.sinha/Documents/project/sinashish.github.io/_site/assets/img/publication_preview/ethical-1400.webp
       Imagemagick: Adding static file /Users/ashish.sinha/Documents/project/sinashish.github.io/_site/assets/img/publication_preview/unpose-480.webp
       Imagemagick: Adding static file /Users/ashish.sinha/Documents/project/sinashish.github.io/_site/assets/img/publication_preview/unpose-800.webp
       Imagemagick: Adding static file /Users/ashish.sinha/Documents/project/sinashish.github.io/_site/assets/img/publication_preview/unpose-1400.webp
       Imagemagick: Adding static file /Users/ashish.sinha/Documents/project/sinashish.github.io/_site/assets/img/publication_preview/mensa-480.webp
       Imagemagick: Adding static file /Users/ashish.sinha/Documents/project/sinashish.github.io/_site/assets/img/publication_preview/mensa-800.webp
       Imagemagick: Adding static file /Users/ashish.sinha/Documents/project/sinashish.github.io/_site/assets/img/publication_preview/mensa-1400.webp
       Imagemagick: Generated 0 file(s)
       Jekyll Feed: Generating feed for posts
         AutoPages: Disabled/Not configured in site.config.
        Pagination: Complete, processed 1 pagination page(s)
[33m           Warning: Empty `slug` generated for ''.[0m
                    ...done in 6.235308 seconds.
                    
      Regenerating: 4 file(s) changed at 2026-09-06 14:13:29
                    assets/img/photography/frisbee_2.webp
                    assets/img/photography/frisbee_1.webp
                    assets/img/news/frisbee_1.webp
                    assets/img/news/frisbee_2.webp
Terser: Minifying /Users/ashish.sinha/Documents/project/sinashish.github.io/assets/js/bibsearch.js
Terser: Minifying /Users/ashish.sinha/Documents/project/sinashish.github.io/assets/js/chartjs-setup.js
Terser: Minifying /Users/ashish.sinha/Documents/project/sinashish.github.io/assets/js/common.js
Terser: Minifying /Users/ashish.sinha/Documents/project/sinashish.github.io/assets/js/copy_code.js
Terser: Minifying /Users/ashish.sinha/Documents/project/sinashish.github.io/assets/js/diff2html-setup.js
Terser: Minifying /Users/ashish.sinha/Documents/project/sinashish.github.io/assets/js/distillpub/overrides.js
Terser: Minifying /Users/ashish.sinha/Documents/project/sinashish.github.io/assets/js/distillpub/template.v2.js
Terser: Minifying /Users/ashish.sinha/Documents/project/sinashish.github.io/assets/js/distillpub/transforms.v2.js
Terser: Minifying /Users/ashish.sinha/Documents/project/sinashish.github.io/assets/js/echarts-setup.js
Terser: Minifying /Users/ashish.sinha/Documents/project/sinashish.github.io/assets/js/highlight-search-term.js
Terser: Minifying /Users/ashish.sinha/Documents/project/sinashish.github.io/assets/js/jupyter_new_tab.js
Terser: Minifying /Users/ashish.sinha/Documents/project/sinashish.github.io/assets/js/leaflet-setup.js
Terser: Minifying /Users/ashish.sinha/Documents/project/sinashish.github.io/assets/js/masonry.js
Terser: Minifying /Users/ashish.sinha/Documents/project/sinashish.github.io/assets/js/mathjax-setup.js
Terser: Minifying /Users/ashish.sinha/Documents/project/sinashish.github.io/assets/js/mermaid-setup.js
Terser: Minifying /Users/ashish.sinha/Documents/project/sinashish.github.io/assets/js/newsletter.js
Terser: Minifying /Users/ashish.sinha/Documents/project/sinashish.github.io/assets/js/no_defer.js
Terser: Minifying /Users/ashish.sinha/Documents/project/sinashish.github.io/assets/js/plotly-setup.js
Terser: Minifying /Users/ashish.sinha/Documents/project/sinashish.github.io/assets/js/progress-bar.js
Terser: Minifying /Users/ashish.sinha/Documents/project/sinashish.github.io/assets/js/pseudocode-setup.js
Terser: Minifying /Users/ashish.sinha/Documents/project/sinashish.github.io/assets/js/search-setup.js
Terser: Minifying /Users/ashish.sinha/Documents/project/sinashish.github.io/assets/js/shortcut-key.js
Terser: Minifying /Users/ashish.sinha/Documents/project/sinashish.github.io/assets/js/theme.js
Terser: Minifying /Users/ashish.sinha/Documents/project/sinashish.github.io/assets/js/tooltips-setup.js
Terser: Minifying /Users/ashish.sinha/Documents/project/sinashish.github.io/assets/js/typograms.js
Terser: Minifying /Users/ashish.sinha/Documents/project/sinashish.github.io/assets/js/vega-setup.js
Terser: Minifying /Users/ashish.sinha/Documents/project/sinashish.github.io/assets/js/venobox-setup.js
Terser: Minifying /Users/ashish.sinha/Documents/project/sinashish.github.io/assets/js/wechat.js
Terser: Minifying /Users/ashish.sinha/Documents/project/sinashish.github.io/assets/js/zoom.js
Terser: Minifying /Users/ashish.sinha/Documents/project/sinashish.github.io/old-site/libs/custom/my_js.js
Terser: Minifying /Users/ashish.sinha/Documents/project/sinashish.github.io/old-site/libs/external/skeleton_tabs/skeleton-tabs.js
       Imagemagick: Searching files in /Users/ashish.sinha/Documents/project/sinashish.github.io/assets/img/
       Imagemagick: Adding static file /Users/ashish.sinha/Documents/project/sinashish.github.io/_site/assets/img/book_covers/the_godfather-480.webp
       Imagemagick: Adding static file /Users/ashish.sinha/Documents/project/sinashish.github.io/_site/assets/img/book_covers/the_godfather-800.webp
       Imagemagick: Adding static file /Users/ashish.sinha/Documents/project/sinashish.github.io/_site/assets/img/book_covers/the_godfather-1400.webp
       Imagemagick: Adding static file /Users/ashish.sinha/Documents/project/sinashish.github.io/_site/assets/img/posts/selection-480.webp
       Imagemagick: Adding static file /Users/ashish.sinha/Documents/project/sinashish.github.io/_site/assets/img/posts/selection-800.webp
       Imagemagick: Adding static file /Users/ashish.sinha/Documents/project/sinashish.github.io/_site/assets/img/posts/selection-1400.webp
       Imagemagick: Adding static file /Users/ashish.sinha/Documents/project/sinashish.github.io/_site/assets/img/publication_preview/dimple-480.webp
       Imagemagick: Adding static file /Users/ashish.sinha/Documents/project/sinashish.github.io/_site/assets/img/publication_preview/dimple-800.webp
       Imagemagick: Adding static file /Users/ashish.sinha/Documents/project/sinashish.github.io/_site/assets/img/publication_preview/dimple-1400.webp
       Imagemagick: Adding static file /Users/ashish.sinha/Documents/project/sinashish.github.io/_site/assets/img/publication_preview/msa-480.webp
       Imagemagick: Adding static file /Users/ashish.sinha/Documents/project/sinashish.github.io/_site/assets/img/publication_preview/msa-800.webp
       Imagemagick: Adding static file /Users/ashish.sinha/Documents/project/sinashish.github.io/_site/assets/img/publication_preview/msa-1400.webp
       Imagemagick: Adding static file /Users/ashish.sinha/Documents/project/sinashish.github.io/_site/assets/img/publication_preview/msc-thesis-480.webp
       Imagemagick: Adding static file /Users/ashish.sinha/Documents/project/sinashish.github.io/_site/assets/img/publication_preview/msc-thesis-800.webp
       Imagemagick: Adding static file /Users/ashish.sinha/Documents/project/sinashish.github.io/_site/assets/img/publication_preview/msc-thesis-1400.webp
       Imagemagick: Adding static file /Users/ashish.sinha/Documents/project/sinashish.github.io/_site/assets/img/publication_preview/trind-480.webp
       Imagemagick: Adding static file /Users/ashish.sinha/Documents/project/sinashish.github.io/_site/assets/img/publication_preview/trind-800.webp
       Imagemagick: Adding static file /Users/ashish.sinha/Documents/project/sinashish.github.io/_site/assets/img/publication_preview/trind-1400.webp
       Imagemagick: Adding static file /Users/ashish.sinha/Documents/project/sinashish.github.io/_site/assets/img/publication_preview/demoire-480.webp
       Imagemagick: Adding static file /Users/ashish.sinha/Documents/project/sinashish.github.io/_site/assets/img/publication_preview/demoire-800.webp
       Imagemagick: Adding static file /Users/ashish.sinha/Documents/project/sinashish.github.io/_site/assets/img/publication_preview/demoire-1400.webp
       Imagemagick: Adding static file /Users/ashish.sinha/Documents/project/sinashish.github.io/_site/assets/img/publication_preview/dermsynth3d-480.webp
       Imagemagick: Adding static file /Users/ashish.sinha/Documents/project/sinashish.github.io/_site/assets/img/publication_preview/dermsynth3d-800.webp
       Imagemagick: Adding static file /Users/ashish.sinha/Documents/project/sinashish.github.io/_site/assets/img/publication_preview/dermsynth3d-1400.webp
       Imagemagick: Adding static file /Users/ashish.sinha/Documents/project/sinashish.github.io/_site/assets/img/publication_preview/gagan-480.webp
       Imagemagick: Adding static file /Users/ashish.sinha/Documents/project/sinashish.github.io/_site/assets/img/publication_preview/gagan-800.webp
       Imagemagick: Adding static file /Users/ashish.sinha/Documents/project/sinashish.github.io/_site/assets/img/publication_preview/gagan-1400.webp
       Imagemagick: Adding static file /Users/ashish.sinha/Documents/project/sinashish.github.io/_site/assets/img/publication_preview/ethical-480.webp
       Imagemagick: Adding static file /Users/ashish.sinha/Documents/project/sinashish.github.io/_site/assets/img/publication_preview/ethical-800.webp
       Imagemagick: Adding static file /Users/ashish.sinha/Documents/project/sinashish.github.io/_site/assets/img/publication_preview/ethical-1400.webp
       Imagemagick: Adding static file /Users/ashish.sinha/Documents/project/sinashish.github.io/_site/assets/img/publication_preview/unpose-480.webp
       Imagemagick: Adding static file /Users/ashish.sinha/Documents/project/sinashish.github.io/_site/assets/img/publication_preview/unpose-800.webp
       Imagemagick: Adding static file /Users/ashish.sinha/Documents/project/sinashish.github.io/_site/assets/img/publication_preview/unpose-1400.webp
       Imagemagick: Adding static file /Users/ashish.sinha/Documents/project/sinashish.github.io/_site/assets/img/publication_preview/mensa-480.webp
       Imagemagick: Adding static file /Users/ashish.sinha/Documents/project/sinashish.github.io/_site/assets/img/publication_preview/mensa-800.webp
       Imagemagick: Adding static file /Users/ashish.sinha/Documents/project/sinashish.github.io/_site/assets/img/publication_preview/mensa-1400.webp
       Imagemagick: Generated 0 file(s)
       Jekyll Feed: Generating feed for posts
         AutoPages: Disabled/Not configured in site.config.
        Pagination: Complete, processed 1 pagination page(s)
[33m           Warning: Empty `slug` generated for ''.[0m
                    ...done in 5.931784 seconds.
                    
      Regenerating: 1 file(s) changed at 2026-09-06 14:13:35
                    _data/photography.yml
Terser: Minifying /Users/ashish.sinha/Documents/project/sinashish.github.io/assets/js/bibsearch.js
Terser: Minifying /Users/ashish.sinha/Documents/project/sinashish.github.io/assets/js/chartjs-setup.js
Terser: Minifying /Users/ashish.sinha/Documents/project/sinashish.github.io/assets/js/common.js
Terser: Minifying /Users/ashish.sinha/Documents/project/sinashish.github.io/assets/js/copy_code.js
Terser: Minifying /Users/ashish.sinha/Documents/project/sinashish.github.io/assets/js/diff2html-setup.js
Terser: Minifying /Users/ashish.sinha/Documents/project/sinashish.github.io/assets/js/distillpub/overrides.js
Terser: Minifying /Users/ashish.sinha/Documents/project/sinashish.github.io/assets/js/distillpub/template.v2.js
Terser: Minifying /Users/ashish.sinha/Documents/project/sinashish.github.io/assets/js/distillpub/transforms.v2.js
Terser: Minifying /Users/ashish.sinha/Documents/project/sinashish.github.io/assets/js/echarts-setup.js
Terser: Minifying /Users/ashish.sinha/Documents/project/sinashish.github.io/assets/js/highlight-search-term.js
Terser: Minifying /Users/ashish.sinha/Documents/project/sinashish.github.io/assets/js/jupyter_new_tab.js
Terser: Minifying /Users/ashish.sinha/Documents/project/sinashish.github.io/assets/js/leaflet-setup.js
Terser: Minifying /Users/ashish.sinha/Documents/project/sinashish.github.io/assets/js/masonry.js
Terser: Minifying /Users/ashish.sinha/Documents/project/sinashish.github.io/assets/js/mathjax-setup.js
Terser: Minifying /Users/ashish.sinha/Documents/project/sinashish.github.io/assets/js/mermaid-setup.js
Terser: Minifying /Users/ashish.sinha/Documents/project/sinashish.github.io/assets/js/newsletter.js
Terser: Minifying /Users/ashish.sinha/Documents/project/sinashish.github.io/assets/js/no_defer.js
Terser: Minifying /Users/ashish.sinha/Documents/project/sinashish.github.io/assets/js/plotly-setup.js
Terser: Minifying /Users/ashish.sinha/Documents/project/sinashish.github.io/assets/js/progress-bar.js
Terser: Minifying /Users/ashish.sinha/Documents/project/sinashish.github.io/assets/js/pseudocode-setup.js
Terser: Minifying /Users/ashish.sinha/Documents/project/sinashish.github.io/assets/js/search-setup.js
Terser: Minifying /Users/ashish.sinha/Documents/project/sinashish.github.io/assets/js/shortcut-key.js
Terser: Minifying /Users/ashish.sinha/Documents/project/sinashish.github.io/assets/js/theme.js
Terser: Minifying /Users/ashish.sinha/Documents/project/sinashish.github.io/assets/js/tooltips-setup.js
Terser: Minifying /Users/ashish.sinha/Documents/project/sinashish.github.io/assets/js/typograms.js
Terser: Minifying /Users/ashish.sinha/Documents/project/sinashish.github.io/assets/js/vega-setup.js
Terser: Minifying /Users/ashish.sinha/Documents/project/sinashish.github.io/assets/js/venobox-setup.js
Terser: Minifying /Users/ashish.sinha/Documents/project/sinashish.github.io/assets/js/wechat.js
Terser: Minifying /Users/ashish.sinha/Documents/project/sinashish.github.io/assets/js/zoom.js
Terser: Minifying /Users/ashish.sinha/Documents/project/sinashish.github.io/old-site/libs/custom/my_js.js
Terser: Minifying /Users/ashish.sinha/Documents/project/sinashish.github.io/old-site/libs/external/skeleton_tabs/skeleton-tabs.js
       Imagemagick: Searching files in /Users/ashish.sinha/Documents/project/sinashish.github.io/assets/img/
       Imagemagick: Adding static file /Users/ashish.sinha/Documents/project/sinashish.github.io/_site/assets/img/book_covers/the_godfather-480.webp
       Imagemagick: Adding static file /Users/ashish.sinha/Documents/project/sinashish.github.io/_site/assets/img/book_covers/the_godfather-800.webp
       Imagemagick: Adding static file /Users/ashish.sinha/Documents/project/sinashish.github.io/_site/assets/img/book_covers/the_godfather-1400.webp
       Imagemagick: Adding static file /Users/ashish.sinha/Documents/project/sinashish.github.io/_site/assets/img/posts/selection-480.webp
       Imagemagick: Adding static file /Users/ashish.sinha/Documents/project/sinashish.github.io/_site/assets/img/posts/selection-800.webp
       Imagemagick: Adding static file /Users/ashish.sinha/Documents/project/sinashish.github.io/_site/assets/img/posts/selection-1400.webp
       Imagemagick: Adding static file /Users/ashish.sinha/Documents/project/sinashish.github.io/_site/assets/img/publication_preview/dimple-480.webp
       Imagemagick: Adding static file /Users/ashish.sinha/Documents/project/sinashish.github.io/_site/assets/img/publication_preview/dimple-800.webp
       Imagemagick: Adding static file /Users/ashish.sinha/Documents/project/sinashish.github.io/_site/assets/img/publication_preview/dimple-1400.webp
       Imagemagick: Adding static file /Users/ashish.sinha/Documents/project/sinashish.github.io/_site/assets/img/publication_preview/msa-480.webp
       Imagemagick: Adding static file /Users/ashish.sinha/Documents/project/sinashish.github.io/_site/assets/img/publication_preview/msa-800.webp
       Imagemagick: Adding static file /Users/ashish.sinha/Documents/project/sinashish.github.io/_site/assets/img/publication_preview/msa-1400.webp
       Imagemagick: Adding static file /Users/ashish.sinha/Documents/project/sinashish.github.io/_site/assets/img/publication_preview/msc-thesis-480.webp
       Imagemagick: Adding static file /Users/ashish.sinha/Documents/project/sinashish.github.io/_site/assets/img/publication_preview/msc-thesis-800.webp
       Imagemagick: Adding static file /Users/ashish.sinha/Documents/project/sinashish.github.io/_site/assets/img/publication_preview/msc-thesis-1400.webp
       Imagemagick: Adding static file /Users/ashish.sinha/Documents/project/sinashish.github.io/_site/assets/img/publication_preview/trind-480.webp
       Imagemagick: Adding static file /Users/ashish.sinha/Documents/project/sinashish.github.io/_site/assets/img/publication_preview/trind-800.webp
       Imagemagick: Adding static file /Users/ashish.sinha/Documents/project/sinashish.github.io/_site/assets/img/publication_preview/trind-1400.webp
       Imagemagick: Adding static file /Users/ashish.sinha/Documents/project/sinashish.github.io/_site/assets/img/publication_preview/demoire-480.webp
       Imagemagick: Adding static file /Users/ashish.sinha/Documents/project/sinashish.github.io/_site/assets/img/publication_preview/demoire-800.webp
       Imagemagick: Adding static file /Users/ashish.sinha/Documents/project/sinashish.github.io/_site/assets/img/publication_preview/demoire-1400.webp
       Imagemagick: Adding static file /Users/ashish.sinha/Documents/project/sinashish.github.io/_site/assets/img/publication_preview/dermsynth3d-480.webp
       Imagemagick: Adding static file /Users/ashish.sinha/Documents/project/sinashish.github.io/_site/assets/img/publication_preview/dermsynth3d-800.webp
       Imagemagick: Adding static file /Users/ashish.sinha/Documents/project/sinashish.github.io/_site/assets/img/publication_preview/dermsynth3d-1400.webp
       Imagemagick: Adding static file /Users/ashish.sinha/Documents/project/sinashish.github.io/_site/assets/img/publication_preview/gagan-480.webp
       Imagemagick: Adding static file /Users/ashish.sinha/Documents/project/sinashish.github.io/_site/assets/img/publication_preview/gagan-800.webp
       Imagemagick: Adding static file /Users/ashish.sinha/Documents/project/sinashish.github.io/_site/assets/img/publication_preview/gagan-1400.webp
       Imagemagick: Adding static file /Users/ashish.sinha/Documents/project/sinashish.github.io/_site/assets/img/publication_preview/ethical-480.webp
       Imagemagick: Adding static file /Users/ashish.sinha/Documents/project/sinashish.github.io/_site/assets/img/publication_preview/ethical-800.webp
       Imagemagick: Adding static file /Users/ashish.sinha/Documents/project/sinashish.github.io/_site/assets/img/publication_preview/ethical-1400.webp
       Imagemagick: Adding static file /Users/ashish.sinha/Documents/project/sinashish.github.io/_site/assets/img/publication_preview/unpose-480.webp
       Imagemagick: Adding static file /Users/ashish.sinha/Documents/project/sinashish.github.io/_site/assets/img/publication_preview/unpose-800.webp
       Imagemagick: Adding static file /Users/ashish.sinha/Documents/project/sinashish.github.io/_site/assets/img/publication_preview/unpose-1400.webp
       Imagemagick: Adding static file /Users/ashish.sinha/Documents/project/sinashish.github.io/_site/assets/img/publication_preview/mensa-480.webp
       Imagemagick: Adding static file /Users/ashish.sinha/Documents/project/sinashish.github.io/_site/assets/img/publication_preview/mensa-800.webp
       Imagemagick: Adding static file /Users/ashish.sinha/Documents/project/sinashish.github.io/_site/assets/img/publication_preview/mensa-1400.webp
       Imagemagick: Generated 0 file(s)
       Jekyll Feed: Generating feed for posts
         AutoPages: Disabled/Not configured in site.config.
        Pagination: Complete, processed 1 pagination page(s)
[33m           Warning: Empty `slug` generated for ''.[0m
                    ...done in 6.173042 seconds.
                    
      Regenerating: 1 file(s) changed at 2026-09-06 14:14:08
                    _news/frisbee.md
Terser: Minifying /Users/ashish.sinha/Documents/project/sinashish.github.io/assets/js/bibsearch.js
Terser: Minifying /Users/ashish.sinha/Documents/project/sinashish.github.io/assets/js/chartjs-setup.js
Terser: Minifying /Users/ashish.sinha/Documents/project/sinashish.github.io/assets/js/common.js
Terser: Minifying /Users/ashish.sinha/Documents/project/sinashish.github.io/assets/js/copy_code.js
Terser: Minifying /Users/ashish.sinha/Documents/project/sinashish.github.io/assets/js/diff2html-setup.js
Terser: Minifying /Users/ashish.sinha/Documents/project/sinashish.github.io/assets/js/distillpub/overrides.js
Terser: Minifying /Users/ashish.sinha/Documents/project/sinashish.github.io/assets/js/distillpub/template.v2.js
Terser: Minifying /Users/ashish.sinha/Documents/project/sinashish.github.io/assets/js/distillpub/transforms.v2.js
Terser: Minifying /Users/ashish.sinha/Documents/project/sinashish.github.io/assets/js/echarts-setup.js
Terser: Minifying /Users/ashish.sinha/Documents/project/sinashish.github.io/assets/js/highlight-search-term.js
Terser: Minifying /Users/ashish.sinha/Documents/project/sinashish.github.io/assets/js/jupyter_new_tab.js
Terser: Minifying /Users/ashish.sinha/Documents/project/sinashish.github.io/assets/js/leaflet-setup.js
Terser: Minifying /Users/ashish.sinha/Documents/project/sinashish.github.io/assets/js/masonry.js
Terser: Minifying /Users/ashish.sinha/Documents/project/sinashish.github.io/assets/js/mathjax-setup.js
Terser: Minifying /Users/ashish.sinha/Documents/project/sinashish.github.io/assets/js/mermaid-setup.js
Terser: Minifying /Users/ashish.sinha/Documents/project/sinashish.github.io/assets/js/newsletter.js
Terser: Minifying /Users/ashish.sinha/Documents/project/sinashish.github.io/assets/js/no_defer.js
Terser: Minifying /Users/ashish.sinha/Documents/project/sinashish.github.io/assets/js/plotly-setup.js
Terser: Minifying /Users/ashish.sinha/Documents/project/sinashish.github.io/assets/js/progress-bar.js
Terser: Minifying /Users/ashish.sinha/Documents/project/sinashish.github.io/assets/js/pseudocode-setup.js
Terser: Minifying /Users/ashish.sinha/Documents/project/sinashish.github.io/assets/js/search-setup.js
Terser: Minifying /Users/ashish.sinha/Documents/project/sinashish.github.io/assets/js/shortcut-key.js
Terser: Minifying /Users/ashish.sinha/Documents/project/sinashish.github.io/assets/js/theme.js
Terser: Minifying /Users/ashish.sinha/Documents/project/sinashish.github.io/assets/js/tooltips-setup.js
Terser: Minifying /Users/ashish.sinha/Documents/project/sinashish.github.io/assets/js/typograms.js
Terser: Minifying /Users/ashish.sinha/Documents/project/sinashish.github.io/assets/js/vega-setup.js
Terser: Minifying /Users/ashish.sinha/Documents/project/sinashish.github.io/assets/js/venobox-setup.js
Terser: Minifying /Users/ashish.sinha/Documents/project/sinashish.github.io/assets/js/wechat.js
Terser: Minifying /Users/ashish.sinha/Documents/project/sinashish.github.io/assets/js/zoom.js
Terser: Minifying /Users/ashish.sinha/Documents/project/sinashish.github.io/old-site/libs/custom/my_js.js
Terser: Minifying /Users/ashish.sinha/Documents/project/sinashish.github.io/old-site/libs/external/skeleton_tabs/skeleton-tabs.js
       Imagemagick: Searching files in /Users/ashish.sinha/Documents/project/sinashish.github.io/assets/img/
       Imagemagick: Adding static file /Users/ashish.sinha/Documents/project/sinashish.github.io/_site/assets/img/book_covers/the_godfather-480.webp
       Imagemagick: Adding static file /Users/ashish.sinha/Documents/project/sinashish.github.io/_site/assets/img/book_covers/the_godfather-800.webp
       Imagemagick: Adding static file /Users/ashish.sinha/Documents/project/sinashish.github.io/_site/assets/img/book_covers/the_godfather-1400.webp
       Imagemagick: Adding static file /Users/ashish.sinha/Documents/project/sinashish.github.io/_site/assets/img/posts/selection-480.webp
       Imagemagick: Adding static file /Users/ashish.sinha/Documents/project/sinashish.github.io/_site/assets/img/posts/selection-800.webp
       Imagemagick: Adding static file /Users/ashish.sinha/Documents/project/sinashish.github.io/_site/assets/img/posts/selection-1400.webp
       Imagemagick: Adding static file /Users/ashish.sinha/Documents/project/sinashish.github.io/_site/assets/img/publication_preview/dimple-480.webp
       Imagemagick: Adding static file /Users/ashish.sinha/Documents/project/sinashish.github.io/_site/assets/img/publication_preview/dimple-800.webp
       Imagemagick: Adding static file /Users/ashish.sinha/Documents/project/sinashish.github.io/_site/assets/img/publication_preview/dimple-1400.webp
       Imagemagick: Adding static file /Users/ashish.sinha/Documents/project/sinashish.github.io/_site/assets/img/publication_preview/msa-480.webp
       Imagemagick: Adding static file /Users/ashish.sinha/Documents/project/sinashish.github.io/_site/assets/img/publication_preview/msa-800.webp
       Imagemagick: Adding static file /Users/ashish.sinha/Documents/project/sinashish.github.io/_site/assets/img/publication_preview/msa-1400.webp
       Imagemagick: Adding static file /Users/ashish.sinha/Documents/project/sinashish.github.io/_site/assets/img/publication_preview/msc-thesis-480.webp
       Imagemagick: Adding static file /Users/ashish.sinha/Documents/project/sinashish.github.io/_site/assets/img/publication_preview/msc-thesis-800.webp
       Imagemagick: Adding static file /Users/ashish.sinha/Documents/project/sinashish.github.io/_site/assets/img/publication_preview/msc-thesis-1400.webp
       Imagemagick: Adding static file /Users/ashish.sinha/Documents/project/sinashish.github.io/_site/assets/img/publication_preview/trind-480.webp
       Imagemagick: Adding static file /Users/ashish.sinha/Documents/project/sinashish.github.io/_site/assets/img/publication_preview/trind-800.webp
       Imagemagick: Adding static file /Users/ashish.sinha/Documents/project/sinashish.github.io/_site/assets/img/publication_preview/trind-1400.webp
       Imagemagick: Adding static file /Users/ashish.sinha/Documents/project/sinashish.github.io/_site/assets/img/publication_preview/demoire-480.webp
       Imagemagick: Adding static file /Users/ashish.sinha/Documents/project/sinashish.github.io/_site/assets/img/publication_preview/demoire-800.webp
       Imagemagick: Adding static file /Users/ashish.sinha/Documents/project/sinashish.github.io/_site/assets/img/publication_preview/demoire-1400.webp
       Imagemagick: Adding static file /Users/ashish.sinha/Documents/project/sinashish.github.io/_site/assets/img/publication_preview/dermsynth3d-480.webp
       Imagemagick: Adding static file /Users/ashish.sinha/Documents/project/sinashish.github.io/_site/assets/img/publication_preview/dermsynth3d-800.webp
       Imagemagick: Adding static file /Users/ashish.sinha/Documents/project/sinashish.github.io/_site/assets/img/publication_preview/dermsynth3d-1400.webp
       Imagemagick: Adding static file /Users/ashish.sinha/Documents/project/sinashish.github.io/_site/assets/img/publication_preview/gagan-480.webp
       Imagemagick: Adding static file /Users/ashish.sinha/Documents/project/sinashish.github.io/_site/assets/img/publication_preview/gagan-800.webp
       Imagemagick: Adding static file /Users/ashish.sinha/Documents/project/sinashish.github.io/_site/assets/img/publication_preview/gagan-1400.webp
       Imagemagick: Adding static file /Users/ashish.sinha/Documents/project/sinashish.github.io/_site/assets/img/publication_preview/ethical-480.webp
       Imagemagick: Adding static file /Users/ashish.sinha/Documents/project/sinashish.github.io/_site/assets/img/publication_preview/ethical-800.webp
       Imagemagick: Adding static file /Users/ashish.sinha/Documents/project/sinashish.github.io/_site/assets/img/publication_preview/ethical-1400.webp
       Imagemagick: Adding static file /Users/ashish.sinha/Documents/project/sinashish.github.io/_site/assets/img/publication_preview/unpose-480.webp
       Imagemagick: Adding static file /Users/ashish.sinha/Documents/project/sinashish.github.io/_site/assets/img/publication_preview/unpose-800.webp
       Imagemagick: Adding static file /Users/ashish.sinha/Documents/project/sinashish.github.io/_site/assets/img/publication_preview/unpose-1400.webp
       Imagemagick: Adding static file /Users/ashish.sinha/Documents/project/sinashish.github.io/_site/assets/img/publication_preview/mensa-480.webp
       Imagemagick: Adding static file /Users/ashish.sinha/Documents/project/sinashish.github.io/_site/assets/img/publication_preview/mensa-800.webp
       Imagemagick: Adding static file /Users/ashish.sinha/Documents/project/sinashish.github.io/_site/assets/img/publication_preview/mensa-1400.webp
       Imagemagick: Generated 0 file(s)
       Jekyll Feed: Generating feed for posts
         AutoPages: Disabled/Not configured in site.config.
        Pagination: Complete, processed 1 pagination page(s)
[33m           Warning: Empty `slug` generated for ''.[0m
                    ...done in 6.901295 seconds.
                    
      Regenerating: 1 file(s) changed at 2026-09-06 14:16:05
                    _pages/photography.md
Terser: Minifying /Users/ashish.sinha/Documents/project/sinashish.github.io/assets/js/bibsearch.js
Terser: Minifying /Users/ashish.sinha/Documents/project/sinashish.github.io/assets/js/chartjs-setup.js
Terser: Minifying /Users/ashish.sinha/Documents/project/sinashish.github.io/assets/js/common.js
Terser: Minifying /Users/ashish.sinha/Documents/project/sinashish.github.io/assets/js/copy_code.js
Terser: Minifying /Users/ashish.sinha/Documents/project/sinashish.github.io/assets/js/diff2html-setup.js
Terser: Minifying /Users/ashish.sinha/Documents/project/sinashish.github.io/assets/js/distillpub/overrides.js
Terser: Minifying /Users/ashish.sinha/Documents/project/sinashish.github.io/assets/js/distillpub/template.v2.js
Terser: Minifying /Users/ashish.sinha/Documents/project/sinashish.github.io/assets/js/distillpub/transforms.v2.js
Terser: Minifying /Users/ashish.sinha/Documents/project/sinashish.github.io/assets/js/echarts-setup.js
Terser: Minifying /Users/ashish.sinha/Documents/project/sinashish.github.io/assets/js/highlight-search-term.js
Terser: Minifying /Users/ashish.sinha/Documents/project/sinashish.github.io/assets/js/jupyter_new_tab.js
Terser: Minifying /Users/ashish.sinha/Documents/project/sinashish.github.io/assets/js/leaflet-setup.js
Terser: Minifying /Users/ashish.sinha/Documents/project/sinashish.github.io/assets/js/masonry.js
Terser: Minifying /Users/ashish.sinha/Documents/project/sinashish.github.io/assets/js/mathjax-setup.js
Terser: Minifying /Users/ashish.sinha/Documents/project/sinashish.github.io/assets/js/mermaid-setup.js
Terser: Minifying /Users/ashish.sinha/Documents/project/sinashish.github.io/assets/js/newsletter.js
Terser: Minifying /Users/ashish.sinha/Documents/project/sinashish.github.io/assets/js/no_defer.js
Terser: Minifying /Users/ashish.sinha/Documents/project/sinashish.github.io/assets/js/plotly-setup.js
Terser: Minifying /Users/ashish.sinha/Documents/project/sinashish.github.io/assets/js/progress-bar.js
Terser: Minifying /Users/ashish.sinha/Documents/project/sinashish.github.io/assets/js/pseudocode-setup.js
Terser: Minifying /Users/ashish.sinha/Documents/project/sinashish.github.io/assets/js/search-setup.js
Terser: Minifying /Users/ashish.sinha/Documents/project/sinashish.github.io/assets/js/shortcut-key.js
Terser: Minifying /Users/ashish.sinha/Documents/project/sinashish.github.io/assets/js/theme.js
Terser: Minifying /Users/ashish.sinha/Documents/project/sinashish.github.io/assets/js/tooltips-setup.js
Terser: Minifying /Users/ashish.sinha/Documents/project/sinashish.github.io/assets/js/typograms.js
Terser: Minifying /Users/ashish.sinha/Documents/project/sinashish.github.io/assets/js/vega-setup.js
Terser: Minifying /Users/ashish.sinha/Documents/project/sinashish.github.io/assets/js/venobox-setup.js
Terser: Minifying /Users/ashish.sinha/Documents/project/sinashish.github.io/assets/js/wechat.js
Terser: Minifying /Users/ashish.sinha/Documents/project/sinashish.github.io/assets/js/zoom.js
Terser: Minifying /Users/ashish.sinha/Documents/project/sinashish.github.io/old-site/libs/custom/my_js.js
Terser: Minifying /Users/ashish.sinha/Documents/project/sinashish.github.io/old-site/libs/external/skeleton_tabs/skeleton-tabs.js
       Imagemagick: Searching files in /Users/ashish.sinha/Documents/project/sinashish.github.io/assets/img/
       Imagemagick: Adding static file /Users/ashish.sinha/Documents/project/sinashish.github.io/_site/assets/img/book_covers/the_godfather-480.webp
       Imagemagick: Adding static file /Users/ashish.sinha/Documents/project/sinashish.github.io/_site/assets/img/book_covers/the_godfather-800.webp
       Imagemagick: Adding static file /Users/ashish.sinha/Documents/project/sinashish.github.io/_site/assets/img/book_covers/the_godfather-1400.webp
       Imagemagick: Adding static file /Users/ashish.sinha/Documents/project/sinashish.github.io/_site/assets/img/posts/selection-480.webp
       Imagemagick: Adding static file /Users/ashish.sinha/Documents/project/sinashish.github.io/_site/assets/img/posts/selection-800.webp
       Imagemagick: Adding static file /Users/ashish.sinha/Documents/project/sinashish.github.io/_site/assets/img/posts/selection-1400.webp
       Imagemagick: Adding static file /Users/ashish.sinha/Documents/project/sinashish.github.io/_site/assets/img/publication_preview/dimple-480.webp
       Imagemagick: Adding static file /Users/ashish.sinha/Documents/project/sinashish.github.io/_site/assets/img/publication_preview/dimple-800.webp
       Imagemagick: Adding static file /Users/ashish.sinha/Documents/project/sinashish.github.io/_site/assets/img/publication_preview/dimple-1400.webp
       Imagemagick: Adding static file /Users/ashish.sinha/Documents/project/sinashish.github.io/_site/assets/img/publication_preview/msa-480.webp
       Imagemagick: Adding static file /Users/ashish.sinha/Documents/project/sinashish.github.io/_site/assets/img/publication_preview/msa-800.webp
       Imagemagick: Adding static file /Users/ashish.sinha/Documents/project/sinashish.github.io/_site/assets/img/publication_preview/msa-1400.webp
       Imagemagick: Adding static file /Users/ashish.sinha/Documents/project/sinashish.github.io/_site/assets/img/publication_preview/msc-thesis-480.webp
       Imagemagick: Adding static file /Users/ashish.sinha/Documents/project/sinashish.github.io/_site/assets/img/publication_preview/msc-thesis-800.webp
       Imagemagick: Adding static file /Users/ashish.sinha/Documents/project/sinashish.github.io/_site/assets/img/publication_preview/msc-thesis-1400.webp
       Imagemagick: Adding static file /Users/ashish.sinha/Documents/project/sinashish.github.io/_site/assets/img/publication_preview/trind-480.webp
       Imagemagick: Adding static file /Users/ashish.sinha/Documents/project/sinashish.github.io/_site/assets/img/publication_preview/trind-800.webp
       Imagemagick: Adding static file /Users/ashish.sinha/Documents/project/sinashish.github.io/_site/assets/img/publication_preview/trind-1400.webp
       Imagemagick: Adding static file /Users/ashish.sinha/Documents/project/sinashish.github.io/_site/assets/img/publication_preview/demoire-480.webp
       Imagemagick: Adding static file /Users/ashish.sinha/Documents/project/sinashish.github.io/_site/assets/img/publication_preview/demoire-800.webp
       Imagemagick: Adding static file /Users/ashish.sinha/Documents/project/sinashish.github.io/_site/assets/img/publication_preview/demoire-1400.webp
       Imagemagick: Adding static file /Users/ashish.sinha/Documents/project/sinashish.github.io/_site/assets/img/publication_preview/dermsynth3d-480.webp
       Imagemagick: Adding static file /Users/ashish.sinha/Documents/project/sinashish.github.io/_site/assets/img/publication_preview/dermsynth3d-800.webp
       Imagemagick: Adding static file /Users/ashish.sinha/Documents/project/sinashish.github.io/_site/assets/img/publication_preview/dermsynth3d-1400.webp
       Imagemagick: Adding static file /Users/ashish.sinha/Documents/project/sinashish.github.io/_site/assets/img/publication_preview/gagan-480.webp
       Imagemagick: Adding static file /Users/ashish.sinha/Documents/project/sinashish.github.io/_site/assets/img/publication_preview/gagan-800.webp
       Imagemagick: Adding static file /Users/ashish.sinha/Documents/project/sinashish.github.io/_site/assets/img/publication_preview/gagan-1400.webp
       Imagemagick: Adding static file /Users/ashish.sinha/Documents/project/sinashish.github.io/_site/assets/img/publication_preview/ethical-480.webp
       Imagemagick: Adding static file /Users/ashish.sinha/Documents/project/sinashish.github.io/_site/assets/img/publication_preview/ethical-800.webp
       Imagemagick: Adding static file /Users/ashish.sinha/Documents/project/sinashish.github.io/_site/assets/img/publication_preview/ethical-1400.webp
       Imagemagick: Adding static file /Users/ashish.sinha/Documents/project/sinashish.github.io/_site/assets/img/publication_preview/unpose-480.webp
       Imagemagick: Adding static file /Users/ashish.sinha/Documents/project/sinashish.github.io/_site/assets/img/publication_preview/unpose-800.webp
       Imagemagick: Adding static file /Users/ashish.sinha/Documents/project/sinashish.github.io/_site/assets/img/publication_preview/unpose-1400.webp
       Imagemagick: Adding static file /Users/ashish.sinha/Documents/project/sinashish.github.io/_site/assets/img/publication_preview/mensa-480.webp
       Imagemagick: Adding static file /Users/ashish.sinha/Documents/project/sinashish.github.io/_site/assets/img/publication_preview/mensa-800.webp
       Imagemagick: Adding static file /Users/ashish.sinha/Documents/project/sinashish.github.io/_site/assets/img/publication_preview/mensa-1400.webp
       Imagemagick: Generated 0 file(s)
       Jekyll Feed: Generating feed for posts
         AutoPages: Disabled/Not configured in site.config.
        Pagination: Complete, processed 1 pagination page(s)
[33m           Warning: Empty `slug` generated for ''.[0m
                    ...done in 6.540878 seconds.
                    
      Regenerating: 2 file(s) changed at 2026-09-06 14:16:11
                    _news/frisbee.md
                    _pages/about.md
Terser: Minifying /Users/ashish.sinha/Documents/project/sinashish.github.io/assets/js/bibsearch.js
Terser: Minifying /Users/ashish.sinha/Documents/project/sinashish.github.io/assets/js/chartjs-setup.js
Terser: Minifying /Users/ashish.sinha/Documents/project/sinashish.github.io/assets/js/common.js
Terser: Minifying /Users/ashish.sinha/Documents/project/sinashish.github.io/assets/js/copy_code.js
Terser: Minifying /Users/ashish.sinha/Documents/project/sinashish.github.io/assets/js/diff2html-setup.js
Terser: Minifying /Users/ashish.sinha/Documents/project/sinashish.github.io/assets/js/distillpub/overrides.js
Terser: Minifying /Users/ashish.sinha/Documents/project/sinashish.github.io/assets/js/distillpub/template.v2.js
Terser: Minifying /Users/ashish.sinha/Documents/project/sinashish.github.io/assets/js/distillpub/transforms.v2.js
Terser: Minifying /Users/ashish.sinha/Documents/project/sinashish.github.io/assets/js/echarts-setup.js
Terser: Minifying /Users/ashish.sinha/Documents/project/sinashish.github.io/assets/js/highlight-search-term.js
Terser: Minifying /Users/ashish.sinha/Documents/project/sinashish.github.io/assets/js/jupyter_new_tab.js
Terser: Minifying /Users/ashish.sinha/Documents/project/sinashish.github.io/assets/js/leaflet-setup.js
Terser: Minifying /Users/ashish.sinha/Documents/project/sinashish.github.io/assets/js/masonry.js
Terser: Minifying /Users/ashish.sinha/Documents/project/sinashish.github.io/assets/js/mathjax-setup.js
Terser: Minifying /Users/ashish.sinha/Documents/project/sinashish.github.io/assets/js/mermaid-setup.js
Terser: Minifying /Users/ashish.sinha/Documents/project/sinashish.github.io/assets/js/newsletter.js
Terser: Minifying /Users/ashish.sinha/Documents/project/sinashish.github.io/assets/js/no_defer.js
Terser: Minifying /Users/ashish.sinha/Documents/project/sinashish.github.io/assets/js/plotly-setup.js
Terser: Minifying /Users/ashish.sinha/Documents/project/sinashish.github.io/assets/js/progress-bar.js
Terser: Minifying /Users/ashish.sinha/Documents/project/sinashish.github.io/assets/js/pseudocode-setup.js
Terser: Minifying /Users/ashish.sinha/Documents/project/sinashish.github.io/assets/js/search-setup.js
Terser: Minifying /Users/ashish.sinha/Documents/project/sinashish.github.io/assets/js/shortcut-key.js
Terser: Minifying /Users/ashish.sinha/Documents/project/sinashish.github.io/assets/js/theme.js
Terser: Minifying /Users/ashish.sinha/Documents/project/sinashish.github.io/assets/js/tooltips-setup.js
Terser: Minifying /Users/ashish.sinha/Documents/project/sinashish.github.io/assets/js/typograms.js
Terser: Minifying /Users/ashish.sinha/Documents/project/sinashish.github.io/assets/js/vega-setup.js
Terser: Minifying /Users/ashish.sinha/Documents/project/sinashish.github.io/assets/js/venobox-setup.js
Terser: Minifying /Users/ashish.sinha/Documents/project/sinashish.github.io/assets/js/wechat.js
Terser: Minifying /Users/ashish.sinha/Documents/project/sinashish.github.io/assets/js/zoom.js
Terser: Minifying /Users/ashish.sinha/Documents/project/sinashish.github.io/old-site/libs/custom/my_js.js
Terser: Minifying /Users/ashish.sinha/Documents/project/sinashish.github.io/old-site/libs/external/skeleton_tabs/skeleton-tabs.js
       Imagemagick: Searching files in /Users/ashish.sinha/Documents/project/sinashish.github.io/assets/img/
       Imagemagick: Adding static file /Users/ashish.sinha/Documents/project/sinashish.github.io/_site/assets/img/book_covers/the_godfather-480.webp
       Imagemagick: Adding static file /Users/ashish.sinha/Documents/project/sinashish.github.io/_site/assets/img/book_covers/the_godfather-800.webp
       Imagemagick: Adding static file /Users/ashish.sinha/Documents/project/sinashish.github.io/_site/assets/img/book_covers/the_godfather-1400.webp
       Imagemagick: Adding static file /Users/ashish.sinha/Documents/project/sinashish.github.io/_site/assets/img/posts/selection-480.webp
       Imagemagick: Adding static file /Users/ashish.sinha/Documents/project/sinashish.github.io/_site/assets/img/posts/selection-800.webp
       Imagemagick: Adding static file /Users/ashish.sinha/Documents/project/sinashish.github.io/_site/assets/img/posts/selection-1400.webp
       Imagemagick: Adding static file /Users/ashish.sinha/Documents/project/sinashish.github.io/_site/assets/img/publication_preview/dimple-480.webp
       Imagemagick: Adding static file /Users/ashish.sinha/Documents/project/sinashish.github.io/_site/assets/img/publication_preview/dimple-800.webp
       Imagemagick: Adding static file /Users/ashish.sinha/Documents/project/sinashish.github.io/_site/assets/img/publication_preview/dimple-1400.webp
       Imagemagick: Adding static file /Users/ashish.sinha/Documents/project/sinashish.github.io/_site/assets/img/publication_preview/msa-480.webp
       Imagemagick: Adding static file /Users/ashish.sinha/Documents/project/sinashish.github.io/_site/assets/img/publication_preview/msa-800.webp
       Imagemagick: Adding static file /Users/ashish.sinha/Documents/project/sinashish.github.io/_site/assets/img/publication_preview/msa-1400.webp
       Imagemagick: Adding static file /Users/ashish.sinha/Documents/project/sinashish.github.io/_site/assets/img/publication_preview/msc-thesis-480.webp
       Imagemagick: Adding static file /Users/ashish.sinha/Documents/project/sinashish.github.io/_site/assets/img/publication_preview/msc-thesis-800.webp
       Imagemagick: Adding static file /Users/ashish.sinha/Documents/project/sinashish.github.io/_site/assets/img/publication_preview/msc-thesis-1400.webp
       Imagemagick: Adding static file /Users/ashish.sinha/Documents/project/sinashish.github.io/_site/assets/img/publication_preview/trind-480.webp
       Imagemagick: Adding static file /Users/ashish.sinha/Documents/project/sinashish.github.io/_site/assets/img/publication_preview/trind-800.webp
       Imagemagick: Adding static file /Users/ashish.sinha/Documents/project/sinashish.github.io/_site/assets/img/publication_preview/trind-1400.webp
       Imagemagick: Adding static file /Users/ashish.sinha/Documents/project/sinashish.github.io/_site/assets/img/publication_preview/demoire-480.webp
       Imagemagick: Adding static file /Users/ashish.sinha/Documents/project/sinashish.github.io/_site/assets/img/publication_preview/demoire-800.webp
       Imagemagick: Adding static file /Users/ashish.sinha/Documents/project/sinashish.github.io/_site/assets/img/publication_preview/demoire-1400.webp
       Imagemagick: Adding static file /Users/ashish.sinha/Documents/project/sinashish.github.io/_site/assets/img/publication_preview/dermsynth3d-480.webp
       Imagemagick: Adding static file /Users/ashish.sinha/Documents/project/sinashish.github.io/_site/assets/img/publication_preview/dermsynth3d-800.webp
       Imagemagick: Adding static file /Users/ashish.sinha/Documents/project/sinashish.github.io/_site/assets/img/publication_preview/dermsynth3d-1400.webp
       Imagemagick: Adding static file /Users/ashish.sinha/Documents/project/sinashish.github.io/_site/assets/img/publication_preview/gagan-480.webp
       Imagemagick: Adding static file /Users/ashish.sinha/Documents/project/sinashish.github.io/_site/assets/img/publication_preview/gagan-800.webp
       Imagemagick: Adding static file /Users/ashish.sinha/Documents/project/sinashish.github.io/_site/assets/img/publication_preview/gagan-1400.webp
       Imagemagick: Adding static file /Users/ashish.sinha/Documents/project/sinashish.github.io/_site/assets/img/publication_preview/ethical-480.webp
       Imagemagick: Adding static file /Users/ashish.sinha/Documents/project/sinashish.github.io/_site/assets/img/publication_preview/ethical-800.webp
       Imagemagick: Adding static file /Users/ashish.sinha/Documents/project/sinashish.github.io/_site/assets/img/publication_preview/ethical-1400.webp
       Imagemagick: Adding static file /Users/ashish.sinha/Documents/project/sinashish.github.io/_site/assets/img/publication_preview/unpose-480.webp
       Imagemagick: Adding static file /Users/ashish.sinha/Documents/project/sinashish.github.io/_site/assets/img/publication_preview/unpose-800.webp
       Imagemagick: Adding static file /Users/ashish.sinha/Documents/project/sinashish.github.io/_site/assets/img/publication_preview/unpose-1400.webp
       Imagemagick: Adding static file /Users/ashish.sinha/Documents/project/sinashish.github.io/_site/assets/img/publication_preview/mensa-480.webp
       Imagemagick: Adding static file /Users/ashish.sinha/Documents/project/sinashish.github.io/_site/assets/img/publication_preview/mensa-800.webp
       Imagemagick: Adding static file /Users/ashish.sinha/Documents/project/sinashish.github.io/_site/assets/img/publication_preview/mensa-1400.webp
       Imagemagick: Generated 0 file(s)
       Jekyll Feed: Generating feed for posts
         AutoPages: Disabled/Not configured in site.config.
        Pagination: Complete, processed 1 pagination page(s)
[33m           Warning: Empty `slug` generated for ''.[0m
                    ...done in 6.655125 seconds.
                    
[2026-09-06 14:18:59] ERROR '/favicon.ico' not found.
      Regenerating: 1 file(s) changed at 2026-09-06 14:19:21
                    _pages/photography.md
Terser: Minifying /Users/ashish.sinha/Documents/project/sinashish.github.io/assets/js/bibsearch.js
Terser: Minifying /Users/ashish.sinha/Documents/project/sinashish.github.io/assets/js/chartjs-setup.js
Terser: Minifying /Users/ashish.sinha/Documents/project/sinashish.github.io/assets/js/common.js
Terser: Minifying /Users/ashish.sinha/Documents/project/sinashish.github.io/assets/js/copy_code.js
Terser: Minifying /Users/ashish.sinha/Documents/project/sinashish.github.io/assets/js/diff2html-setup.js
Terser: Minifying /Users/ashish.sinha/Documents/project/sinashish.github.io/assets/js/distillpub/overrides.js
Terser: Minifying /Users/ashish.sinha/Documents/project/sinashish.github.io/assets/js/distillpub/template.v2.js
Terser: Minifying /Users/ashish.sinha/Documents/project/sinashish.github.io/assets/js/distillpub/transforms.v2.js
Terser: Minifying /Users/ashish.sinha/Documents/project/sinashish.github.io/assets/js/echarts-setup.js
Terser: Minifying /Users/ashish.sinha/Documents/project/sinashish.github.io/assets/js/highlight-search-term.js
Terser: Minifying /Users/ashish.sinha/Documents/project/sinashish.github.io/assets/js/jupyter_new_tab.js
Terser: Minifying /Users/ashish.sinha/Documents/project/sinashish.github.io/assets/js/leaflet-setup.js
Terser: Minifying /Users/ashish.sinha/Documents/project/sinashish.github.io/assets/js/masonry.js
Terser: Minifying /Users/ashish.sinha/Documents/project/sinashish.github.io/assets/js/mathjax-setup.js
Terser: Minifying /Users/ashish.sinha/Documents/project/sinashish.github.io/assets/js/mermaid-setup.js
Terser: Minifying /Users/ashish.sinha/Documents/project/sinashish.github.io/assets/js/newsletter.js
Terser: Minifying /Users/ashish.sinha/Documents/project/sinashish.github.io/assets/js/no_defer.js
Terser: Minifying /Users/ashish.sinha/Documents/project/sinashish.github.io/assets/js/plotly-setup.js
Terser: Minifying /Users/ashish.sinha/Documents/project/sinashish.github.io/assets/js/progress-bar.js
Terser: Minifying /Users/ashish.sinha/Documents/project/sinashish.github.io/assets/js/pseudocode-setup.js
Terser: Minifying /Users/ashish.sinha/Documents/project/sinashish.github.io/assets/js/search-setup.js
Terser: Minifying /Users/ashish.sinha/Documents/project/sinashish.github.io/assets/js/shortcut-key.js
Terser: Minifying /Users/ashish.sinha/Documents/project/sinashish.github.io/assets/js/theme.js
Terser: Minifying /Users/ashish.sinha/Documents/project/sinashish.github.io/assets/js/tooltips-setup.js
Terser: Minifying /Users/ashish.sinha/Documents/project/sinashish.github.io/assets/js/typograms.js
Terser: Minifying /Users/ashish.sinha/Documents/project/sinashish.github.io/assets/js/vega-setup.js
Terser: Minifying /Users/ashish.sinha/Documents/project/sinashish.github.io/assets/js/venobox-setup.js
Terser: Minifying /Users/ashish.sinha/Documents/project/sinashish.github.io/assets/js/wechat.js
Terser: Minifying /Users/ashish.sinha/Documents/project/sinashish.github.io/assets/js/zoom.js
Terser: Minifying /Users/ashish.sinha/Documents/project/sinashish.github.io/old-site/libs/custom/my_js.js
Terser: Minifying /Users/ashish.sinha/Documents/project/sinashish.github.io/old-site/libs/external/skeleton_tabs/skeleton-tabs.js
       Imagemagick: Searching files in /Users/ashish.sinha/Documents/project/sinashish.github.io/assets/img/
       Imagemagick: Adding static file /Users/ashish.sinha/Documents/project/sinashish.github.io/_site/assets/img/book_covers/the_godfather-480.webp
       Imagemagick: Adding static file /Users/ashish.sinha/Documents/project/sinashish.github.io/_site/assets/img/book_covers/the_godfather-800.webp
       Imagemagick: Adding static file /Users/ashish.sinha/Documents/project/sinashish.github.io/_site/assets/img/book_covers/the_godfather-1400.webp
       Imagemagick: Adding static file /Users/ashish.sinha/Documents/project/sinashish.github.io/_site/assets/img/posts/selection-480.webp
       Imagemagick: Adding static file /Users/ashish.sinha/Documents/project/sinashish.github.io/_site/assets/img/posts/selection-800.webp
       Imagemagick: Adding static file /Users/ashish.sinha/Documents/project/sinashish.github.io/_site/assets/img/posts/selection-1400.webp
       Imagemagick: Adding static file /Users/ashish.sinha/Documents/project/sinashish.github.io/_site/assets/img/publication_preview/dimple-480.webp
       Imagemagick: Adding static file /Users/ashish.sinha/Documents/project/sinashish.github.io/_site/assets/img/publication_preview/dimple-800.webp
       Imagemagick: Adding static file /Users/ashish.sinha/Documents/project/sinashish.github.io/_site/assets/img/publication_preview/dimple-1400.webp
       Imagemagick: Adding static file /Users/ashish.sinha/Documents/project/sinashish.github.io/_site/assets/img/publication_preview/msa-480.webp
       Imagemagick: Adding static file /Users/ashish.sinha/Documents/project/sinashish.github.io/_site/assets/img/publication_preview/msa-800.webp
       Imagemagick: Adding static file /Users/ashish.sinha/Documents/project/sinashish.github.io/_site/assets/img/publication_preview/msa-1400.webp
       Imagemagick: Adding static file /Users/ashish.sinha/Documents/project/sinashish.github.io/_site/assets/img/publication_preview/msc-thesis-480.webp
       Imagemagick: Adding static file /Users/ashish.sinha/Documents/project/sinashish.github.io/_site/assets/img/publication_preview/msc-thesis-800.webp
       Imagemagick: Adding static file /Users/ashish.sinha/Documents/project/sinashish.github.io/_site/assets/img/publication_preview/msc-thesis-1400.webp
       Imagemagick: Adding static file /Users/ashish.sinha/Documents/project/sinashish.github.io/_site/assets/img/publication_preview/trind-480.webp
       Imagemagick: Adding static file /Users/ashish.sinha/Documents/project/sinashish.github.io/_site/assets/img/publication_preview/trind-800.webp
       Imagemagick: Adding static file /Users/ashish.sinha/Documents/project/sinashish.github.io/_site/assets/img/publication_preview/trind-1400.webp
       Imagemagick: Adding static file /Users/ashish.sinha/Documents/project/sinashish.github.io/_site/assets/img/publication_preview/demoire-480.webp
       Imagemagick: Adding static file /Users/ashish.sinha/Documents/project/sinashish.github.io/_site/assets/img/publication_preview/demoire-800.webp
       Imagemagick: Adding static file /Users/ashish.sinha/Documents/project/sinashish.github.io/_site/assets/img/publication_preview/demoire-1400.webp
       Imagemagick: Adding static file /Users/ashish.sinha/Documents/project/sinashish.github.io/_site/assets/img/publication_preview/dermsynth3d-480.webp
       Imagemagick: Adding static file /Users/ashish.sinha/Documents/project/sinashish.github.io/_site/assets/img/publication_preview/dermsynth3d-800.webp
       Imagemagick: Adding static file /Users/ashish.sinha/Documents/project/sinashish.github.io/_site/assets/img/publication_preview/dermsynth3d-1400.webp
       Imagemagick: Adding static file /Users/ashish.sinha/Documents/project/sinashish.github.io/_site/assets/img/publication_preview/gagan-480.webp
       Imagemagick: Adding static file /Users/ashish.sinha/Documents/project/sinashish.github.io/_site/assets/img/publication_preview/gagan-800.webp
       Imagemagick: Adding static file /Users/ashish.sinha/Documents/project/sinashish.github.io/_site/assets/img/publication_preview/gagan-1400.webp
       Imagemagick: Adding static file /Users/ashish.sinha/Documents/project/sinashish.github.io/_site/assets/img/publication_preview/ethical-480.webp
       Imagemagick: Adding static file /Users/ashish.sinha/Documents/project/sinashish.github.io/_site/assets/img/publication_preview/ethical-800.webp
       Imagemagick: Adding static file /Users/ashish.sinha/Documents/project/sinashish.github.io/_site/assets/img/publication_preview/ethical-1400.webp
       Imagemagick: Adding static file /Users/ashish.sinha/Documents/project/sinashish.github.io/_site/assets/img/publication_preview/unpose-480.webp
       Imagemagick: Adding static file /Users/ashish.sinha/Documents/project/sinashish.github.io/_site/assets/img/publication_preview/unpose-800.webp
       Imagemagick: Adding static file /Users/ashish.sinha/Documents/project/sinashish.github.io/_site/assets/img/publication_preview/unpose-1400.webp
       Imagemagick: Adding static file /Users/ashish.sinha/Documents/project/sinashish.github.io/_site/assets/img/publication_preview/mensa-480.webp
       Imagemagick: Adding static file /Users/ashish.sinha/Documents/project/sinashish.github.io/_site/assets/img/publication_preview/mensa-800.webp
       Imagemagick: Adding static file /Users/ashish.sinha/Documents/project/sinashish.github.io/_site/assets/img/publication_preview/mensa-1400.webp
       Imagemagick: Generated 0 file(s)
       Jekyll Feed: Generating feed for posts
         AutoPages: Disabled/Not configured in site.config.
        Pagination: Complete, processed 1 pagination page(s)
[33m           Warning: Empty `slug` generated for ''.[0m
                    ...done in 6.975591 seconds.
                    
      Regenerating: 1 file(s) changed at 2026-09-06 14:24:34
                    _includes/news.liquid
Terser: Minifying /Users/ashish.sinha/Documents/project/sinashish.github.io/assets/js/bibsearch.js
Terser: Minifying /Users/ashish.sinha/Documents/project/sinashish.github.io/assets/js/chartjs-setup.js
Terser: Minifying /Users/ashish.sinha/Documents/project/sinashish.github.io/assets/js/common.js
Terser: Minifying /Users/ashish.sinha/Documents/project/sinashish.github.io/assets/js/copy_code.js
Terser: Minifying /Users/ashish.sinha/Documents/project/sinashish.github.io/assets/js/diff2html-setup.js
Terser: Minifying /Users/ashish.sinha/Documents/project/sinashish.github.io/assets/js/distillpub/overrides.js
Terser: Minifying /Users/ashish.sinha/Documents/project/sinashish.github.io/assets/js/distillpub/template.v2.js
Terser: Minifying /Users/ashish.sinha/Documents/project/sinashish.github.io/assets/js/distillpub/transforms.v2.js
Terser: Minifying /Users/ashish.sinha/Documents/project/sinashish.github.io/assets/js/echarts-setup.js
Terser: Minifying /Users/ashish.sinha/Documents/project/sinashish.github.io/assets/js/highlight-search-term.js
Terser: Minifying /Users/ashish.sinha/Documents/project/sinashish.github.io/assets/js/jupyter_new_tab.js
Terser: Minifying /Users/ashish.sinha/Documents/project/sinashish.github.io/assets/js/leaflet-setup.js
Terser: Minifying /Users/ashish.sinha/Documents/project/sinashish.github.io/assets/js/masonry.js
Terser: Minifying /Users/ashish.sinha/Documents/project/sinashish.github.io/assets/js/mathjax-setup.js
Terser: Minifying /Users/ashish.sinha/Documents/project/sinashish.github.io/assets/js/mermaid-setup.js
Terser: Minifying /Users/ashish.sinha/Documents/project/sinashish.github.io/assets/js/newsletter.js
Terser: Minifying /Users/ashish.sinha/Documents/project/sinashish.github.io/assets/js/no_defer.js
Terser: Minifying /Users/ashish.sinha/Documents/project/sinashish.github.io/assets/js/plotly-setup.js
Terser: Minifying /Users/ashish.sinha/Documents/project/sinashish.github.io/assets/js/progress-bar.js
Terser: Minifying /Users/ashish.sinha/Documents/project/sinashish.github.io/assets/js/pseudocode-setup.js
Terser: Minifying /Users/ashish.sinha/Documents/project/sinashish.github.io/assets/js/search-setup.js
Terser: Minifying /Users/ashish.sinha/Documents/project/sinashish.github.io/assets/js/shortcut-key.js
Terser: Minifying /Users/ashish.sinha/Documents/project/sinashish.github.io/assets/js/theme.js
Terser: Minifying /Users/ashish.sinha/Documents/project/sinashish.github.io/assets/js/tooltips-setup.js
Terser: Minifying /Users/ashish.sinha/Documents/project/sinashish.github.io/assets/js/typograms.js
Terser: Minifying /Users/ashish.sinha/Documents/project/sinashish.github.io/assets/js/vega-setup.js
Terser: Minifying /Users/ashish.sinha/Documents/project/sinashish.github.io/assets/js/venobox-setup.js
Terser: Minifying /Users/ashish.sinha/Documents/project/sinashish.github.io/assets/js/wechat.js
Terser: Minifying /Users/ashish.sinha/Documents/project/sinashish.github.io/assets/js/zoom.js
Terser: Minifying /Users/ashish.sinha/Documents/project/sinashish.github.io/old-site/libs/custom/my_js.js
Terser: Minifying /Users/ashish.sinha/Documents/project/sinashish.github.io/old-site/libs/external/skeleton_tabs/skeleton-tabs.js
       Imagemagick: Searching files in /Users/ashish.sinha/Documents/project/sinashish.github.io/assets/img/
       Imagemagick: Adding static file /Users/ashish.sinha/Documents/project/sinashish.github.io/_site/assets/img/book_covers/the_godfather-480.webp
       Imagemagick: Adding static file /Users/ashish.sinha/Documents/project/sinashish.github.io/_site/assets/img/book_covers/the_godfather-800.webp
       Imagemagick: Adding static file /Users/ashish.sinha/Documents/project/sinashish.github.io/_site/assets/img/book_covers/the_godfather-1400.webp
       Imagemagick: Adding static file /Users/ashish.sinha/Documents/project/sinashish.github.io/_site/assets/img/posts/selection-480.webp
       Imagemagick: Adding static file /Users/ashish.sinha/Documents/project/sinashish.github.io/_site/assets/img/posts/selection-800.webp
       Imagemagick: Adding static file /Users/ashish.sinha/Documents/project/sinashish.github.io/_site/assets/img/posts/selection-1400.webp
       Imagemagick: Adding static file /Users/ashish.sinha/Documents/project/sinashish.github.io/_site/assets/img/publication_preview/dimple-480.webp
       Imagemagick: Adding static file /Users/ashish.sinha/Documents/project/sinashish.github.io/_site/assets/img/publication_preview/dimple-800.webp
       Imagemagick: Adding static file /Users/ashish.sinha/Documents/project/sinashish.github.io/_site/assets/img/publication_preview/dimple-1400.webp
       Imagemagick: Adding static file /Users/ashish.sinha/Documents/project/sinashish.github.io/_site/assets/img/publication_preview/msa-480.webp
       Imagemagick: Adding static file /Users/ashish.sinha/Documents/project/sinashish.github.io/_site/assets/img/publication_preview/msa-800.webp
       Imagemagick: Adding static file /Users/ashish.sinha/Documents/project/sinashish.github.io/_site/assets/img/publication_preview/msa-1400.webp
       Imagemagick: Adding static file /Users/ashish.sinha/Documents/project/sinashish.github.io/_site/assets/img/publication_preview/msc-thesis-480.webp
       Imagemagick: Adding static file /Users/ashish.sinha/Documents/project/sinashish.github.io/_site/assets/img/publication_preview/msc-thesis-800.webp
       Imagemagick: Adding static file /Users/ashish.sinha/Documents/project/sinashish.github.io/_site/assets/img/publication_preview/msc-thesis-1400.webp
       Imagemagick: Adding static file /Users/ashish.sinha/Documents/project/sinashish.github.io/_site/assets/img/publication_preview/trind-480.webp
       Imagemagick: Adding static file /Users/ashish.sinha/Documents/project/sinashish.github.io/_site/assets/img/publication_preview/trind-800.webp
       Imagemagick: Adding static file /Users/ashish.sinha/Documents/project/sinashish.github.io/_site/assets/img/publication_preview/trind-1400.webp
       Imagemagick: Adding static file /Users/ashish.sinha/Documents/project/sinashish.github.io/_site/assets/img/publication_preview/demoire-480.webp
       Imagemagick: Adding static file /Users/ashish.sinha/Documents/project/sinashish.github.io/_site/assets/img/publication_preview/demoire-800.webp
       Imagemagick: Adding static file /Users/ashish.sinha/Documents/project/sinashish.github.io/_site/assets/img/publication_preview/demoire-1400.webp
       Imagemagick: Adding static file /Users/ashish.sinha/Documents/project/sinashish.github.io/_site/assets/img/publication_preview/dermsynth3d-480.webp
       Imagemagick: Adding static file /Users/ashish.sinha/Documents/project/sinashish.github.io/_site/assets/img/publication_preview/dermsynth3d-800.webp
       Imagemagick: Adding static file /Users/ashish.sinha/Documents/project/sinashish.github.io/_site/assets/img/publication_preview/dermsynth3d-1400.webp
       Imagemagick: Adding static file /Users/ashish.sinha/Documents/project/sinashish.github.io/_site/assets/img/publication_preview/gagan-480.webp
       Imagemagick: Adding static file /Users/ashish.sinha/Documents/project/sinashish.github.io/_site/assets/img/publication_preview/gagan-800.webp
       Imagemagick: Adding static file /Users/ashish.sinha/Documents/project/sinashish.github.io/_site/assets/img/publication_preview/gagan-1400.webp
       Imagemagick: Adding static file /Users/ashish.sinha/Documents/project/sinashish.github.io/_site/assets/img/publication_preview/ethical-480.webp
       Imagemagick: Adding static file /Users/ashish.sinha/Documents/project/sinashish.github.io/_site/assets/img/publication_preview/ethical-800.webp
       Imagemagick: Adding static file /Users/ashish.sinha/Documents/project/sinashish.github.io/_site/assets/img/publication_preview/ethical-1400.webp
       Imagemagick: Adding static file /Users/ashish.sinha/Documents/project/sinashish.github.io/_site/assets/img/publication_preview/unpose-480.webp
       Imagemagick: Adding static file /Users/ashish.sinha/Documents/project/sinashish.github.io/_site/assets/img/publication_preview/unpose-800.webp
       Imagemagick: Adding static file /Users/ashish.sinha/Documents/project/sinashish.github.io/_site/assets/img/publication_preview/unpose-1400.webp
       Imagemagick: Adding static file /Users/ashish.sinha/Documents/project/sinashish.github.io/_site/assets/img/publication_preview/mensa-480.webp
       Imagemagick: Adding static file /Users/ashish.sinha/Documents/project/sinashish.github.io/_site/assets/img/publication_preview/mensa-800.webp
       Imagemagick: Adding static file /Users/ashish.sinha/Documents/project/sinashish.github.io/_site/assets/img/publication_preview/mensa-1400.webp
       Imagemagick: Generated 0 file(s)
       Jekyll Feed: Generating feed for posts
         AutoPages: Disabled/Not configured in site.config.
        Pagination: Complete, processed 1 pagination page(s)
[33m           Warning: Empty `slug` generated for ''.[0m
                    ...done in 6.097542 seconds.
                    
      Regenerating: 1 file(s) changed at 2026-09-06 14:24:40
                    _pages/about.md
Terser: Minifying /Users/ashish.sinha/Documents/project/sinashish.github.io/assets/js/bibsearch.js
Terser: Minifying /Users/ashish.sinha/Documents/project/sinashish.github.io/assets/js/chartjs-setup.js
Terser: Minifying /Users/ashish.sinha/Documents/project/sinashish.github.io/assets/js/common.js
Terser: Minifying /Users/ashish.sinha/Documents/project/sinashish.github.io/assets/js/copy_code.js
Terser: Minifying /Users/ashish.sinha/Documents/project/sinashish.github.io/assets/js/diff2html-setup.js
Terser: Minifying /Users/ashish.sinha/Documents/project/sinashish.github.io/assets/js/distillpub/overrides.js
Terser: Minifying /Users/ashish.sinha/Documents/project/sinashish.github.io/assets/js/distillpub/template.v2.js
Terser: Minifying /Users/ashish.sinha/Documents/project/sinashish.github.io/assets/js/distillpub/transforms.v2.js
Terser: Minifying /Users/ashish.sinha/Documents/project/sinashish.github.io/assets/js/echarts-setup.js
Terser: Minifying /Users/ashish.sinha/Documents/project/sinashish.github.io/assets/js/highlight-search-term.js
Terser: Minifying /Users/ashish.sinha/Documents/project/sinashish.github.io/assets/js/jupyter_new_tab.js
Terser: Minifying /Users/ashish.sinha/Documents/project/sinashish.github.io/assets/js/leaflet-setup.js
Terser: Minifying /Users/ashish.sinha/Documents/project/sinashish.github.io/assets/js/masonry.js
Terser: Minifying /Users/ashish.sinha/Documents/project/sinashish.github.io/assets/js/mathjax-setup.js
Terser: Minifying /Users/ashish.sinha/Documents/project/sinashish.github.io/assets/js/mermaid-setup.js
Terser: Minifying /Users/ashish.sinha/Documents/project/sinashish.github.io/assets/js/newsletter.js
Terser: Minifying /Users/ashish.sinha/Documents/project/sinashish.github.io/assets/js/no_defer.js
Terser: Minifying /Users/ashish.sinha/Documents/project/sinashish.github.io/assets/js/plotly-setup.js
Terser: Minifying /Users/ashish.sinha/Documents/project/sinashish.github.io/assets/js/progress-bar.js
Terser: Minifying /Users/ashish.sinha/Documents/project/sinashish.github.io/assets/js/pseudocode-setup.js
Terser: Minifying /Users/ashish.sinha/Documents/project/sinashish.github.io/assets/js/search-setup.js
Terser: Minifying /Users/ashish.sinha/Documents/project/sinashish.github.io/assets/js/shortcut-key.js
Terser: Minifying /Users/ashish.sinha/Documents/project/sinashish.github.io/assets/js/theme.js
Terser: Minifying /Users/ashish.sinha/Documents/project/sinashish.github.io/assets/js/tooltips-setup.js
Terser: Minifying /Users/ashish.sinha/Documents/project/sinashish.github.io/assets/js/typograms.js
Terser: Minifying /Users/ashish.sinha/Documents/project/sinashish.github.io/assets/js/vega-setup.js
Terser: Minifying /Users/ashish.sinha/Documents/project/sinashish.github.io/assets/js/venobox-setup.js
Terser: Minifying /Users/ashish.sinha/Documents/project/sinashish.github.io/assets/js/wechat.js
Terser: Minifying /Users/ashish.sinha/Documents/project/sinashish.github.io/assets/js/zoom.js
Terser: Minifying /Users/ashish.sinha/Documents/project/sinashish.github.io/old-site/libs/custom/my_js.js
Terser: Minifying /Users/ashish.sinha/Documents/project/sinashish.github.io/old-site/libs/external/skeleton_tabs/skeleton-tabs.js
       Imagemagick: Searching files in /Users/ashish.sinha/Documents/project/sinashish.github.io/assets/img/
       Imagemagick: Adding static file /Users/ashish.sinha/Documents/project/sinashish.github.io/_site/assets/img/book_covers/the_godfather-480.webp
       Imagemagick: Adding static file /Users/ashish.sinha/Documents/project/sinashish.github.io/_site/assets/img/book_covers/the_godfather-800.webp
       Imagemagick: Adding static file /Users/ashish.sinha/Documents/project/sinashish.github.io/_site/assets/img/book_covers/the_godfather-1400.webp
       Imagemagick: Adding static file /Users/ashish.sinha/Documents/project/sinashish.github.io/_site/assets/img/posts/selection-480.webp
       Imagemagick: Adding static file /Users/ashish.sinha/Documents/project/sinashish.github.io/_site/assets/img/posts/selection-800.webp
       Imagemagick: Adding static file /Users/ashish.sinha/Documents/project/sinashish.github.io/_site/assets/img/posts/selection-1400.webp
       Imagemagick: Adding static file /Users/ashish.sinha/Documents/project/sinashish.github.io/_site/assets/img/publication_preview/dimple-480.webp
       Imagemagick: Adding static file /Users/ashish.sinha/Documents/project/sinashish.github.io/_site/assets/img/publication_preview/dimple-800.webp
       Imagemagick: Adding static file /Users/ashish.sinha/Documents/project/sinashish.github.io/_site/assets/img/publication_preview/dimple-1400.webp
       Imagemagick: Adding static file /Users/ashish.sinha/Documents/project/sinashish.github.io/_site/assets/img/publication_preview/msa-480.webp
       Imagemagick: Adding static file /Users/ashish.sinha/Documents/project/sinashish.github.io/_site/assets/img/publication_preview/msa-800.webp
       Imagemagick: Adding static file /Users/ashish.sinha/Documents/project/sinashish.github.io/_site/assets/img/publication_preview/msa-1400.webp
       Imagemagick: Adding static file /Users/ashish.sinha/Documents/project/sinashish.github.io/_site/assets/img/publication_preview/msc-thesis-480.webp
       Imagemagick: Adding static file /Users/ashish.sinha/Documents/project/sinashish.github.io/_site/assets/img/publication_preview/msc-thesis-800.webp
       Imagemagick: Adding static file /Users/ashish.sinha/Documents/project/sinashish.github.io/_site/assets/img/publication_preview/msc-thesis-1400.webp
       Imagemagick: Adding static file /Users/ashish.sinha/Documents/project/sinashish.github.io/_site/assets/img/publication_preview/trind-480.webp
       Imagemagick: Adding static file /Users/ashish.sinha/Documents/project/sinashish.github.io/_site/assets/img/publication_preview/trind-800.webp
       Imagemagick: Adding static file /Users/ashish.sinha/Documents/project/sinashish.github.io/_site/assets/img/publication_preview/trind-1400.webp
       Imagemagick: Adding static file /Users/ashish.sinha/Documents/project/sinashish.github.io/_site/assets/img/publication_preview/demoire-480.webp
       Imagemagick: Adding static file /Users/ashish.sinha/Documents/project/sinashish.github.io/_site/assets/img/publication_preview/demoire-800.webp
       Imagemagick: Adding static file /Users/ashish.sinha/Documents/project/sinashish.github.io/_site/assets/img/publication_preview/demoire-1400.webp
       Imagemagick: Adding static file /Users/ashish.sinha/Documents/project/sinashish.github.io/_site/assets/img/publication_preview/dermsynth3d-480.webp
       Imagemagick: Adding static file /Users/ashish.sinha/Documents/project/sinashish.github.io/_site/assets/img/publication_preview/dermsynth3d-800.webp
       Imagemagick: Adding static file /Users/ashish.sinha/Documents/project/sinashish.github.io/_site/assets/img/publication_preview/dermsynth3d-1400.webp
       Imagemagick: Adding static file /Users/ashish.sinha/Documents/project/sinashish.github.io/_site/assets/img/publication_preview/gagan-480.webp
       Imagemagick: Adding static file /Users/ashish.sinha/Documents/project/sinashish.github.io/_site/assets/img/publication_preview/gagan-800.webp
       Imagemagick: Adding static file /Users/ashish.sinha/Documents/project/sinashish.github.io/_site/assets/img/publication_preview/gagan-1400.webp
       Imagemagick: Adding static file /Users/ashish.sinha/Documents/project/sinashish.github.io/_site/assets/img/publication_preview/ethical-480.webp
       Imagemagick: Adding static file /Users/ashish.sinha/Documents/project/sinashish.github.io/_site/assets/img/publication_preview/ethical-800.webp
       Imagemagick: Adding static file /Users/ashish.sinha/Documents/project/sinashish.github.io/_site/assets/img/publication_preview/ethical-1400.webp
       Imagemagick: Adding static file /Users/ashish.sinha/Documents/project/sinashish.github.io/_site/assets/img/publication_preview/unpose-480.webp
       Imagemagick: Adding static file /Users/ashish.sinha/Documents/project/sinashish.github.io/_site/assets/img/publication_preview/unpose-800.webp
       Imagemagick: Adding static file /Users/ashish.sinha/Documents/project/sinashish.github.io/_site/assets/img/publication_preview/unpose-1400.webp
       Imagemagick: Adding static file /Users/ashish.sinha/Documents/project/sinashish.github.io/_site/assets/img/publication_preview/mensa-480.webp
       Imagemagick: Adding static file /Users/ashish.sinha/Documents/project/sinashish.github.io/_site/assets/img/publication_preview/mensa-800.webp
       Imagemagick: Adding static file /Users/ashish.sinha/Documents/project/sinashish.github.io/_site/assets/img/publication_preview/mensa-1400.webp
       Imagemagick: Generated 0 file(s)
       Jekyll Feed: Generating feed for posts
         AutoPages: Disabled/Not configured in site.config.
        Pagination: Complete, processed 1 pagination page(s)
[33m           Warning: Empty `slug` generated for ''.[0m
                    ...done in 6.011995 seconds.
                    
      Regenerating: 1 file(s) changed at 2026-09-06 14:25:51
                    assets/js/masonry.js
Terser: Minifying /Users/ashish.sinha/Documents/project/sinashish.github.io/assets/js/bibsearch.js
Terser: Minifying /Users/ashish.sinha/Documents/project/sinashish.github.io/assets/js/chartjs-setup.js
Terser: Minifying /Users/ashish.sinha/Documents/project/sinashish.github.io/assets/js/common.js
Terser: Minifying /Users/ashish.sinha/Documents/project/sinashish.github.io/assets/js/copy_code.js
Terser: Minifying /Users/ashish.sinha/Documents/project/sinashish.github.io/assets/js/diff2html-setup.js
Terser: Minifying /Users/ashish.sinha/Documents/project/sinashish.github.io/assets/js/distillpub/overrides.js
Terser: Minifying /Users/ashish.sinha/Documents/project/sinashish.github.io/assets/js/distillpub/template.v2.js
Terser: Minifying /Users/ashish.sinha/Documents/project/sinashish.github.io/assets/js/distillpub/transforms.v2.js
Terser: Minifying /Users/ashish.sinha/Documents/project/sinashish.github.io/assets/js/echarts-setup.js
Terser: Minifying /Users/ashish.sinha/Documents/project/sinashish.github.io/assets/js/highlight-search-term.js
Terser: Minifying /Users/ashish.sinha/Documents/project/sinashish.github.io/assets/js/jupyter_new_tab.js
Terser: Minifying /Users/ashish.sinha/Documents/project/sinashish.github.io/assets/js/leaflet-setup.js
Terser: Minifying /Users/ashish.sinha/Documents/project/sinashish.github.io/assets/js/masonry.js
Terser: Minifying /Users/ashish.sinha/Documents/project/sinashish.github.io/assets/js/mathjax-setup.js
Terser: Minifying /Users/ashish.sinha/Documents/project/sinashish.github.io/assets/js/mermaid-setup.js
Terser: Minifying /Users/ashish.sinha/Documents/project/sinashish.github.io/assets/js/newsletter.js
Terser: Minifying /Users/ashish.sinha/Documents/project/sinashish.github.io/assets/js/no_defer.js
Terser: Minifying /Users/ashish.sinha/Documents/project/sinashish.github.io/assets/js/plotly-setup.js
Terser: Minifying /Users/ashish.sinha/Documents/project/sinashish.github.io/assets/js/progress-bar.js
Terser: Minifying /Users/ashish.sinha/Documents/project/sinashish.github.io/assets/js/pseudocode-setup.js
Terser: Minifying /Users/ashish.sinha/Documents/project/sinashish.github.io/assets/js/search-setup.js
Terser: Minifying /Users/ashish.sinha/Documents/project/sinashish.github.io/assets/js/shortcut-key.js
Terser: Minifying /Users/ashish.sinha/Documents/project/sinashish.github.io/assets/js/theme.js
Terser: Minifying /Users/ashish.sinha/Documents/project/sinashish.github.io/assets/js/tooltips-setup.js
Terser: Minifying /Users/ashish.sinha/Documents/project/sinashish.github.io/assets/js/typograms.js
Terser: Minifying /Users/ashish.sinha/Documents/project/sinashish.github.io/assets/js/vega-setup.js
Terser: Minifying /Users/ashish.sinha/Documents/project/sinashish.github.io/assets/js/venobox-setup.js
Terser: Minifying /Users/ashish.sinha/Documents/project/sinashish.github.io/assets/js/wechat.js
Terser: Minifying /Users/ashish.sinha/Documents/project/sinashish.github.io/assets/js/zoom.js
Terser: Minifying /Users/ashish.sinha/Documents/project/sinashish.github.io/old-site/libs/custom/my_js.js
Terser: Minifying /Users/ashish.sinha/Documents/project/sinashish.github.io/old-site/libs/external/skeleton_tabs/skeleton-tabs.js
       Imagemagick: Searching files in /Users/ashish.sinha/Documents/project/sinashish.github.io/assets/img/
       Imagemagick: Adding static file /Users/ashish.sinha/Documents/project/sinashish.github.io/_site/assets/img/book_covers/the_godfather-480.webp
       Imagemagick: Adding static file /Users/ashish.sinha/Documents/project/sinashish.github.io/_site/assets/img/book_covers/the_godfather-800.webp
       Imagemagick: Adding static file /Users/ashish.sinha/Documents/project/sinashish.github.io/_site/assets/img/book_covers/the_godfather-1400.webp
       Imagemagick: Adding static file /Users/ashish.sinha/Documents/project/sinashish.github.io/_site/assets/img/posts/selection-480.webp
       Imagemagick: Adding static file /Users/ashish.sinha/Documents/project/sinashish.github.io/_site/assets/img/posts/selection-800.webp
       Imagemagick: Adding static file /Users/ashish.sinha/Documents/project/sinashish.github.io/_site/assets/img/posts/selection-1400.webp
       Imagemagick: Adding static file /Users/ashish.sinha/Documents/project/sinashish.github.io/_site/assets/img/publication_preview/dimple-480.webp
       Imagemagick: Adding static file /Users/ashish.sinha/Documents/project/sinashish.github.io/_site/assets/img/publication_preview/dimple-800.webp
       Imagemagick: Adding static file /Users/ashish.sinha/Documents/project/sinashish.github.io/_site/assets/img/publication_preview/dimple-1400.webp
       Imagemagick: Adding static file /Users/ashish.sinha/Documents/project/sinashish.github.io/_site/assets/img/publication_preview/msa-480.webp
       Imagemagick: Adding static file /Users/ashish.sinha/Documents/project/sinashish.github.io/_site/assets/img/publication_preview/msa-800.webp
       Imagemagick: Adding static file /Users/ashish.sinha/Documents/project/sinashish.github.io/_site/assets/img/publication_preview/msa-1400.webp
       Imagemagick: Adding static file /Users/ashish.sinha/Documents/project/sinashish.github.io/_site/assets/img/publication_preview/msc-thesis-480.webp
       Imagemagick: Adding static file /Users/ashish.sinha/Documents/project/sinashish.github.io/_site/assets/img/publication_preview/msc-thesis-800.webp
       Imagemagick: Adding static file /Users/ashish.sinha/Documents/project/sinashish.github.io/_site/assets/img/publication_preview/msc-thesis-1400.webp
       Imagemagick: Adding static file /Users/ashish.sinha/Documents/project/sinashish.github.io/_site/assets/img/publication_preview/trind-480.webp
       Imagemagick: Adding static file /Users/ashish.sinha/Documents/project/sinashish.github.io/_site/assets/img/publication_preview/trind-800.webp
       Imagemagick: Adding static file /Users/ashish.sinha/Documents/project/sinashish.github.io/_site/assets/img/publication_preview/trind-1400.webp
       Imagemagick: Adding static file /Users/ashish.sinha/Documents/project/sinashish.github.io/_site/assets/img/publication_preview/demoire-480.webp
       Imagemagick: Adding static file /Users/ashish.sinha/Documents/project/sinashish.github.io/_site/assets/img/publication_preview/demoire-800.webp
       Imagemagick: Adding static file /Users/ashish.sinha/Documents/project/sinashish.github.io/_site/assets/img/publication_preview/demoire-1400.webp
       Imagemagick: Adding static file /Users/ashish.sinha/Documents/project/sinashish.github.io/_site/assets/img/publication_preview/dermsynth3d-480.webp
       Imagemagick: Adding static file /Users/ashish.sinha/Documents/project/sinashish.github.io/_site/assets/img/publication_preview/dermsynth3d-800.webp
       Imagemagick: Adding static file /Users/ashish.sinha/Documents/project/sinashish.github.io/_site/assets/img/publication_preview/dermsynth3d-1400.webp
       Imagemagick: Adding static file /Users/ashish.sinha/Documents/project/sinashish.github.io/_site/assets/img/publication_preview/gagan-480.webp
       Imagemagick: Adding static file /Users/ashish.sinha/Documents/project/sinashish.github.io/_site/assets/img/publication_preview/gagan-800.webp
       Imagemagick: Adding static file /Users/ashish.sinha/Documents/project/sinashish.github.io/_site/assets/img/publication_preview/gagan-1400.webp
       Imagemagick: Adding static file /Users/ashish.sinha/Documents/project/sinashish.github.io/_site/assets/img/publication_preview/ethical-480.webp
       Imagemagick: Adding static file /Users/ashish.sinha/Documents/project/sinashish.github.io/_site/assets/img/publication_preview/ethical-800.webp
       Imagemagick: Adding static file /Users/ashish.sinha/Documents/project/sinashish.github.io/_site/assets/img/publication_preview/ethical-1400.webp
       Imagemagick: Adding static file /Users/ashish.sinha/Documents/project/sinashish.github.io/_site/assets/img/publication_preview/unpose-480.webp
       Imagemagick: Adding static file /Users/ashish.sinha/Documents/project/sinashish.github.io/_site/assets/img/publication_preview/unpose-800.webp
       Imagemagick: Adding static file /Users/ashish.sinha/Documents/project/sinashish.github.io/_site/assets/img/publication_preview/unpose-1400.webp
       Imagemagick: Adding static file /Users/ashish.sinha/Documents/project/sinashish.github.io/_site/assets/img/publication_preview/mensa-480.webp
       Imagemagick: Adding static file /Users/ashish.sinha/Documents/project/sinashish.github.io/_site/assets/img/publication_preview/mensa-800.webp
       Imagemagick: Adding static file /Users/ashish.sinha/Documents/project/sinashish.github.io/_site/assets/img/publication_preview/mensa-1400.webp
       Imagemagick: Generated 0 file(s)
       Jekyll Feed: Generating feed for posts
         AutoPages: Disabled/Not configured in site.config.
        Pagination: Complete, processed 1 pagination page(s)
[33m           Warning: Empty `slug` generated for ''.[0m
                    ...done in 6.762688 seconds.
                    
      Regenerating: 1 file(s) changed at 2026-09-06 14:25:58
                    _pages/photography.md
Terser: Minifying /Users/ashish.sinha/Documents/project/sinashish.github.io/assets/js/bibsearch.js
Terser: Minifying /Users/ashish.sinha/Documents/project/sinashish.github.io/assets/js/chartjs-setup.js
Terser: Minifying /Users/ashish.sinha/Documents/project/sinashish.github.io/assets/js/common.js
Terser: Minifying /Users/ashish.sinha/Documents/project/sinashish.github.io/assets/js/copy_code.js
Terser: Minifying /Users/ashish.sinha/Documents/project/sinashish.github.io/assets/js/diff2html-setup.js
Terser: Minifying /Users/ashish.sinha/Documents/project/sinashish.github.io/assets/js/distillpub/overrides.js
Terser: Minifying /Users/ashish.sinha/Documents/project/sinashish.github.io/assets/js/distillpub/template.v2.js
Terser: Minifying /Users/ashish.sinha/Documents/project/sinashish.github.io/assets/js/distillpub/transforms.v2.js
Terser: Minifying /Users/ashish.sinha/Documents/project/sinashish.github.io/assets/js/echarts-setup.js
Terser: Minifying /Users/ashish.sinha/Documents/project/sinashish.github.io/assets/js/highlight-search-term.js
Terser: Minifying /Users/ashish.sinha/Documents/project/sinashish.github.io/assets/js/jupyter_new_tab.js
Terser: Minifying /Users/ashish.sinha/Documents/project/sinashish.github.io/assets/js/leaflet-setup.js
Terser: Minifying /Users/ashish.sinha/Documents/project/sinashish.github.io/assets/js/masonry.js
Terser: Minifying /Users/ashish.sinha/Documents/project/sinashish.github.io/assets/js/mathjax-setup.js
Terser: Minifying /Users/ashish.sinha/Documents/project/sinashish.github.io/assets/js/mermaid-setup.js
Terser: Minifying /Users/ashish.sinha/Documents/project/sinashish.github.io/assets/js/newsletter.js
Terser: Minifying /Users/ashish.sinha/Documents/project/sinashish.github.io/assets/js/no_defer.js
Terser: Minifying /Users/ashish.sinha/Documents/project/sinashish.github.io/assets/js/plotly-setup.js
Terser: Minifying /Users/ashish.sinha/Documents/project/sinashish.github.io/assets/js/progress-bar.js
Terser: Minifying /Users/ashish.sinha/Documents/project/sinashish.github.io/assets/js/pseudocode-setup.js
Terser: Minifying /Users/ashish.sinha/Documents/project/sinashish.github.io/assets/js/search-setup.js
Terser: Minifying /Users/ashish.sinha/Documents/project/sinashish.github.io/assets/js/shortcut-key.js
Terser: Minifying /Users/ashish.sinha/Documents/project/sinashish.github.io/assets/js/theme.js
Terser: Minifying /Users/ashish.sinha/Documents/project/sinashish.github.io/assets/js/tooltips-setup.js
Terser: Minifying /Users/ashish.sinha/Documents/project/sinashish.github.io/assets/js/typograms.js
Terser: Minifying /Users/ashish.sinha/Documents/project/sinashish.github.io/assets/js/vega-setup.js
Terser: Minifying /Users/ashish.sinha/Documents/project/sinashish.github.io/assets/js/venobox-setup.js
Terser: Minifying /Users/ashish.sinha/Documents/project/sinashish.github.io/assets/js/wechat.js
Terser: Minifying /Users/ashish.sinha/Documents/project/sinashish.github.io/assets/js/zoom.js
Terser: Minifying /Users/ashish.sinha/Documents/project/sinashish.github.io/old-site/libs/custom/my_js.js
Terser: Minifying /Users/ashish.sinha/Documents/project/sinashish.github.io/old-site/libs/external/skeleton_tabs/skeleton-tabs.js
       Imagemagick: Searching files in /Users/ashish.sinha/Documents/project/sinashish.github.io/assets/img/
       Imagemagick: Adding static file /Users/ashish.sinha/Documents/project/sinashish.github.io/_site/assets/img/book_covers/the_godfather-480.webp
       Imagemagick: Adding static file /Users/ashish.sinha/Documents/project/sinashish.github.io/_site/assets/img/book_covers/the_godfather-800.webp
       Imagemagick: Adding static file /Users/ashish.sinha/Documents/project/sinashish.github.io/_site/assets/img/book_covers/the_godfather-1400.webp
       Imagemagick: Adding static file /Users/ashish.sinha/Documents/project/sinashish.github.io/_site/assets/img/posts/selection-480.webp
       Imagemagick: Adding static file /Users/ashish.sinha/Documents/project/sinashish.github.io/_site/assets/img/posts/selection-800.webp
       Imagemagick: Adding static file /Users/ashish.sinha/Documents/project/sinashish.github.io/_site/assets/img/posts/selection-1400.webp
       Imagemagick: Adding static file /Users/ashish.sinha/Documents/project/sinashish.github.io/_site/assets/img/publication_preview/dimple-480.webp
       Imagemagick: Adding static file /Users/ashish.sinha/Documents/project/sinashish.github.io/_site/assets/img/publication_preview/dimple-800.webp
       Imagemagick: Adding static file /Users/ashish.sinha/Documents/project/sinashish.github.io/_site/assets/img/publication_preview/dimple-1400.webp
       Imagemagick: Adding static file /Users/ashish.sinha/Documents/project/sinashish.github.io/_site/assets/img/publication_preview/msa-480.webp
       Imagemagick: Adding static file /Users/ashish.sinha/Documents/project/sinashish.github.io/_site/assets/img/publication_preview/msa-800.webp
       Imagemagick: Adding static file /Users/ashish.sinha/Documents/project/sinashish.github.io/_site/assets/img/publication_preview/msa-1400.webp
       Imagemagick: Adding static file /Users/ashish.sinha/Documents/project/sinashish.github.io/_site/assets/img/publication_preview/msc-thesis-480.webp
       Imagemagick: Adding static file /Users/ashish.sinha/Documents/project/sinashish.github.io/_site/assets/img/publication_preview/msc-thesis-800.webp
       Imagemagick: Adding static file /Users/ashish.sinha/Documents/project/sinashish.github.io/_site/assets/img/publication_preview/msc-thesis-1400.webp
       Imagemagick: Adding static file /Users/ashish.sinha/Documents/project/sinashish.github.io/_site/assets/img/publication_preview/trind-480.webp
       Imagemagick: Adding static file /Users/ashish.sinha/Documents/project/sinashish.github.io/_site/assets/img/publication_preview/trind-800.webp
       Imagemagick: Adding static file /Users/ashish.sinha/Documents/project/sinashish.github.io/_site/assets/img/publication_preview/trind-1400.webp
       Imagemagick: Adding static file /Users/ashish.sinha/Documents/project/sinashish.github.io/_site/assets/img/publication_preview/demoire-480.webp
       Imagemagick: Adding static file /Users/ashish.sinha/Documents/project/sinashish.github.io/_site/assets/img/publication_preview/demoire-800.webp
       Imagemagick: Adding static file /Users/ashish.sinha/Documents/project/sinashish.github.io/_site/assets/img/publication_preview/demoire-1400.webp
       Imagemagick: Adding static file /Users/ashish.sinha/Documents/project/sinashish.github.io/_site/assets/img/publication_preview/dermsynth3d-480.webp
       Imagemagick: Adding static file /Users/ashish.sinha/Documents/project/sinashish.github.io/_site/assets/img/publication_preview/dermsynth3d-800.webp
       Imagemagick: Adding static file /Users/ashish.sinha/Documents/project/sinashish.github.io/_site/assets/img/publication_preview/dermsynth3d-1400.webp
       Imagemagick: Adding static file /Users/ashish.sinha/Documents/project/sinashish.github.io/_site/assets/img/publication_preview/gagan-480.webp
       Imagemagick: Adding static file /Users/ashish.sinha/Documents/project/sinashish.github.io/_site/assets/img/publication_preview/gagan-800.webp
       Imagemagick: Adding static file /Users/ashish.sinha/Documents/project/sinashish.github.io/_site/assets/img/publication_preview/gagan-1400.webp
       Imagemagick: Adding static file /Users/ashish.sinha/Documents/project/sinashish.github.io/_site/assets/img/publication_preview/ethical-480.webp
       Imagemagick: Adding static file /Users/ashish.sinha/Documents/project/sinashish.github.io/_site/assets/img/publication_preview/ethical-800.webp
       Imagemagick: Adding static file /Users/ashish.sinha/Documents/project/sinashish.github.io/_site/assets/img/publication_preview/ethical-1400.webp
       Imagemagick: Adding static file /Users/ashish.sinha/Documents/project/sinashish.github.io/_site/assets/img/publication_preview/unpose-480.webp
       Imagemagick: Adding static file /Users/ashish.sinha/Documents/project/sinashish.github.io/_site/assets/img/publication_preview/unpose-800.webp
       Imagemagick: Adding static file /Users/ashish.sinha/Documents/project/sinashish.github.io/_site/assets/img/publication_preview/unpose-1400.webp
       Imagemagick: Adding static file /Users/ashish.sinha/Documents/project/sinashish.github.io/_site/assets/img/publication_preview/mensa-480.webp
       Imagemagick: Adding static file /Users/ashish.sinha/Documents/project/sinashish.github.io/_site/assets/img/publication_preview/mensa-800.webp
       Imagemagick: Adding static file /Users/ashish.sinha/Documents/project/sinashish.github.io/_site/assets/img/publication_preview/mensa-1400.webp
       Imagemagick: Generated 0 file(s)
       Jekyll Feed: Generating feed for posts
         AutoPages: Disabled/Not configured in site.config.
        Pagination: Complete, processed 1 pagination page(s)
[33m           Warning: Empty `slug` generated for ''.[0m
                    ...done in 7.411526 seconds.
                    
      Regenerating: 1 file(s) changed at 2026-09-06 14:26:38
                    assets/img/photography/frisbee_1.webp
Terser: Minifying /Users/ashish.sinha/Documents/project/sinashish.github.io/assets/js/bibsearch.js
Terser: Minifying /Users/ashish.sinha/Documents/project/sinashish.github.io/assets/js/chartjs-setup.js
Terser: Minifying /Users/ashish.sinha/Documents/project/sinashish.github.io/assets/js/common.js
Terser: Minifying /Users/ashish.sinha/Documents/project/sinashish.github.io/assets/js/copy_code.js
Terser: Minifying /Users/ashish.sinha/Documents/project/sinashish.github.io/assets/js/diff2html-setup.js
Terser: Minifying /Users/ashish.sinha/Documents/project/sinashish.github.io/assets/js/distillpub/overrides.js
Terser: Minifying /Users/ashish.sinha/Documents/project/sinashish.github.io/assets/js/distillpub/template.v2.js
Terser: Minifying /Users/ashish.sinha/Documents/project/sinashish.github.io/assets/js/distillpub/transforms.v2.js
Terser: Minifying /Users/ashish.sinha/Documents/project/sinashish.github.io/assets/js/echarts-setup.js
Terser: Minifying /Users/ashish.sinha/Documents/project/sinashish.github.io/assets/js/highlight-search-term.js
Terser: Minifying /Users/ashish.sinha/Documents/project/sinashish.github.io/assets/js/jupyter_new_tab.js
Terser: Minifying /Users/ashish.sinha/Documents/project/sinashish.github.io/assets/js/leaflet-setup.js
Terser: Minifying /Users/ashish.sinha/Documents/project/sinashish.github.io/assets/js/masonry.js
Terser: Minifying /Users/ashish.sinha/Documents/project/sinashish.github.io/assets/js/mathjax-setup.js
Terser: Minifying /Users/ashish.sinha/Documents/project/sinashish.github.io/assets/js/mermaid-setup.js
Terser: Minifying /Users/ashish.sinha/Documents/project/sinashish.github.io/assets/js/newsletter.js
Terser: Minifying /Users/ashish.sinha/Documents/project/sinashish.github.io/assets/js/no_defer.js
Terser: Minifying /Users/ashish.sinha/Documents/project/sinashish.github.io/assets/js/plotly-setup.js
Terser: Minifying /Users/ashish.sinha/Documents/project/sinashish.github.io/assets/js/progress-bar.js
Terser: Minifying /Users/ashish.sinha/Documents/project/sinashish.github.io/assets/js/pseudocode-setup.js
Terser: Minifying /Users/ashish.sinha/Documents/project/sinashish.github.io/assets/js/search-setup.js
Terser: Minifying /Users/ashish.sinha/Documents/project/sinashish.github.io/assets/js/shortcut-key.js
Terser: Minifying /Users/ashish.sinha/Documents/project/sinashish.github.io/assets/js/theme.js
Terser: Minifying /Users/ashish.sinha/Documents/project/sinashish.github.io/assets/js/tooltips-setup.js
Terser: Minifying /Users/ashish.sinha/Documents/project/sinashish.github.io/assets/js/typograms.js
Terser: Minifying /Users/ashish.sinha/Documents/project/sinashish.github.io/assets/js/vega-setup.js
Terser: Minifying /Users/ashish.sinha/Documents/project/sinashish.github.io/assets/js/venobox-setup.js
Terser: Minifying /Users/ashish.sinha/Documents/project/sinashish.github.io/assets/js/wechat.js
Terser: Minifying /Users/ashish.sinha/Documents/project/sinashish.github.io/assets/js/zoom.js
Terser: Minifying /Users/ashish.sinha/Documents/project/sinashish.github.io/old-site/libs/custom/my_js.js
Terser: Minifying /Users/ashish.sinha/Documents/project/sinashish.github.io/old-site/libs/external/skeleton_tabs/skeleton-tabs.js
       Imagemagick: Searching files in /Users/ashish.sinha/Documents/project/sinashish.github.io/assets/img/
       Imagemagick: Adding static file /Users/ashish.sinha/Documents/project/sinashish.github.io/_site/assets/img/book_covers/the_godfather-480.webp
       Imagemagick: Adding static file /Users/ashish.sinha/Documents/project/sinashish.github.io/_site/assets/img/book_covers/the_godfather-800.webp
       Imagemagick: Adding static file /Users/ashish.sinha/Documents/project/sinashish.github.io/_site/assets/img/book_covers/the_godfather-1400.webp
       Imagemagick: Adding static file /Users/ashish.sinha/Documents/project/sinashish.github.io/_site/assets/img/posts/selection-480.webp
       Imagemagick: Adding static file /Users/ashish.sinha/Documents/project/sinashish.github.io/_site/assets/img/posts/selection-800.webp
       Imagemagick: Adding static file /Users/ashish.sinha/Documents/project/sinashish.github.io/_site/assets/img/posts/selection-1400.webp
       Imagemagick: Adding static file /Users/ashish.sinha/Documents/project/sinashish.github.io/_site/assets/img/publication_preview/dimple-480.webp
       Imagemagick: Adding static file /Users/ashish.sinha/Documents/project/sinashish.github.io/_site/assets/img/publication_preview/dimple-800.webp
       Imagemagick: Adding static file /Users/ashish.sinha/Documents/project/sinashish.github.io/_site/assets/img/publication_preview/dimple-1400.webp
       Imagemagick: Adding static file /Users/ashish.sinha/Documents/project/sinashish.github.io/_site/assets/img/publication_preview/msa-480.webp
       Imagemagick: Adding static file /Users/ashish.sinha/Documents/project/sinashish.github.io/_site/assets/img/publication_preview/msa-800.webp
       Imagemagick: Adding static file /Users/ashish.sinha/Documents/project/sinashish.github.io/_site/assets/img/publication_preview/msa-1400.webp
       Imagemagick: Adding static file /Users/ashish.sinha/Documents/project/sinashish.github.io/_site/assets/img/publication_preview/msc-thesis-480.webp
       Imagemagick: Adding static file /Users/ashish.sinha/Documents/project/sinashish.github.io/_site/assets/img/publication_preview/msc-thesis-800.webp
       Imagemagick: Adding static file /Users/ashish.sinha/Documents/project/sinashish.github.io/_site/assets/img/publication_preview/msc-thesis-1400.webp
       Imagemagick: Adding static file /Users/ashish.sinha/Documents/project/sinashish.github.io/_site/assets/img/publication_preview/trind-480.webp
       Imagemagick: Adding static file /Users/ashish.sinha/Documents/project/sinashish.github.io/_site/assets/img/publication_preview/trind-800.webp
       Imagemagick: Adding static file /Users/ashish.sinha/Documents/project/sinashish.github.io/_site/assets/img/publication_preview/trind-1400.webp
       Imagemagick: Adding static file /Users/ashish.sinha/Documents/project/sinashish.github.io/_site/assets/img/publication_preview/demoire-480.webp
       Imagemagick: Adding static file /Users/ashish.sinha/Documents/project/sinashish.github.io/_site/assets/img/publication_preview/demoire-800.webp
       Imagemagick: Adding static file /Users/ashish.sinha/Documents/project/sinashish.github.io/_site/assets/img/publication_preview/demoire-1400.webp
       Imagemagick: Adding static file /Users/ashish.sinha/Documents/project/sinashish.github.io/_site/assets/img/publication_preview/dermsynth3d-480.webp
       Imagemagick: Adding static file /Users/ashish.sinha/Documents/project/sinashish.github.io/_site/assets/img/publication_preview/dermsynth3d-800.webp
       Imagemagick: Adding static file /Users/ashish.sinha/Documents/project/sinashish.github.io/_site/assets/img/publication_preview/dermsynth3d-1400.webp
       Imagemagick: Adding static file /Users/ashish.sinha/Documents/project/sinashish.github.io/_site/assets/img/publication_preview/gagan-480.webp
       Imagemagick: Adding static file /Users/ashish.sinha/Documents/project/sinashish.github.io/_site/assets/img/publication_preview/gagan-800.webp
       Imagemagick: Adding static file /Users/ashish.sinha/Documents/project/sinashish.github.io/_site/assets/img/publication_preview/gagan-1400.webp
       Imagemagick: Adding static file /Users/ashish.sinha/Documents/project/sinashish.github.io/_site/assets/img/publication_preview/ethical-480.webp
       Imagemagick: Adding static file /Users/ashish.sinha/Documents/project/sinashish.github.io/_site/assets/img/publication_preview/ethical-800.webp
       Imagemagick: Adding static file /Users/ashish.sinha/Documents/project/sinashish.github.io/_site/assets/img/publication_preview/ethical-1400.webp
       Imagemagick: Adding static file /Users/ashish.sinha/Documents/project/sinashish.github.io/_site/assets/img/publication_preview/unpose-480.webp
       Imagemagick: Adding static file /Users/ashish.sinha/Documents/project/sinashish.github.io/_site/assets/img/publication_preview/unpose-800.webp
       Imagemagick: Adding static file /Users/ashish.sinha/Documents/project/sinashish.github.io/_site/assets/img/publication_preview/unpose-1400.webp
       Imagemagick: Adding static file /Users/ashish.sinha/Documents/project/sinashish.github.io/_site/assets/img/publication_preview/mensa-480.webp
       Imagemagick: Adding static file /Users/ashish.sinha/Documents/project/sinashish.github.io/_site/assets/img/publication_preview/mensa-800.webp
       Imagemagick: Adding static file /Users/ashish.sinha/Documents/project/sinashish.github.io/_site/assets/img/publication_preview/mensa-1400.webp
       Imagemagick: Generated 0 file(s)
       Jekyll Feed: Generating feed for posts
         AutoPages: Disabled/Not configured in site.config.
        Pagination: Complete, processed 1 pagination page(s)
[33m           Warning: Empty `slug` generated for ''.[0m
                    ...done in 6.951649 seconds.
                    
      Regenerating: 2 file(s) changed at 2026-09-06 14:26:46
                    assets/img/photography/frisbee_1.webp
                    assets/img/photography/frisbee_2.webp
Terser: Minifying /Users/ashish.sinha/Documents/project/sinashish.github.io/assets/js/bibsearch.js
Terser: Minifying /Users/ashish.sinha/Documents/project/sinashish.github.io/assets/js/chartjs-setup.js
Terser: Minifying /Users/ashish.sinha/Documents/project/sinashish.github.io/assets/js/common.js
Terser: Minifying /Users/ashish.sinha/Documents/project/sinashish.github.io/assets/js/copy_code.js
Terser: Minifying /Users/ashish.sinha/Documents/project/sinashish.github.io/assets/js/diff2html-setup.js
Terser: Minifying /Users/ashish.sinha/Documents/project/sinashish.github.io/assets/js/distillpub/overrides.js
Terser: Minifying /Users/ashish.sinha/Documents/project/sinashish.github.io/assets/js/distillpub/template.v2.js
Terser: Minifying /Users/ashish.sinha/Documents/project/sinashish.github.io/assets/js/distillpub/transforms.v2.js
Terser: Minifying /Users/ashish.sinha/Documents/project/sinashish.github.io/assets/js/echarts-setup.js
Terser: Minifying /Users/ashish.sinha/Documents/project/sinashish.github.io/assets/js/highlight-search-term.js
Terser: Minifying /Users/ashish.sinha/Documents/project/sinashish.github.io/assets/js/jupyter_new_tab.js
Terser: Minifying /Users/ashish.sinha/Documents/project/sinashish.github.io/assets/js/leaflet-setup.js
Terser: Minifying /Users/ashish.sinha/Documents/project/sinashish.github.io/assets/js/masonry.js
Terser: Minifying /Users/ashish.sinha/Documents/project/sinashish.github.io/assets/js/mathjax-setup.js
Terser: Minifying /Users/ashish.sinha/Documents/project/sinashish.github.io/assets/js/mermaid-setup.js
Terser: Minifying /Users/ashish.sinha/Documents/project/sinashish.github.io/assets/js/newsletter.js
Terser: Minifying /Users/ashish.sinha/Documents/project/sinashish.github.io/assets/js/no_defer.js
Terser: Minifying /Users/ashish.sinha/Documents/project/sinashish.github.io/assets/js/plotly-setup.js
Terser: Minifying /Users/ashish.sinha/Documents/project/sinashish.github.io/assets/js/progress-bar.js
Terser: Minifying /Users/ashish.sinha/Documents/project/sinashish.github.io/assets/js/pseudocode-setup.js
Terser: Minifying /Users/ashish.sinha/Documents/project/sinashish.github.io/assets/js/search-setup.js
Terser: Minifying /Users/ashish.sinha/Documents/project/sinashish.github.io/assets/js/shortcut-key.js
Terser: Minifying /Users/ashish.sinha/Documents/project/sinashish.github.io/assets/js/theme.js
Terser: Minifying /Users/ashish.sinha/Documents/project/sinashish.github.io/assets/js/tooltips-setup.js
Terser: Minifying /Users/ashish.sinha/Documents/project/sinashish.github.io/assets/js/typograms.js
Terser: Minifying /Users/ashish.sinha/Documents/project/sinashish.github.io/assets/js/vega-setup.js
Terser: Minifying /Users/ashish.sinha/Documents/project/sinashish.github.io/assets/js/venobox-setup.js
Terser: Minifying /Users/ashish.sinha/Documents/project/sinashish.github.io/assets/js/wechat.js
Terser: Minifying /Users/ashish.sinha/Documents/project/sinashish.github.io/assets/js/zoom.js
Terser: Minifying /Users/ashish.sinha/Documents/project/sinashish.github.io/old-site/libs/custom/my_js.js
Terser: Minifying /Users/ashish.sinha/Documents/project/sinashish.github.io/old-site/libs/external/skeleton_tabs/skeleton-tabs.js
       Imagemagick: Searching files in /Users/ashish.sinha/Documents/project/sinashish.github.io/assets/img/
       Imagemagick: Adding static file /Users/ashish.sinha/Documents/project/sinashish.github.io/_site/assets/img/book_covers/the_godfather-480.webp
       Imagemagick: Adding static file /Users/ashish.sinha/Documents/project/sinashish.github.io/_site/assets/img/book_covers/the_godfather-800.webp
       Imagemagick: Adding static file /Users/ashish.sinha/Documents/project/sinashish.github.io/_site/assets/img/book_covers/the_godfather-1400.webp
       Imagemagick: Adding static file /Users/ashish.sinha/Documents/project/sinashish.github.io/_site/assets/img/posts/selection-480.webp
       Imagemagick: Adding static file /Users/ashish.sinha/Documents/project/sinashish.github.io/_site/assets/img/posts/selection-800.webp
       Imagemagick: Adding static file /Users/ashish.sinha/Documents/project/sinashish.github.io/_site/assets/img/posts/selection-1400.webp
       Imagemagick: Adding static file /Users/ashish.sinha/Documents/project/sinashish.github.io/_site/assets/img/publication_preview/dimple-480.webp
       Imagemagick: Adding static file /Users/ashish.sinha/Documents/project/sinashish.github.io/_site/assets/img/publication_preview/dimple-800.webp
       Imagemagick: Adding static file /Users/ashish.sinha/Documents/project/sinashish.github.io/_site/assets/img/publication_preview/dimple-1400.webp
       Imagemagick: Adding static file /Users/ashish.sinha/Documents/project/sinashish.github.io/_site/assets/img/publication_preview/msa-480.webp
       Imagemagick: Adding static file /Users/ashish.sinha/Documents/project/sinashish.github.io/_site/assets/img/publication_preview/msa-800.webp
       Imagemagick: Adding static file /Users/ashish.sinha/Documents/project/sinashish.github.io/_site/assets/img/publication_preview/msa-1400.webp
       Imagemagick: Adding static file /Users/ashish.sinha/Documents/project/sinashish.github.io/_site/assets/img/publication_preview/msc-thesis-480.webp
       Imagemagick: Adding static file /Users/ashish.sinha/Documents/project/sinashish.github.io/_site/assets/img/publication_preview/msc-thesis-800.webp
       Imagemagick: Adding static file /Users/ashish.sinha/Documents/project/sinashish.github.io/_site/assets/img/publication_preview/msc-thesis-1400.webp
       Imagemagick: Adding static file /Users/ashish.sinha/Documents/project/sinashish.github.io/_site/assets/img/publication_preview/trind-480.webp
       Imagemagick: Adding static file /Users/ashish.sinha/Documents/project/sinashish.github.io/_site/assets/img/publication_preview/trind-800.webp
       Imagemagick: Adding static file /Users/ashish.sinha/Documents/project/sinashish.github.io/_site/assets/img/publication_preview/trind-1400.webp
       Imagemagick: Adding static file /Users/ashish.sinha/Documents/project/sinashish.github.io/_site/assets/img/publication_preview/demoire-480.webp
       Imagemagick: Adding static file /Users/ashish.sinha/Documents/project/sinashish.github.io/_site/assets/img/publication_preview/demoire-800.webp
       Imagemagick: Adding static file /Users/ashish.sinha/Documents/project/sinashish.github.io/_site/assets/img/publication_preview/demoire-1400.webp
       Imagemagick: Adding static file /Users/ashish.sinha/Documents/project/sinashish.github.io/_site/assets/img/publication_preview/dermsynth3d-480.webp
       Imagemagick: Adding static file /Users/ashish.sinha/Documents/project/sinashish.github.io/_site/assets/img/publication_preview/dermsynth3d-800.webp
       Imagemagick: Adding static file /Users/ashish.sinha/Documents/project/sinashish.github.io/_site/assets/img/publication_preview/dermsynth3d-1400.webp
       Imagemagick: Adding static file /Users/ashish.sinha/Documents/project/sinashish.github.io/_site/assets/img/publication_preview/gagan-480.webp
       Imagemagick: Adding static file /Users/ashish.sinha/Documents/project/sinashish.github.io/_site/assets/img/publication_preview/gagan-800.webp
       Imagemagick: Adding static file /Users/ashish.sinha/Documents/project/sinashish.github.io/_site/assets/img/publication_preview/gagan-1400.webp
       Imagemagick: Adding static file /Users/ashish.sinha/Documents/project/sinashish.github.io/_site/assets/img/publication_preview/ethical-480.webp
       Imagemagick: Adding static file /Users/ashish.sinha/Documents/project/sinashish.github.io/_site/assets/img/publication_preview/ethical-800.webp
       Imagemagick: Adding static file /Users/ashish.sinha/Documents/project/sinashish.github.io/_site/assets/img/publication_preview/ethical-1400.webp
       Imagemagick: Adding static file /Users/ashish.sinha/Documents/project/sinashish.github.io/_site/assets/img/publication_preview/unpose-480.webp
       Imagemagick: Adding static file /Users/ashish.sinha/Documents/project/sinashish.github.io/_site/assets/img/publication_preview/unpose-800.webp
       Imagemagick: Adding static file /Users/ashish.sinha/Documents/project/sinashish.github.io/_site/assets/img/publication_preview/unpose-1400.webp
       Imagemagick: Adding static file /Users/ashish.sinha/Documents/project/sinashish.github.io/_site/assets/img/publication_preview/mensa-480.webp
       Imagemagick: Adding static file /Users/ashish.sinha/Documents/project/sinashish.github.io/_site/assets/img/publication_preview/mensa-800.webp
       Imagemagick: Adding static file /Users/ashish.sinha/Documents/project/sinashish.github.io/_site/assets/img/publication_preview/mensa-1400.webp
       Imagemagick: Generated 0 file(s)
       Jekyll Feed: Generating feed for posts
         AutoPages: Disabled/Not configured in site.config.
        Pagination: Complete, processed 1 pagination page(s)
[33m           Warning: Empty `slug` generated for ''.[0m
                    ...done in 7.233771 seconds.
                    
      Regenerating: 1 file(s) changed at 2026-09-06 14:27:48
                    _news/ethical_medical_synthesis.md
Terser: Minifying /Users/ashish.sinha/Documents/project/sinashish.github.io/assets/js/bibsearch.js
Terser: Minifying /Users/ashish.sinha/Documents/project/sinashish.github.io/assets/js/chartjs-setup.js
Terser: Minifying /Users/ashish.sinha/Documents/project/sinashish.github.io/assets/js/common.js
Terser: Minifying /Users/ashish.sinha/Documents/project/sinashish.github.io/assets/js/copy_code.js
Terser: Minifying /Users/ashish.sinha/Documents/project/sinashish.github.io/assets/js/diff2html-setup.js
Terser: Minifying /Users/ashish.sinha/Documents/project/sinashish.github.io/assets/js/distillpub/overrides.js
Terser: Minifying /Users/ashish.sinha/Documents/project/sinashish.github.io/assets/js/distillpub/template.v2.js
Terser: Minifying /Users/ashish.sinha/Documents/project/sinashish.github.io/assets/js/distillpub/transforms.v2.js
Terser: Minifying /Users/ashish.sinha/Documents/project/sinashish.github.io/assets/js/echarts-setup.js
Terser: Minifying /Users/ashish.sinha/Documents/project/sinashish.github.io/assets/js/highlight-search-term.js
Terser: Minifying /Users/ashish.sinha/Documents/project/sinashish.github.io/assets/js/jupyter_new_tab.js
Terser: Minifying /Users/ashish.sinha/Documents/project/sinashish.github.io/assets/js/leaflet-setup.js
Terser: Minifying /Users/ashish.sinha/Documents/project/sinashish.github.io/assets/js/masonry.js
Terser: Minifying /Users/ashish.sinha/Documents/project/sinashish.github.io/assets/js/mathjax-setup.js
Terser: Minifying /Users/ashish.sinha/Documents/project/sinashish.github.io/assets/js/mermaid-setup.js
Terser: Minifying /Users/ashish.sinha/Documents/project/sinashish.github.io/assets/js/newsletter.js
Terser: Minifying /Users/ashish.sinha/Documents/project/sinashish.github.io/assets/js/no_defer.js
Terser: Minifying /Users/ashish.sinha/Documents/project/sinashish.github.io/assets/js/plotly-setup.js
Terser: Minifying /Users/ashish.sinha/Documents/project/sinashish.github.io/assets/js/progress-bar.js
Terser: Minifying /Users/ashish.sinha/Documents/project/sinashish.github.io/assets/js/pseudocode-setup.js
Terser: Minifying /Users/ashish.sinha/Documents/project/sinashish.github.io/assets/js/search-setup.js
Terser: Minifying /Users/ashish.sinha/Documents/project/sinashish.github.io/assets/js/shortcut-key.js
Terser: Minifying /Users/ashish.sinha/Documents/project/sinashish.github.io/assets/js/theme.js
Terser: Minifying /Users/ashish.sinha/Documents/project/sinashish.github.io/assets/js/tooltips-setup.js
Terser: Minifying /Users/ashish.sinha/Documents/project/sinashish.github.io/assets/js/typograms.js
Terser: Minifying /Users/ashish.sinha/Documents/project/sinashish.github.io/assets/js/vega-setup.js
Terser: Minifying /Users/ashish.sinha/Documents/project/sinashish.github.io/assets/js/venobox-setup.js
Terser: Minifying /Users/ashish.sinha/Documents/project/sinashish.github.io/assets/js/wechat.js
Terser: Minifying /Users/ashish.sinha/Documents/project/sinashish.github.io/assets/js/zoom.js
Terser: Minifying /Users/ashish.sinha/Documents/project/sinashish.github.io/old-site/libs/custom/my_js.js
Terser: Minifying /Users/ashish.sinha/Documents/project/sinashish.github.io/old-site/libs/external/skeleton_tabs/skeleton-tabs.js
       Imagemagick: Searching files in /Users/ashish.sinha/Documents/project/sinashish.github.io/assets/img/
       Imagemagick: Adding static file /Users/ashish.sinha/Documents/project/sinashish.github.io/_site/assets/img/book_covers/the_godfather-480.webp
       Imagemagick: Adding static file /Users/ashish.sinha/Documents/project/sinashish.github.io/_site/assets/img/book_covers/the_godfather-800.webp
       Imagemagick: Adding static file /Users/ashish.sinha/Documents/project/sinashish.github.io/_site/assets/img/book_covers/the_godfather-1400.webp
       Imagemagick: Adding static file /Users/ashish.sinha/Documents/project/sinashish.github.io/_site/assets/img/posts/selection-480.webp
       Imagemagick: Adding static file /Users/ashish.sinha/Documents/project/sinashish.github.io/_site/assets/img/posts/selection-800.webp
       Imagemagick: Adding static file /Users/ashish.sinha/Documents/project/sinashish.github.io/_site/assets/img/posts/selection-1400.webp
       Imagemagick: Adding static file /Users/ashish.sinha/Documents/project/sinashish.github.io/_site/assets/img/publication_preview/dimple-480.webp
       Imagemagick: Adding static file /Users/ashish.sinha/Documents/project/sinashish.github.io/_site/assets/img/publication_preview/dimple-800.webp
       Imagemagick: Adding static file /Users/ashish.sinha/Documents/project/sinashish.github.io/_site/assets/img/publication_preview/dimple-1400.webp
       Imagemagick: Adding static file /Users/ashish.sinha/Documents/project/sinashish.github.io/_site/assets/img/publication_preview/msa-480.webp
       Imagemagick: Adding static file /Users/ashish.sinha/Documents/project/sinashish.github.io/_site/assets/img/publication_preview/msa-800.webp
       Imagemagick: Adding static file /Users/ashish.sinha/Documents/project/sinashish.github.io/_site/assets/img/publication_preview/msa-1400.webp
       Imagemagick: Adding static file /Users/ashish.sinha/Documents/project/sinashish.github.io/_site/assets/img/publication_preview/msc-thesis-480.webp
       Imagemagick: Adding static file /Users/ashish.sinha/Documents/project/sinashish.github.io/_site/assets/img/publication_preview/msc-thesis-800.webp
       Imagemagick: Adding static file /Users/ashish.sinha/Documents/project/sinashish.github.io/_site/assets/img/publication_preview/msc-thesis-1400.webp
       Imagemagick: Adding static file /Users/ashish.sinha/Documents/project/sinashish.github.io/_site/assets/img/publication_preview/trind-480.webp
       Imagemagick: Adding static file /Users/ashish.sinha/Documents/project/sinashish.github.io/_site/assets/img/publication_preview/trind-800.webp
       Imagemagick: Adding static file /Users/ashish.sinha/Documents/project/sinashish.github.io/_site/assets/img/publication_preview/trind-1400.webp
       Imagemagick: Adding static file /Users/ashish.sinha/Documents/project/sinashish.github.io/_site/assets/img/publication_preview/demoire-480.webp
       Imagemagick: Adding static file /Users/ashish.sinha/Documents/project/sinashish.github.io/_site/assets/img/publication_preview/demoire-800.webp
       Imagemagick: Adding static file /Users/ashish.sinha/Documents/project/sinashish.github.io/_site/assets/img/publication_preview/demoire-1400.webp
       Imagemagick: Adding static file /Users/ashish.sinha/Documents/project/sinashish.github.io/_site/assets/img/publication_preview/dermsynth3d-480.webp
       Imagemagick: Adding static file /Users/ashish.sinha/Documents/project/sinashish.github.io/_site/assets/img/publication_preview/dermsynth3d-800.webp
       Imagemagick: Adding static file /Users/ashish.sinha/Documents/project/sinashish.github.io/_site/assets/img/publication_preview/dermsynth3d-1400.webp
       Imagemagick: Adding static file /Users/ashish.sinha/Documents/project/sinashish.github.io/_site/assets/img/publication_preview/gagan-480.webp
       Imagemagick: Adding static file /Users/ashish.sinha/Documents/project/sinashish.github.io/_site/assets/img/publication_preview/gagan-800.webp
       Imagemagick: Adding static file /Users/ashish.sinha/Documents/project/sinashish.github.io/_site/assets/img/publication_preview/gagan-1400.webp
       Imagemagick: Adding static file /Users/ashish.sinha/Documents/project/sinashish.github.io/_site/assets/img/publication_preview/ethical-480.webp
       Imagemagick: Adding static file /Users/ashish.sinha/Documents/project/sinashish.github.io/_site/assets/img/publication_preview/ethical-800.webp
       Imagemagick: Adding static file /Users/ashish.sinha/Documents/project/sinashish.github.io/_site/assets/img/publication_preview/ethical-1400.webp
       Imagemagick: Adding static file /Users/ashish.sinha/Documents/project/sinashish.github.io/_site/assets/img/publication_preview/unpose-480.webp
       Imagemagick: Adding static file /Users/ashish.sinha/Documents/project/sinashish.github.io/_site/assets/img/publication_preview/unpose-800.webp
       Imagemagick: Adding static file /Users/ashish.sinha/Documents/project/sinashish.github.io/_site/assets/img/publication_preview/unpose-1400.webp
       Imagemagick: Adding static file /Users/ashish.sinha/Documents/project/sinashish.github.io/_site/assets/img/publication_preview/mensa-480.webp
       Imagemagick: Adding static file /Users/ashish.sinha/Documents/project/sinashish.github.io/_site/assets/img/publication_preview/mensa-800.webp
       Imagemagick: Adding static file /Users/ashish.sinha/Documents/project/sinashish.github.io/_site/assets/img/publication_preview/mensa-1400.webp
       Imagemagick: Generated 0 file(s)
       Jekyll Feed: Generating feed for posts
         AutoPages: Disabled/Not configured in site.config.
        Pagination: Complete, processed 1 pagination page(s)
[33m           Warning: Empty `slug` generated for ''.[0m
                    ...done in 7.244368 seconds.
                    
      Regenerating: 3 file(s) changed at 2026-09-06 14:29:51
                    _news/frisbee.md
                    _news/amii_end.md
                    _news/phd_start.md
Terser: Minifying /Users/ashish.sinha/Documents/project/sinashish.github.io/assets/js/bibsearch.js
Terser: Minifying /Users/ashish.sinha/Documents/project/sinashish.github.io/assets/js/chartjs-setup.js
Terser: Minifying /Users/ashish.sinha/Documents/project/sinashish.github.io/assets/js/common.js
Terser: Minifying /Users/ashish.sinha/Documents/project/sinashish.github.io/assets/js/copy_code.js
Terser: Minifying /Users/ashish.sinha/Documents/project/sinashish.github.io/assets/js/diff2html-setup.js
Terser: Minifying /Users/ashish.sinha/Documents/project/sinashish.github.io/assets/js/distillpub/overrides.js
Terser: Minifying /Users/ashish.sinha/Documents/project/sinashish.github.io/assets/js/distillpub/template.v2.js
Terser: Minifying /Users/ashish.sinha/Documents/project/sinashish.github.io/assets/js/distillpub/transforms.v2.js
Terser: Minifying /Users/ashish.sinha/Documents/project/sinashish.github.io/assets/js/echarts-setup.js
Terser: Minifying /Users/ashish.sinha/Documents/project/sinashish.github.io/assets/js/highlight-search-term.js
Terser: Minifying /Users/ashish.sinha/Documents/project/sinashish.github.io/assets/js/jupyter_new_tab.js
Terser: Minifying /Users/ashish.sinha/Documents/project/sinashish.github.io/assets/js/leaflet-setup.js
Terser: Minifying /Users/ashish.sinha/Documents/project/sinashish.github.io/assets/js/masonry.js
Terser: Minifying /Users/ashish.sinha/Documents/project/sinashish.github.io/assets/js/mathjax-setup.js
Terser: Minifying /Users/ashish.sinha/Documents/project/sinashish.github.io/assets/js/mermaid-setup.js
Terser: Minifying /Users/ashish.sinha/Documents/project/sinashish.github.io/assets/js/newsletter.js
Terser: Minifying /Users/ashish.sinha/Documents/project/sinashish.github.io/assets/js/no_defer.js
Terser: Minifying /Users/ashish.sinha/Documents/project/sinashish.github.io/assets/js/plotly-setup.js
Terser: Minifying /Users/ashish.sinha/Documents/project/sinashish.github.io/assets/js/progress-bar.js
Terser: Minifying /Users/ashish.sinha/Documents/project/sinashish.github.io/assets/js/pseudocode-setup.js
Terser: Minifying /Users/ashish.sinha/Documents/project/sinashish.github.io/assets/js/search-setup.js
Terser: Minifying /Users/ashish.sinha/Documents/project/sinashish.github.io/assets/js/shortcut-key.js
Terser: Minifying /Users/ashish.sinha/Documents/project/sinashish.github.io/assets/js/theme.js
Terser: Minifying /Users/ashish.sinha/Documents/project/sinashish.github.io/assets/js/tooltips-setup.js
Terser: Minifying /Users/ashish.sinha/Documents/project/sinashish.github.io/assets/js/typograms.js
Terser: Minifying /Users/ashish.sinha/Documents/project/sinashish.github.io/assets/js/vega-setup.js
Terser: Minifying /Users/ashish.sinha/Documents/project/sinashish.github.io/assets/js/venobox-setup.js
Terser: Minifying /Users/ashish.sinha/Documents/project/sinashish.github.io/assets/js/wechat.js
Terser: Minifying /Users/ashish.sinha/Documents/project/sinashish.github.io/assets/js/zoom.js
Terser: Minifying /Users/ashish.sinha/Documents/project/sinashish.github.io/old-site/libs/custom/my_js.js
Terser: Minifying /Users/ashish.sinha/Documents/project/sinashish.github.io/old-site/libs/external/skeleton_tabs/skeleton-tabs.js
       Imagemagick: Searching files in /Users/ashish.sinha/Documents/project/sinashish.github.io/assets/img/
       Imagemagick: Adding static file /Users/ashish.sinha/Documents/project/sinashish.github.io/_site/assets/img/book_covers/the_godfather-480.webp
       Imagemagick: Adding static file /Users/ashish.sinha/Documents/project/sinashish.github.io/_site/assets/img/book_covers/the_godfather-800.webp
       Imagemagick: Adding static file /Users/ashish.sinha/Documents/project/sinashish.github.io/_site/assets/img/book_covers/the_godfather-1400.webp
       Imagemagick: Adding static file /Users/ashish.sinha/Documents/project/sinashish.github.io/_site/assets/img/posts/selection-480.webp
       Imagemagick: Adding static file /Users/ashish.sinha/Documents/project/sinashish.github.io/_site/assets/img/posts/selection-800.webp
       Imagemagick: Adding static file /Users/ashish.sinha/Documents/project/sinashish.github.io/_site/assets/img/posts/selection-1400.webp
       Imagemagick: Adding static file /Users/ashish.sinha/Documents/project/sinashish.github.io/_site/assets/img/publication_preview/dimple-480.webp
       Imagemagick: Adding static file /Users/ashish.sinha/Documents/project/sinashish.github.io/_site/assets/img/publication_preview/dimple-800.webp
       Imagemagick: Adding static file /Users/ashish.sinha/Documents/project/sinashish.github.io/_site/assets/img/publication_preview/dimple-1400.webp
       Imagemagick: Adding static file /Users/ashish.sinha/Documents/project/sinashish.github.io/_site/assets/img/publication_preview/msa-480.webp
       Imagemagick: Adding static file /Users/ashish.sinha/Documents/project/sinashish.github.io/_site/assets/img/publication_preview/msa-800.webp
       Imagemagick: Adding static file /Users/ashish.sinha/Documents/project/sinashish.github.io/_site/assets/img/publication_preview/msa-1400.webp
       Imagemagick: Adding static file /Users/ashish.sinha/Documents/project/sinashish.github.io/_site/assets/img/publication_preview/msc-thesis-480.webp
       Imagemagick: Adding static file /Users/ashish.sinha/Documents/project/sinashish.github.io/_site/assets/img/publication_preview/msc-thesis-800.webp
       Imagemagick: Adding static file /Users/ashish.sinha/Documents/project/sinashish.github.io/_site/assets/img/publication_preview/msc-thesis-1400.webp
       Imagemagick: Adding static file /Users/ashish.sinha/Documents/project/sinashish.github.io/_site/assets/img/publication_preview/trind-480.webp
       Imagemagick: Adding static file /Users/ashish.sinha/Documents/project/sinashish.github.io/_site/assets/img/publication_preview/trind-800.webp
       Imagemagick: Adding static file /Users/ashish.sinha/Documents/project/sinashish.github.io/_site/assets/img/publication_preview/trind-1400.webp
       Imagemagick: Adding static file /Users/ashish.sinha/Documents/project/sinashish.github.io/_site/assets/img/publication_preview/demoire-480.webp
       Imagemagick: Adding static file /Users/ashish.sinha/Documents/project/sinashish.github.io/_site/assets/img/publication_preview/demoire-800.webp
       Imagemagick: Adding static file /Users/ashish.sinha/Documents/project/sinashish.github.io/_site/assets/img/publication_preview/demoire-1400.webp
       Imagemagick: Adding static file /Users/ashish.sinha/Documents/project/sinashish.github.io/_site/assets/img/publication_preview/dermsynth3d-480.webp
       Imagemagick: Adding static file /Users/ashish.sinha/Documents/project/sinashish.github.io/_site/assets/img/publication_preview/dermsynth3d-800.webp
       Imagemagick: Adding static file /Users/ashish.sinha/Documents/project/sinashish.github.io/_site/assets/img/publication_preview/dermsynth3d-1400.webp
       Imagemagick: Adding static file /Users/ashish.sinha/Documents/project/sinashish.github.io/_site/assets/img/publication_preview/gagan-480.webp
       Imagemagick: Adding static file /Users/ashish.sinha/Documents/project/sinashish.github.io/_site/assets/img/publication_preview/gagan-800.webp
       Imagemagick: Adding static file /Users/ashish.sinha/Documents/project/sinashish.github.io/_site/assets/img/publication_preview/gagan-1400.webp
       Imagemagick: Adding static file /Users/ashish.sinha/Documents/project/sinashish.github.io/_site/assets/img/publication_preview/ethical-480.webp
       Imagemagick: Adding static file /Users/ashish.sinha/Documents/project/sinashish.github.io/_site/assets/img/publication_preview/ethical-800.webp
       Imagemagick: Adding static file /Users/ashish.sinha/Documents/project/sinashish.github.io/_site/assets/img/publication_preview/ethical-1400.webp
       Imagemagick: Adding static file /Users/ashish.sinha/Documents/project/sinashish.github.io/_site/assets/img/publication_preview/unpose-480.webp
       Imagemagick: Adding static file /Users/ashish.sinha/Documents/project/sinashish.github.io/_site/assets/img/publication_preview/unpose-800.webp
       Imagemagick: Adding static file /Users/ashish.sinha/Documents/project/sinashish.github.io/_site/assets/img/publication_preview/unpose-1400.webp
       Imagemagick: Adding static file /Users/ashish.sinha/Documents/project/sinashish.github.io/_site/assets/img/publication_preview/mensa-480.webp
       Imagemagick: Adding static file /Users/ashish.sinha/Documents/project/sinashish.github.io/_site/assets/img/publication_preview/mensa-800.webp
       Imagemagick: Adding static file /Users/ashish.sinha/Documents/project/sinashish.github.io/_site/assets/img/publication_preview/mensa-1400.webp
       Imagemagick: Generated 0 file(s)
       Jekyll Feed: Generating feed for posts
         AutoPages: Disabled/Not configured in site.config.
        Pagination: Complete, processed 1 pagination page(s)
[33m           Warning: Empty `slug` generated for ''.[0m
                    ...done in 6.436283 seconds.
                    
      Regenerating: 1 file(s) changed at 2026-09-06 14:30:51
                    _news/frisbee.md
Terser: Minifying /Users/ashish.sinha/Documents/project/sinashish.github.io/assets/js/bibsearch.js
Terser: Minifying /Users/ashish.sinha/Documents/project/sinashish.github.io/assets/js/chartjs-setup.js
Terser: Minifying /Users/ashish.sinha/Documents/project/sinashish.github.io/assets/js/common.js
Terser: Minifying /Users/ashish.sinha/Documents/project/sinashish.github.io/assets/js/copy_code.js
Terser: Minifying /Users/ashish.sinha/Documents/project/sinashish.github.io/assets/js/diff2html-setup.js
Terser: Minifying /Users/ashish.sinha/Documents/project/sinashish.github.io/assets/js/distillpub/overrides.js
Terser: Minifying /Users/ashish.sinha/Documents/project/sinashish.github.io/assets/js/distillpub/template.v2.js
Terser: Minifying /Users/ashish.sinha/Documents/project/sinashish.github.io/assets/js/distillpub/transforms.v2.js
Terser: Minifying /Users/ashish.sinha/Documents/project/sinashish.github.io/assets/js/echarts-setup.js
Terser: Minifying /Users/ashish.sinha/Documents/project/sinashish.github.io/assets/js/highlight-search-term.js
Terser: Minifying /Users/ashish.sinha/Documents/project/sinashish.github.io/assets/js/jupyter_new_tab.js
Terser: Minifying /Users/ashish.sinha/Documents/project/sinashish.github.io/assets/js/leaflet-setup.js
Terser: Minifying /Users/ashish.sinha/Documents/project/sinashish.github.io/assets/js/masonry.js
Terser: Minifying /Users/ashish.sinha/Documents/project/sinashish.github.io/assets/js/mathjax-setup.js
Terser: Minifying /Users/ashish.sinha/Documents/project/sinashish.github.io/assets/js/mermaid-setup.js
Terser: Minifying /Users/ashish.sinha/Documents/project/sinashish.github.io/assets/js/newsletter.js
Terser: Minifying /Users/ashish.sinha/Documents/project/sinashish.github.io/assets/js/no_defer.js
Terser: Minifying /Users/ashish.sinha/Documents/project/sinashish.github.io/assets/js/plotly-setup.js
Terser: Minifying /Users/ashish.sinha/Documents/project/sinashish.github.io/assets/js/progress-bar.js
Terser: Minifying /Users/ashish.sinha/Documents/project/sinashish.github.io/assets/js/pseudocode-setup.js
Terser: Minifying /Users/ashish.sinha/Documents/project/sinashish.github.io/assets/js/search-setup.js
Terser: Minifying /Users/ashish.sinha/Documents/project/sinashish.github.io/assets/js/shortcut-key.js
Terser: Minifying /Users/ashish.sinha/Documents/project/sinashish.github.io/assets/js/theme.js
Terser: Minifying /Users/ashish.sinha/Documents/project/sinashish.github.io/assets/js/tooltips-setup.js
Terser: Minifying /Users/ashish.sinha/Documents/project/sinashish.github.io/assets/js/typograms.js
Terser: Minifying /Users/ashish.sinha/Documents/project/sinashish.github.io/assets/js/vega-setup.js
Terser: Minifying /Users/ashish.sinha/Documents/project/sinashish.github.io/assets/js/venobox-setup.js
Terser: Minifying /Users/ashish.sinha/Documents/project/sinashish.github.io/assets/js/wechat.js
Terser: Minifying /Users/ashish.sinha/Documents/project/sinashish.github.io/assets/js/zoom.js
Terser: Minifying /Users/ashish.sinha/Documents/project/sinashish.github.io/old-site/libs/custom/my_js.js
Terser: Minifying /Users/ashish.sinha/Documents/project/sinashish.github.io/old-site/libs/external/skeleton_tabs/skeleton-tabs.js
       Imagemagick: Searching files in /Users/ashish.sinha/Documents/project/sinashish.github.io/assets/img/
       Imagemagick: Adding static file /Users/ashish.sinha/Documents/project/sinashish.github.io/_site/assets/img/book_covers/the_godfather-480.webp
       Imagemagick: Adding static file /Users/ashish.sinha/Documents/project/sinashish.github.io/_site/assets/img/book_covers/the_godfather-800.webp
       Imagemagick: Adding static file /Users/ashish.sinha/Documents/project/sinashish.github.io/_site/assets/img/book_covers/the_godfather-1400.webp
       Imagemagick: Adding static file /Users/ashish.sinha/Documents/project/sinashish.github.io/_site/assets/img/posts/selection-480.webp
       Imagemagick: Adding static file /Users/ashish.sinha/Documents/project/sinashish.github.io/_site/assets/img/posts/selection-800.webp
       Imagemagick: Adding static file /Users/ashish.sinha/Documents/project/sinashish.github.io/_site/assets/img/posts/selection-1400.webp
       Imagemagick: Adding static file /Users/ashish.sinha/Documents/project/sinashish.github.io/_site/assets/img/publication_preview/dimple-480.webp
       Imagemagick: Adding static file /Users/ashish.sinha/Documents/project/sinashish.github.io/_site/assets/img/publication_preview/dimple-800.webp
       Imagemagick: Adding static file /Users/ashish.sinha/Documents/project/sinashish.github.io/_site/assets/img/publication_preview/dimple-1400.webp
       Imagemagick: Adding static file /Users/ashish.sinha/Documents/project/sinashish.github.io/_site/assets/img/publication_preview/msa-480.webp
       Imagemagick: Adding static file /Users/ashish.sinha/Documents/project/sinashish.github.io/_site/assets/img/publication_preview/msa-800.webp
       Imagemagick: Adding static file /Users/ashish.sinha/Documents/project/sinashish.github.io/_site/assets/img/publication_preview/msa-1400.webp
       Imagemagick: Adding static file /Users/ashish.sinha/Documents/project/sinashish.github.io/_site/assets/img/publication_preview/msc-thesis-480.webp
       Imagemagick: Adding static file /Users/ashish.sinha/Documents/project/sinashish.github.io/_site/assets/img/publication_preview/msc-thesis-800.webp
       Imagemagick: Adding static file /Users/ashish.sinha/Documents/project/sinashish.github.io/_site/assets/img/publication_preview/msc-thesis-1400.webp
       Imagemagick: Adding static file /Users/ashish.sinha/Documents/project/sinashish.github.io/_site/assets/img/publication_preview/trind-480.webp
       Imagemagick: Adding static file /Users/ashish.sinha/Documents/project/sinashish.github.io/_site/assets/img/publication_preview/trind-800.webp
       Imagemagick: Adding static file /Users/ashish.sinha/Documents/project/sinashish.github.io/_site/assets/img/publication_preview/trind-1400.webp
       Imagemagick: Adding static file /Users/ashish.sinha/Documents/project/sinashish.github.io/_site/assets/img/publication_preview/demoire-480.webp
       Imagemagick: Adding static file /Users/ashish.sinha/Documents/project/sinashish.github.io/_site/assets/img/publication_preview/demoire-800.webp
       Imagemagick: Adding static file /Users/ashish.sinha/Documents/project/sinashish.github.io/_site/assets/img/publication_preview/demoire-1400.webp
       Imagemagick: Adding static file /Users/ashish.sinha/Documents/project/sinashish.github.io/_site/assets/img/publication_preview/dermsynth3d-480.webp
       Imagemagick: Adding static file /Users/ashish.sinha/Documents/project/sinashish.github.io/_site/assets/img/publication_preview/dermsynth3d-800.webp
       Imagemagick: Adding static file /Users/ashish.sinha/Documents/project/sinashish.github.io/_site/assets/img/publication_preview/dermsynth3d-1400.webp
       Imagemagick: Adding static file /Users/ashish.sinha/Documents/project/sinashish.github.io/_site/assets/img/publication_preview/gagan-480.webp
       Imagemagick: Adding static file /Users/ashish.sinha/Documents/project/sinashish.github.io/_site/assets/img/publication_preview/gagan-800.webp
       Imagemagick: Adding static file /Users/ashish.sinha/Documents/project/sinashish.github.io/_site/assets/img/publication_preview/gagan-1400.webp
       Imagemagick: Adding static file /Users/ashish.sinha/Documents/project/sinashish.github.io/_site/assets/img/publication_preview/ethical-480.webp
       Imagemagick: Adding static file /Users/ashish.sinha/Documents/project/sinashish.github.io/_site/assets/img/publication_preview/ethical-800.webp
       Imagemagick: Adding static file /Users/ashish.sinha/Documents/project/sinashish.github.io/_site/assets/img/publication_preview/ethical-1400.webp
       Imagemagick: Adding static file /Users/ashish.sinha/Documents/project/sinashish.github.io/_site/assets/img/publication_preview/unpose-480.webp
       Imagemagick: Adding static file /Users/ashish.sinha/Documents/project/sinashish.github.io/_site/assets/img/publication_preview/unpose-800.webp
       Imagemagick: Adding static file /Users/ashish.sinha/Documents/project/sinashish.github.io/_site/assets/img/publication_preview/unpose-1400.webp
       Imagemagick: Adding static file /Users/ashish.sinha/Documents/project/sinashish.github.io/_site/assets/img/publication_preview/mensa-480.webp
       Imagemagick: Adding static file /Users/ashish.sinha/Documents/project/sinashish.github.io/_site/assets/img/publication_preview/mensa-800.webp
       Imagemagick: Adding static file /Users/ashish.sinha/Documents/project/sinashish.github.io/_site/assets/img/publication_preview/mensa-1400.webp
       Imagemagick: Generated 0 file(s)
       Jekyll Feed: Generating feed for posts
         AutoPages: Disabled/Not configured in site.config.
        Pagination: Complete, processed 1 pagination page(s)
[33m           Warning: Empty `slug` generated for ''.[0m
                    ...done in 6.082589 seconds.
                    
      Regenerating: 1 file(s) changed at 2026-09-06 14:30:57
                    _news/frisbee.md
Terser: Minifying /Users/ashish.sinha/Documents/project/sinashish.github.io/assets/js/bibsearch.js
Terser: Minifying /Users/ashish.sinha/Documents/project/sinashish.github.io/assets/js/chartjs-setup.js
Terser: Minifying /Users/ashish.sinha/Documents/project/sinashish.github.io/assets/js/common.js
Terser: Minifying /Users/ashish.sinha/Documents/project/sinashish.github.io/assets/js/copy_code.js
Terser: Minifying /Users/ashish.sinha/Documents/project/sinashish.github.io/assets/js/diff2html-setup.js
Terser: Minifying /Users/ashish.sinha/Documents/project/sinashish.github.io/assets/js/distillpub/overrides.js
Terser: Minifying /Users/ashish.sinha/Documents/project/sinashish.github.io/assets/js/distillpub/template.v2.js
Terser: Minifying /Users/ashish.sinha/Documents/project/sinashish.github.io/assets/js/distillpub/transforms.v2.js
Terser: Minifying /Users/ashish.sinha/Documents/project/sinashish.github.io/assets/js/echarts-setup.js
Terser: Minifying /Users/ashish.sinha/Documents/project/sinashish.github.io/assets/js/highlight-search-term.js
Terser: Minifying /Users/ashish.sinha/Documents/project/sinashish.github.io/assets/js/jupyter_new_tab.js
Terser: Minifying /Users/ashish.sinha/Documents/project/sinashish.github.io/assets/js/leaflet-setup.js
Terser: Minifying /Users/ashish.sinha/Documents/project/sinashish.github.io/assets/js/masonry.js
Terser: Minifying /Users/ashish.sinha/Documents/project/sinashish.github.io/assets/js/mathjax-setup.js
Terser: Minifying /Users/ashish.sinha/Documents/project/sinashish.github.io/assets/js/mermaid-setup.js
Terser: Minifying /Users/ashish.sinha/Documents/project/sinashish.github.io/assets/js/newsletter.js
Terser: Minifying /Users/ashish.sinha/Documents/project/sinashish.github.io/assets/js/no_defer.js
Terser: Minifying /Users/ashish.sinha/Documents/project/sinashish.github.io/assets/js/plotly-setup.js
Terser: Minifying /Users/ashish.sinha/Documents/project/sinashish.github.io/assets/js/progress-bar.js
Terser: Minifying /Users/ashish.sinha/Documents/project/sinashish.github.io/assets/js/pseudocode-setup.js
Terser: Minifying /Users/ashish.sinha/Documents/project/sinashish.github.io/assets/js/search-setup.js
Terser: Minifying /Users/ashish.sinha/Documents/project/sinashish.github.io/assets/js/shortcut-key.js
Terser: Minifying /Users/ashish.sinha/Documents/project/sinashish.github.io/assets/js/theme.js
Terser: Minifying /Users/ashish.sinha/Documents/project/sinashish.github.io/assets/js/tooltips-setup.js
Terser: Minifying /Users/ashish.sinha/Documents/project/sinashish.github.io/assets/js/typograms.js
Terser: Minifying /Users/ashish.sinha/Documents/project/sinashish.github.io/assets/js/vega-setup.js
Terser: Minifying /Users/ashish.sinha/Documents/project/sinashish.github.io/assets/js/venobox-setup.js
Terser: Minifying /Users/ashish.sinha/Documents/project/sinashish.github.io/assets/js/wechat.js
Terser: Minifying /Users/ashish.sinha/Documents/project/sinashish.github.io/assets/js/zoom.js
Terser: Minifying /Users/ashish.sinha/Documents/project/sinashish.github.io/old-site/libs/custom/my_js.js
Terser: Minifying /Users/ashish.sinha/Documents/project/sinashish.github.io/old-site/libs/external/skeleton_tabs/skeleton-tabs.js
       Imagemagick: Searching files in /Users/ashish.sinha/Documents/project/sinashish.github.io/assets/img/
       Imagemagick: Adding static file /Users/ashish.sinha/Documents/project/sinashish.github.io/_site/assets/img/book_covers/the_godfather-480.webp
       Imagemagick: Adding static file /Users/ashish.sinha/Documents/project/sinashish.github.io/_site/assets/img/book_covers/the_godfather-800.webp
       Imagemagick: Adding static file /Users/ashish.sinha/Documents/project/sinashish.github.io/_site/assets/img/book_covers/the_godfather-1400.webp
       Imagemagick: Adding static file /Users/ashish.sinha/Documents/project/sinashish.github.io/_site/assets/img/posts/selection-480.webp
       Imagemagick: Adding static file /Users/ashish.sinha/Documents/project/sinashish.github.io/_site/assets/img/posts/selection-800.webp
       Imagemagick: Adding static file /Users/ashish.sinha/Documents/project/sinashish.github.io/_site/assets/img/posts/selection-1400.webp
       Imagemagick: Adding static file /Users/ashish.sinha/Documents/project/sinashish.github.io/_site/assets/img/publication_preview/dimple-480.webp
       Imagemagick: Adding static file /Users/ashish.sinha/Documents/project/sinashish.github.io/_site/assets/img/publication_preview/dimple-800.webp
       Imagemagick: Adding static file /Users/ashish.sinha/Documents/project/sinashish.github.io/_site/assets/img/publication_preview/dimple-1400.webp
       Imagemagick: Adding static file /Users/ashish.sinha/Documents/project/sinashish.github.io/_site/assets/img/publication_preview/msa-480.webp
       Imagemagick: Adding static file /Users/ashish.sinha/Documents/project/sinashish.github.io/_site/assets/img/publication_preview/msa-800.webp
       Imagemagick: Adding static file /Users/ashish.sinha/Documents/project/sinashish.github.io/_site/assets/img/publication_preview/msa-1400.webp
       Imagemagick: Adding static file /Users/ashish.sinha/Documents/project/sinashish.github.io/_site/assets/img/publication_preview/msc-thesis-480.webp
       Imagemagick: Adding static file /Users/ashish.sinha/Documents/project/sinashish.github.io/_site/assets/img/publication_preview/msc-thesis-800.webp
       Imagemagick: Adding static file /Users/ashish.sinha/Documents/project/sinashish.github.io/_site/assets/img/publication_preview/msc-thesis-1400.webp
       Imagemagick: Adding static file /Users/ashish.sinha/Documents/project/sinashish.github.io/_site/assets/img/publication_preview/trind-480.webp
       Imagemagick: Adding static file /Users/ashish.sinha/Documents/project/sinashish.github.io/_site/assets/img/publication_preview/trind-800.webp
       Imagemagick: Adding static file /Users/ashish.sinha/Documents/project/sinashish.github.io/_site/assets/img/publication_preview/trind-1400.webp
       Imagemagick: Adding static file /Users/ashish.sinha/Documents/project/sinashish.github.io/_site/assets/img/publication_preview/demoire-480.webp
       Imagemagick: Adding static file /Users/ashish.sinha/Documents/project/sinashish.github.io/_site/assets/img/publication_preview/demoire-800.webp
       Imagemagick: Adding static file /Users/ashish.sinha/Documents/project/sinashish.github.io/_site/assets/img/publication_preview/demoire-1400.webp
       Imagemagick: Adding static file /Users/ashish.sinha/Documents/project/sinashish.github.io/_site/assets/img/publication_preview/dermsynth3d-480.webp
       Imagemagick: Adding static file /Users/ashish.sinha/Documents/project/sinashish.github.io/_site/assets/img/publication_preview/dermsynth3d-800.webp
       Imagemagick: Adding static file /Users/ashish.sinha/Documents/project/sinashish.github.io/_site/assets/img/publication_preview/dermsynth3d-1400.webp
       Imagemagick: Adding static file /Users/ashish.sinha/Documents/project/sinashish.github.io/_site/assets/img/publication_preview/gagan-480.webp
       Imagemagick: Adding static file /Users/ashish.sinha/Documents/project/sinashish.github.io/_site/assets/img/publication_preview/gagan-800.webp
       Imagemagick: Adding static file /Users/ashish.sinha/Documents/project/sinashish.github.io/_site/assets/img/publication_preview/gagan-1400.webp
       Imagemagick: Adding static file /Users/ashish.sinha/Documents/project/sinashish.github.io/_site/assets/img/publication_preview/ethical-480.webp
       Imagemagick: Adding static file /Users/ashish.sinha/Documents/project/sinashish.github.io/_site/assets/img/publication_preview/ethical-800.webp
       Imagemagick: Adding static file /Users/ashish.sinha/Documents/project/sinashish.github.io/_site/assets/img/publication_preview/ethical-1400.webp
       Imagemagick: Adding static file /Users/ashish.sinha/Documents/project/sinashish.github.io/_site/assets/img/publication_preview/unpose-480.webp
       Imagemagick: Adding static file /Users/ashish.sinha/Documents/project/sinashish.github.io/_site/assets/img/publication_preview/unpose-800.webp
       Imagemagick: Adding static file /Users/ashish.sinha/Documents/project/sinashish.github.io/_site/assets/img/publication_preview/unpose-1400.webp
       Imagemagick: Adding static file /Users/ashish.sinha/Documents/project/sinashish.github.io/_site/assets/img/publication_preview/mensa-480.webp
       Imagemagick: Adding static file /Users/ashish.sinha/Documents/project/sinashish.github.io/_site/assets/img/publication_preview/mensa-800.webp
       Imagemagick: Adding static file /Users/ashish.sinha/Documents/project/sinashish.github.io/_site/assets/img/publication_preview/mensa-1400.webp
       Imagemagick: Generated 0 file(s)
       Jekyll Feed: Generating feed for posts
         AutoPages: Disabled/Not configured in site.config.
        Pagination: Complete, processed 1 pagination page(s)
[33m           Warning: Empty `slug` generated for ''.[0m
                    ...done in 6.14446 seconds.
                    
      Regenerating: 1 file(s) changed at 2026-09-06 14:31:21
                    _news/frisbee.md
Terser: Minifying /Users/ashish.sinha/Documents/project/sinashish.github.io/assets/js/bibsearch.js
Terser: Minifying /Users/ashish.sinha/Documents/project/sinashish.github.io/assets/js/chartjs-setup.js
Terser: Minifying /Users/ashish.sinha/Documents/project/sinashish.github.io/assets/js/common.js
Terser: Minifying /Users/ashish.sinha/Documents/project/sinashish.github.io/assets/js/copy_code.js
Terser: Minifying /Users/ashish.sinha/Documents/project/sinashish.github.io/assets/js/diff2html-setup.js
Terser: Minifying /Users/ashish.sinha/Documents/project/sinashish.github.io/assets/js/distillpub/overrides.js
Terser: Minifying /Users/ashish.sinha/Documents/project/sinashish.github.io/assets/js/distillpub/template.v2.js
Terser: Minifying /Users/ashish.sinha/Documents/project/sinashish.github.io/assets/js/distillpub/transforms.v2.js
Terser: Minifying /Users/ashish.sinha/Documents/project/sinashish.github.io/assets/js/echarts-setup.js
Terser: Minifying /Users/ashish.sinha/Documents/project/sinashish.github.io/assets/js/highlight-search-term.js
Terser: Minifying /Users/ashish.sinha/Documents/project/sinashish.github.io/assets/js/jupyter_new_tab.js
Terser: Minifying /Users/ashish.sinha/Documents/project/sinashish.github.io/assets/js/leaflet-setup.js
Terser: Minifying /Users/ashish.sinha/Documents/project/sinashish.github.io/assets/js/masonry.js
Terser: Minifying /Users/ashish.sinha/Documents/project/sinashish.github.io/assets/js/mathjax-setup.js
Terser: Minifying /Users/ashish.sinha/Documents/project/sinashish.github.io/assets/js/mermaid-setup.js
Terser: Minifying /Users/ashish.sinha/Documents/project/sinashish.github.io/assets/js/newsletter.js
Terser: Minifying /Users/ashish.sinha/Documents/project/sinashish.github.io/assets/js/no_defer.js
Terser: Minifying /Users/ashish.sinha/Documents/project/sinashish.github.io/assets/js/plotly-setup.js
Terser: Minifying /Users/ashish.sinha/Documents/project/sinashish.github.io/assets/js/progress-bar.js
Terser: Minifying /Users/ashish.sinha/Documents/project/sinashish.github.io/assets/js/pseudocode-setup.js
Terser: Minifying /Users/ashish.sinha/Documents/project/sinashish.github.io/assets/js/search-setup.js
Terser: Minifying /Users/ashish.sinha/Documents/project/sinashish.github.io/assets/js/shortcut-key.js
Terser: Minifying /Users/ashish.sinha/Documents/project/sinashish.github.io/assets/js/theme.js
Terser: Minifying /Users/ashish.sinha/Documents/project/sinashish.github.io/assets/js/tooltips-setup.js
Terser: Minifying /Users/ashish.sinha/Documents/project/sinashish.github.io/assets/js/typograms.js
Terser: Minifying /Users/ashish.sinha/Documents/project/sinashish.github.io/assets/js/vega-setup.js
Terser: Minifying /Users/ashish.sinha/Documents/project/sinashish.github.io/assets/js/venobox-setup.js
Terser: Minifying /Users/ashish.sinha/Documents/project/sinashish.github.io/assets/js/wechat.js
Terser: Minifying /Users/ashish.sinha/Documents/project/sinashish.github.io/assets/js/zoom.js
Terser: Minifying /Users/ashish.sinha/Documents/project/sinashish.github.io/old-site/libs/custom/my_js.js
Terser: Minifying /Users/ashish.sinha/Documents/project/sinashish.github.io/old-site/libs/external/skeleton_tabs/skeleton-tabs.js
       Imagemagick: Searching files in /Users/ashish.sinha/Documents/project/sinashish.github.io/assets/img/
       Imagemagick: Adding static file /Users/ashish.sinha/Documents/project/sinashish.github.io/_site/assets/img/book_covers/the_godfather-480.webp
       Imagemagick: Adding static file /Users/ashish.sinha/Documents/project/sinashish.github.io/_site/assets/img/book_covers/the_godfather-800.webp
       Imagemagick: Adding static file /Users/ashish.sinha/Documents/project/sinashish.github.io/_site/assets/img/book_covers/the_godfather-1400.webp
       Imagemagick: Adding static file /Users/ashish.sinha/Documents/project/sinashish.github.io/_site/assets/img/posts/selection-480.webp
       Imagemagick: Adding static file /Users/ashish.sinha/Documents/project/sinashish.github.io/_site/assets/img/posts/selection-800.webp
       Imagemagick: Adding static file /Users/ashish.sinha/Documents/project/sinashish.github.io/_site/assets/img/posts/selection-1400.webp
       Imagemagick: Adding static file /Users/ashish.sinha/Documents/project/sinashish.github.io/_site/assets/img/publication_preview/dimple-480.webp
       Imagemagick: Adding static file /Users/ashish.sinha/Documents/project/sinashish.github.io/_site/assets/img/publication_preview/dimple-800.webp
       Imagemagick: Adding static file /Users/ashish.sinha/Documents/project/sinashish.github.io/_site/assets/img/publication_preview/dimple-1400.webp
       Imagemagick: Adding static file /Users/ashish.sinha/Documents/project/sinashish.github.io/_site/assets/img/publication_preview/msa-480.webp
       Imagemagick: Adding static file /Users/ashish.sinha/Documents/project/sinashish.github.io/_site/assets/img/publication_preview/msa-800.webp
       Imagemagick: Adding static file /Users/ashish.sinha/Documents/project/sinashish.github.io/_site/assets/img/publication_preview/msa-1400.webp
       Imagemagick: Adding static file /Users/ashish.sinha/Documents/project/sinashish.github.io/_site/assets/img/publication_preview/msc-thesis-480.webp
       Imagemagick: Adding static file /Users/ashish.sinha/Documents/project/sinashish.github.io/_site/assets/img/publication_preview/msc-thesis-800.webp
       Imagemagick: Adding static file /Users/ashish.sinha/Documents/project/sinashish.github.io/_site/assets/img/publication_preview/msc-thesis-1400.webp
       Imagemagick: Adding static file /Users/ashish.sinha/Documents/project/sinashish.github.io/_site/assets/img/publication_preview/trind-480.webp
       Imagemagick: Adding static file /Users/ashish.sinha/Documents/project/sinashish.github.io/_site/assets/img/publication_preview/trind-800.webp
       Imagemagick: Adding static file /Users/ashish.sinha/Documents/project/sinashish.github.io/_site/assets/img/publication_preview/trind-1400.webp
       Imagemagick: Adding static file /Users/ashish.sinha/Documents/project/sinashish.github.io/_site/assets/img/publication_preview/demoire-480.webp
       Imagemagick: Adding static file /Users/ashish.sinha/Documents/project/sinashish.github.io/_site/assets/img/publication_preview/demoire-800.webp
       Imagemagick: Adding static file /Users/ashish.sinha/Documents/project/sinashish.github.io/_site/assets/img/publication_preview/demoire-1400.webp
       Imagemagick: Adding static file /Users/ashish.sinha/Documents/project/sinashish.github.io/_site/assets/img/publication_preview/dermsynth3d-480.webp
       Imagemagick: Adding static file /Users/ashish.sinha/Documents/project/sinashish.github.io/_site/assets/img/publication_preview/dermsynth3d-800.webp
       Imagemagick: Adding static file /Users/ashish.sinha/Documents/project/sinashish.github.io/_site/assets/img/publication_preview/dermsynth3d-1400.webp
       Imagemagick: Adding static file /Users/ashish.sinha/Documents/project/sinashish.github.io/_site/assets/img/publication_preview/gagan-480.webp
       Imagemagick: Adding static file /Users/ashish.sinha/Documents/project/sinashish.github.io/_site/assets/img/publication_preview/gagan-800.webp
       Imagemagick: Adding static file /Users/ashish.sinha/Documents/project/sinashish.github.io/_site/assets/img/publication_preview/gagan-1400.webp
       Imagemagick: Adding static file /Users/ashish.sinha/Documents/project/sinashish.github.io/_site/assets/img/publication_preview/ethical-480.webp
       Imagemagick: Adding static file /Users/ashish.sinha/Documents/project/sinashish.github.io/_site/assets/img/publication_preview/ethical-800.webp
       Imagemagick: Adding static file /Users/ashish.sinha/Documents/project/sinashish.github.io/_site/assets/img/publication_preview/ethical-1400.webp
       Imagemagick: Adding static file /Users/ashish.sinha/Documents/project/sinashish.github.io/_site/assets/img/publication_preview/unpose-480.webp
       Imagemagick: Adding static file /Users/ashish.sinha/Documents/project/sinashish.github.io/_site/assets/img/publication_preview/unpose-800.webp
       Imagemagick: Adding static file /Users/ashish.sinha/Documents/project/sinashish.github.io/_site/assets/img/publication_preview/unpose-1400.webp
       Imagemagick: Adding static file /Users/ashish.sinha/Documents/project/sinashish.github.io/_site/assets/img/publication_preview/mensa-480.webp
       Imagemagick: Adding static file /Users/ashish.sinha/Documents/project/sinashish.github.io/_site/assets/img/publication_preview/mensa-800.webp
       Imagemagick: Adding static file /Users/ashish.sinha/Documents/project/sinashish.github.io/_site/assets/img/publication_preview/mensa-1400.webp
       Imagemagick: Generated 0 file(s)
       Jekyll Feed: Generating feed for posts
         AutoPages: Disabled/Not configured in site.config.
        Pagination: Complete, processed 1 pagination page(s)
[33m           Warning: Empty `slug` generated for ''.[0m
                    ...done in 6.410633 seconds.
                    
      Regenerating: 1 file(s) changed at 2026-09-06 14:33:21
                    assets/img/photography/IMG_1113.webp
Terser: Minifying /Users/ashish.sinha/Documents/project/sinashish.github.io/assets/js/bibsearch.js
Terser: Minifying /Users/ashish.sinha/Documents/project/sinashish.github.io/assets/js/chartjs-setup.js
Terser: Minifying /Users/ashish.sinha/Documents/project/sinashish.github.io/assets/js/common.js
Terser: Minifying /Users/ashish.sinha/Documents/project/sinashish.github.io/assets/js/copy_code.js
Terser: Minifying /Users/ashish.sinha/Documents/project/sinashish.github.io/assets/js/diff2html-setup.js
Terser: Minifying /Users/ashish.sinha/Documents/project/sinashish.github.io/assets/js/distillpub/overrides.js
Terser: Minifying /Users/ashish.sinha/Documents/project/sinashish.github.io/assets/js/distillpub/template.v2.js
Terser: Minifying /Users/ashish.sinha/Documents/project/sinashish.github.io/assets/js/distillpub/transforms.v2.js
Terser: Minifying /Users/ashish.sinha/Documents/project/sinashish.github.io/assets/js/echarts-setup.js
Terser: Minifying /Users/ashish.sinha/Documents/project/sinashish.github.io/assets/js/highlight-search-term.js
Terser: Minifying /Users/ashish.sinha/Documents/project/sinashish.github.io/assets/js/jupyter_new_tab.js
Terser: Minifying /Users/ashish.sinha/Documents/project/sinashish.github.io/assets/js/leaflet-setup.js
Terser: Minifying /Users/ashish.sinha/Documents/project/sinashish.github.io/assets/js/masonry.js
Terser: Minifying /Users/ashish.sinha/Documents/project/sinashish.github.io/assets/js/mathjax-setup.js
Terser: Minifying /Users/ashish.sinha/Documents/project/sinashish.github.io/assets/js/mermaid-setup.js
Terser: Minifying /Users/ashish.sinha/Documents/project/sinashish.github.io/assets/js/newsletter.js
Terser: Minifying /Users/ashish.sinha/Documents/project/sinashish.github.io/assets/js/no_defer.js
Terser: Minifying /Users/ashish.sinha/Documents/project/sinashish.github.io/assets/js/plotly-setup.js
Terser: Minifying /Users/ashish.sinha/Documents/project/sinashish.github.io/assets/js/progress-bar.js
Terser: Minifying /Users/ashish.sinha/Documents/project/sinashish.github.io/assets/js/pseudocode-setup.js
Terser: Minifying /Users/ashish.sinha/Documents/project/sinashish.github.io/assets/js/search-setup.js
Terser: Minifying /Users/ashish.sinha/Documents/project/sinashish.github.io/assets/js/shortcut-key.js
Terser: Minifying /Users/ashish.sinha/Documents/project/sinashish.github.io/assets/js/theme.js
Terser: Minifying /Users/ashish.sinha/Documents/project/sinashish.github.io/assets/js/tooltips-setup.js
Terser: Minifying /Users/ashish.sinha/Documents/project/sinashish.github.io/assets/js/typograms.js
Terser: Minifying /Users/ashish.sinha/Documents/project/sinashish.github.io/assets/js/vega-setup.js
Terser: Minifying /Users/ashish.sinha/Documents/project/sinashish.github.io/assets/js/venobox-setup.js
Terser: Minifying /Users/ashish.sinha/Documents/project/sinashish.github.io/assets/js/wechat.js
Terser: Minifying /Users/ashish.sinha/Documents/project/sinashish.github.io/assets/js/zoom.js
Terser: Minifying /Users/ashish.sinha/Documents/project/sinashish.github.io/old-site/libs/custom/my_js.js
Terser: Minifying /Users/ashish.sinha/Documents/project/sinashish.github.io/old-site/libs/external/skeleton_tabs/skeleton-tabs.js
       Imagemagick: Searching files in /Users/ashish.sinha/Documents/project/sinashish.github.io/assets/img/
       Imagemagick: Adding static file /Users/ashish.sinha/Documents/project/sinashish.github.io/_site/assets/img/book_covers/the_godfather-480.webp
       Imagemagick: Adding static file /Users/ashish.sinha/Documents/project/sinashish.github.io/_site/assets/img/book_covers/the_godfather-800.webp
       Imagemagick: Adding static file /Users/ashish.sinha/Documents/project/sinashish.github.io/_site/assets/img/book_covers/the_godfather-1400.webp
       Imagemagick: Adding static file /Users/ashish.sinha/Documents/project/sinashish.github.io/_site/assets/img/posts/selection-480.webp
       Imagemagick: Adding static file /Users/ashish.sinha/Documents/project/sinashish.github.io/_site/assets/img/posts/selection-800.webp
       Imagemagick: Adding static file /Users/ashish.sinha/Documents/project/sinashish.github.io/_site/assets/img/posts/selection-1400.webp
       Imagemagick: Adding static file /Users/ashish.sinha/Documents/project/sinashish.github.io/_site/assets/img/publication_preview/dimple-480.webp
       Imagemagick: Adding static file /Users/ashish.sinha/Documents/project/sinashish.github.io/_site/assets/img/publication_preview/dimple-800.webp
       Imagemagick: Adding static file /Users/ashish.sinha/Documents/project/sinashish.github.io/_site/assets/img/publication_preview/dimple-1400.webp
       Imagemagick: Adding static file /Users/ashish.sinha/Documents/project/sinashish.github.io/_site/assets/img/publication_preview/msa-480.webp
       Imagemagick: Adding static file /Users/ashish.sinha/Documents/project/sinashish.github.io/_site/assets/img/publication_preview/msa-800.webp
       Imagemagick: Adding static file /Users/ashish.sinha/Documents/project/sinashish.github.io/_site/assets/img/publication_preview/msa-1400.webp
       Imagemagick: Adding static file /Users/ashish.sinha/Documents/project/sinashish.github.io/_site/assets/img/publication_preview/msc-thesis-480.webp
       Imagemagick: Adding static file /Users/ashish.sinha/Documents/project/sinashish.github.io/_site/assets/img/publication_preview/msc-thesis-800.webp
       Imagemagick: Adding static file /Users/ashish.sinha/Documents/project/sinashish.github.io/_site/assets/img/publication_preview/msc-thesis-1400.webp
       Imagemagick: Adding static file /Users/ashish.sinha/Documents/project/sinashish.github.io/_site/assets/img/publication_preview/trind-480.webp
       Imagemagick: Adding static file /Users/ashish.sinha/Documents/project/sinashish.github.io/_site/assets/img/publication_preview/trind-800.webp
       Imagemagick: Adding static file /Users/ashish.sinha/Documents/project/sinashish.github.io/_site/assets/img/publication_preview/trind-1400.webp
       Imagemagick: Adding static file /Users/ashish.sinha/Documents/project/sinashish.github.io/_site/assets/img/publication_preview/demoire-480.webp
       Imagemagick: Adding static file /Users/ashish.sinha/Documents/project/sinashish.github.io/_site/assets/img/publication_preview/demoire-800.webp
       Imagemagick: Adding static file /Users/ashish.sinha/Documents/project/sinashish.github.io/_site/assets/img/publication_preview/demoire-1400.webp
       Imagemagick: Adding static file /Users/ashish.sinha/Documents/project/sinashish.github.io/_site/assets/img/publication_preview/dermsynth3d-480.webp
       Imagemagick: Adding static file /Users/ashish.sinha/Documents/project/sinashish.github.io/_site/assets/img/publication_preview/dermsynth3d-800.webp
       Imagemagick: Adding static file /Users/ashish.sinha/Documents/project/sinashish.github.io/_site/assets/img/publication_preview/dermsynth3d-1400.webp
       Imagemagick: Adding static file /Users/ashish.sinha/Documents/project/sinashish.github.io/_site/assets/img/publication_preview/gagan-480.webp
       Imagemagick: Adding static file /Users/ashish.sinha/Documents/project/sinashish.github.io/_site/assets/img/publication_preview/gagan-800.webp
       Imagemagick: Adding static file /Users/ashish.sinha/Documents/project/sinashish.github.io/_site/assets/img/publication_preview/gagan-1400.webp
       Imagemagick: Adding static file /Users/ashish.sinha/Documents/project/sinashish.github.io/_site/assets/img/publication_preview/ethical-480.webp
       Imagemagick: Adding static file /Users/ashish.sinha/Documents/project/sinashish.github.io/_site/assets/img/publication_preview/ethical-800.webp
       Imagemagick: Adding static file /Users/ashish.sinha/Documents/project/sinashish.github.io/_site/assets/img/publication_preview/ethical-1400.webp
       Imagemagick: Adding static file /Users/ashish.sinha/Documents/project/sinashish.github.io/_site/assets/img/publication_preview/unpose-480.webp
       Imagemagick: Adding static file /Users/ashish.sinha/Documents/project/sinashish.github.io/_site/assets/img/publication_preview/unpose-800.webp
       Imagemagick: Adding static file /Users/ashish.sinha/Documents/project/sinashish.github.io/_site/assets/img/publication_preview/unpose-1400.webp
       Imagemagick: Adding static file /Users/ashish.sinha/Documents/project/sinashish.github.io/_site/assets/img/publication_preview/mensa-480.webp
       Imagemagick: Adding static file /Users/ashish.sinha/Documents/project/sinashish.github.io/_site/assets/img/publication_preview/mensa-800.webp
       Imagemagick: Adding static file /Users/ashish.sinha/Documents/project/sinashish.github.io/_site/assets/img/publication_preview/mensa-1400.webp
       Imagemagick: Generated 0 file(s)
       Jekyll Feed: Generating feed for posts
         AutoPages: Disabled/Not configured in site.config.
        Pagination: Complete, processed 1 pagination page(s)
[33m           Warning: Empty `slug` generated for ''.[0m
                    ...done in 6.134638 seconds.
                    
      Regenerating: 1 file(s) changed at 2026-09-06 14:33:27
                    assets/img/photography/IMG_1113.webp
Terser: Minifying /Users/ashish.sinha/Documents/project/sinashish.github.io/assets/js/bibsearch.js
Terser: Minifying /Users/ashish.sinha/Documents/project/sinashish.github.io/assets/js/chartjs-setup.js
Terser: Minifying /Users/ashish.sinha/Documents/project/sinashish.github.io/assets/js/common.js
Terser: Minifying /Users/ashish.sinha/Documents/project/sinashish.github.io/assets/js/copy_code.js
Terser: Minifying /Users/ashish.sinha/Documents/project/sinashish.github.io/assets/js/diff2html-setup.js
Terser: Minifying /Users/ashish.sinha/Documents/project/sinashish.github.io/assets/js/distillpub/overrides.js
Terser: Minifying /Users/ashish.sinha/Documents/project/sinashish.github.io/assets/js/distillpub/template.v2.js
Terser: Minifying /Users/ashish.sinha/Documents/project/sinashish.github.io/assets/js/distillpub/transforms.v2.js
Terser: Minifying /Users/ashish.sinha/Documents/project/sinashish.github.io/assets/js/echarts-setup.js
Terser: Minifying /Users/ashish.sinha/Documents/project/sinashish.github.io/assets/js/highlight-search-term.js
Terser: Minifying /Users/ashish.sinha/Documents/project/sinashish.github.io/assets/js/jupyter_new_tab.js
Terser: Minifying /Users/ashish.sinha/Documents/project/sinashish.github.io/assets/js/leaflet-setup.js
Terser: Minifying /Users/ashish.sinha/Documents/project/sinashish.github.io/assets/js/masonry.js
Terser: Minifying /Users/ashish.sinha/Documents/project/sinashish.github.io/assets/js/mathjax-setup.js
Terser: Minifying /Users/ashish.sinha/Documents/project/sinashish.github.io/assets/js/mermaid-setup.js
Terser: Minifying /Users/ashish.sinha/Documents/project/sinashish.github.io/assets/js/newsletter.js
Terser: Minifying /Users/ashish.sinha/Documents/project/sinashish.github.io/assets/js/no_defer.js
Terser: Minifying /Users/ashish.sinha/Documents/project/sinashish.github.io/assets/js/plotly-setup.js
Terser: Minifying /Users/ashish.sinha/Documents/project/sinashish.github.io/assets/js/progress-bar.js
Terser: Minifying /Users/ashish.sinha/Documents/project/sinashish.github.io/assets/js/pseudocode-setup.js
Terser: Minifying /Users/ashish.sinha/Documents/project/sinashish.github.io/assets/js/search-setup.js
Terser: Minifying /Users/ashish.sinha/Documents/project/sinashish.github.io/assets/js/shortcut-key.js
Terser: Minifying /Users/ashish.sinha/Documents/project/sinashish.github.io/assets/js/theme.js
Terser: Minifying /Users/ashish.sinha/Documents/project/sinashish.github.io/assets/js/tooltips-setup.js
Terser: Minifying /Users/ashish.sinha/Documents/project/sinashish.github.io/assets/js/typograms.js
Terser: Minifying /Users/ashish.sinha/Documents/project/sinashish.github.io/assets/js/vega-setup.js
Terser: Minifying /Users/ashish.sinha/Documents/project/sinashish.github.io/assets/js/venobox-setup.js
Terser: Minifying /Users/ashish.sinha/Documents/project/sinashish.github.io/assets/js/wechat.js
Terser: Minifying /Users/ashish.sinha/Documents/project/sinashish.github.io/assets/js/zoom.js
Terser: Minifying /Users/ashish.sinha/Documents/project/sinashish.github.io/old-site/libs/custom/my_js.js
Terser: Minifying /Users/ashish.sinha/Documents/project/sinashish.github.io/old-site/libs/external/skeleton_tabs/skeleton-tabs.js
       Imagemagick: Searching files in /Users/ashish.sinha/Documents/project/sinashish.github.io/assets/img/
       Imagemagick: Adding static file /Users/ashish.sinha/Documents/project/sinashish.github.io/_site/assets/img/book_covers/the_godfather-480.webp
       Imagemagick: Adding static file /Users/ashish.sinha/Documents/project/sinashish.github.io/_site/assets/img/book_covers/the_godfather-800.webp
       Imagemagick: Adding static file /Users/ashish.sinha/Documents/project/sinashish.github.io/_site/assets/img/book_covers/the_godfather-1400.webp
       Imagemagick: Adding static file /Users/ashish.sinha/Documents/project/sinashish.github.io/_site/assets/img/posts/selection-480.webp
       Imagemagick: Adding static file /Users/ashish.sinha/Documents/project/sinashish.github.io/_site/assets/img/posts/selection-800.webp
       Imagemagick: Adding static file /Users/ashish.sinha/Documents/project/sinashish.github.io/_site/assets/img/posts/selection-1400.webp
       Imagemagick: Adding static file /Users/ashish.sinha/Documents/project/sinashish.github.io/_site/assets/img/publication_preview/dimple-480.webp
       Imagemagick: Adding static file /Users/ashish.sinha/Documents/project/sinashish.github.io/_site/assets/img/publication_preview/dimple-800.webp
       Imagemagick: Adding static file /Users/ashish.sinha/Documents/project/sinashish.github.io/_site/assets/img/publication_preview/dimple-1400.webp
       Imagemagick: Adding static file /Users/ashish.sinha/Documents/project/sinashish.github.io/_site/assets/img/publication_preview/msa-480.webp
       Imagemagick: Adding static file /Users/ashish.sinha/Documents/project/sinashish.github.io/_site/assets/img/publication_preview/msa-800.webp
       Imagemagick: Adding static file /Users/ashish.sinha/Documents/project/sinashish.github.io/_site/assets/img/publication_preview/msa-1400.webp
       Imagemagick: Adding static file /Users/ashish.sinha/Documents/project/sinashish.github.io/_site/assets/img/publication_preview/msc-thesis-480.webp
       Imagemagick: Adding static file /Users/ashish.sinha/Documents/project/sinashish.github.io/_site/assets/img/publication_preview/msc-thesis-800.webp
       Imagemagick: Adding static file /Users/ashish.sinha/Documents/project/sinashish.github.io/_site/assets/img/publication_preview/msc-thesis-1400.webp
       Imagemagick: Adding static file /Users/ashish.sinha/Documents/project/sinashish.github.io/_site/assets/img/publication_preview/trind-480.webp
       Imagemagick: Adding static file /Users/ashish.sinha/Documents/project/sinashish.github.io/_site/assets/img/publication_preview/trind-800.webp
       Imagemagick: Adding static file /Users/ashish.sinha/Documents/project/sinashish.github.io/_site/assets/img/publication_preview/trind-1400.webp
       Imagemagick: Adding static file /Users/ashish.sinha/Documents/project/sinashish.github.io/_site/assets/img/publication_preview/demoire-480.webp
       Imagemagick: Adding static file /Users/ashish.sinha/Documents/project/sinashish.github.io/_site/assets/img/publication_preview/demoire-800.webp
       Imagemagick: Adding static file /Users/ashish.sinha/Documents/project/sinashish.github.io/_site/assets/img/publication_preview/demoire-1400.webp
       Imagemagick: Adding static file /Users/ashish.sinha/Documents/project/sinashish.github.io/_site/assets/img/publication_preview/dermsynth3d-480.webp
       Imagemagick: Adding static file /Users/ashish.sinha/Documents/project/sinashish.github.io/_site/assets/img/publication_preview/dermsynth3d-800.webp
       Imagemagick: Adding static file /Users/ashish.sinha/Documents/project/sinashish.github.io/_site/assets/img/publication_preview/dermsynth3d-1400.webp
       Imagemagick: Adding static file /Users/ashish.sinha/Documents/project/sinashish.github.io/_site/assets/img/publication_preview/gagan-480.webp
       Imagemagick: Adding static file /Users/ashish.sinha/Documents/project/sinashish.github.io/_site/assets/img/publication_preview/gagan-800.webp
       Imagemagick: Adding static file /Users/ashish.sinha/Documents/project/sinashish.github.io/_site/assets/img/publication_preview/gagan-1400.webp
       Imagemagick: Adding static file /Users/ashish.sinha/Documents/project/sinashish.github.io/_site/assets/img/publication_preview/ethical-480.webp
       Imagemagick: Adding static file /Users/ashish.sinha/Documents/project/sinashish.github.io/_site/assets/img/publication_preview/ethical-800.webp
       Imagemagick: Adding static file /Users/ashish.sinha/Documents/project/sinashish.github.io/_site/assets/img/publication_preview/ethical-1400.webp
       Imagemagick: Adding static file /Users/ashish.sinha/Documents/project/sinashish.github.io/_site/assets/img/publication_preview/unpose-480.webp
       Imagemagick: Adding static file /Users/ashish.sinha/Documents/project/sinashish.github.io/_site/assets/img/publication_preview/unpose-800.webp
       Imagemagick: Adding static file /Users/ashish.sinha/Documents/project/sinashish.github.io/_site/assets/img/publication_preview/unpose-1400.webp
       Imagemagick: Adding static file /Users/ashish.sinha/Documents/project/sinashish.github.io/_site/assets/img/publication_preview/mensa-480.webp
       Imagemagick: Adding static file /Users/ashish.sinha/Documents/project/sinashish.github.io/_site/assets/img/publication_preview/mensa-800.webp
       Imagemagick: Adding static file /Users/ashish.sinha/Documents/project/sinashish.github.io/_site/assets/img/publication_preview/mensa-1400.webp
       Imagemagick: Generated 0 file(s)
       Jekyll Feed: Generating feed for posts
         AutoPages: Disabled/Not configured in site.config.
        Pagination: Complete, processed 1 pagination page(s)
[33m           Warning: Empty `slug` generated for ''.[0m
                    ...done in 6.328549 seconds.
                    
      Regenerating: 1 file(s) changed at 2026-09-06 14:33:33
                    _data/photography.yml
Terser: Minifying /Users/ashish.sinha/Documents/project/sinashish.github.io/assets/js/bibsearch.js
Terser: Minifying /Users/ashish.sinha/Documents/project/sinashish.github.io/assets/js/chartjs-setup.js
Terser: Minifying /Users/ashish.sinha/Documents/project/sinashish.github.io/assets/js/common.js
Terser: Minifying /Users/ashish.sinha/Documents/project/sinashish.github.io/assets/js/copy_code.js
Terser: Minifying /Users/ashish.sinha/Documents/project/sinashish.github.io/assets/js/diff2html-setup.js
Terser: Minifying /Users/ashish.sinha/Documents/project/sinashish.github.io/assets/js/distillpub/overrides.js
Terser: Minifying /Users/ashish.sinha/Documents/project/sinashish.github.io/assets/js/distillpub/template.v2.js
Terser: Minifying /Users/ashish.sinha/Documents/project/sinashish.github.io/assets/js/distillpub/transforms.v2.js
Terser: Minifying /Users/ashish.sinha/Documents/project/sinashish.github.io/assets/js/echarts-setup.js
Terser: Minifying /Users/ashish.sinha/Documents/project/sinashish.github.io/assets/js/highlight-search-term.js
Terser: Minifying /Users/ashish.sinha/Documents/project/sinashish.github.io/assets/js/jupyter_new_tab.js
Terser: Minifying /Users/ashish.sinha/Documents/project/sinashish.github.io/assets/js/leaflet-setup.js
Terser: Minifying /Users/ashish.sinha/Documents/project/sinashish.github.io/assets/js/masonry.js
Terser: Minifying /Users/ashish.sinha/Documents/project/sinashish.github.io/assets/js/mathjax-setup.js
Terser: Minifying /Users/ashish.sinha/Documents/project/sinashish.github.io/assets/js/mermaid-setup.js
Terser: Minifying /Users/ashish.sinha/Documents/project/sinashish.github.io/assets/js/newsletter.js
Terser: Minifying /Users/ashish.sinha/Documents/project/sinashish.github.io/assets/js/no_defer.js
Terser: Minifying /Users/ashish.sinha/Documents/project/sinashish.github.io/assets/js/plotly-setup.js
Terser: Minifying /Users/ashish.sinha/Documents/project/sinashish.github.io/assets/js/progress-bar.js
Terser: Minifying /Users/ashish.sinha/Documents/project/sinashish.github.io/assets/js/pseudocode-setup.js
Terser: Minifying /Users/ashish.sinha/Documents/project/sinashish.github.io/assets/js/search-setup.js
Terser: Minifying /Users/ashish.sinha/Documents/project/sinashish.github.io/assets/js/shortcut-key.js
Terser: Minifying /Users/ashish.sinha/Documents/project/sinashish.github.io/assets/js/theme.js
Terser: Minifying /Users/ashish.sinha/Documents/project/sinashish.github.io/assets/js/tooltips-setup.js
Terser: Minifying /Users/ashish.sinha/Documents/project/sinashish.github.io/assets/js/typograms.js
Terser: Minifying /Users/ashish.sinha/Documents/project/sinashish.github.io/assets/js/vega-setup.js
Terser: Minifying /Users/ashish.sinha/Documents/project/sinashish.github.io/assets/js/venobox-setup.js
Terser: Minifying /Users/ashish.sinha/Documents/project/sinashish.github.io/assets/js/wechat.js
Terser: Minifying /Users/ashish.sinha/Documents/project/sinashish.github.io/assets/js/zoom.js
Terser: Minifying /Users/ashish.sinha/Documents/project/sinashish.github.io/old-site/libs/custom/my_js.js
Terser: Minifying /Users/ashish.sinha/Documents/project/sinashish.github.io/old-site/libs/external/skeleton_tabs/skeleton-tabs.js
       Imagemagick: Searching files in /Users/ashish.sinha/Documents/project/sinashish.github.io/assets/img/
       Imagemagick: Adding static file /Users/ashish.sinha/Documents/project/sinashish.github.io/_site/assets/img/book_covers/the_godfather-480.webp
       Imagemagick: Adding static file /Users/ashish.sinha/Documents/project/sinashish.github.io/_site/assets/img/book_covers/the_godfather-800.webp
       Imagemagick: Adding static file /Users/ashish.sinha/Documents/project/sinashish.github.io/_site/assets/img/book_covers/the_godfather-1400.webp
       Imagemagick: Adding static file /Users/ashish.sinha/Documents/project/sinashish.github.io/_site/assets/img/posts/selection-480.webp
       Imagemagick: Adding static file /Users/ashish.sinha/Documents/project/sinashish.github.io/_site/assets/img/posts/selection-800.webp
       Imagemagick: Adding static file /Users/ashish.sinha/Documents/project/sinashish.github.io/_site/assets/img/posts/selection-1400.webp
       Imagemagick: Adding static file /Users/ashish.sinha/Documents/project/sinashish.github.io/_site/assets/img/publication_preview/dimple-480.webp
       Imagemagick: Adding static file /Users/ashish.sinha/Documents/project/sinashish.github.io/_site/assets/img/publication_preview/dimple-800.webp
       Imagemagick: Adding static file /Users/ashish.sinha/Documents/project/sinashish.github.io/_site/assets/img/publication_preview/dimple-1400.webp
       Imagemagick: Adding static file /Users/ashish.sinha/Documents/project/sinashish.github.io/_site/assets/img/publication_preview/msa-480.webp
       Imagemagick: Adding static file /Users/ashish.sinha/Documents/project/sinashish.github.io/_site/assets/img/publication_preview/msa-800.webp
       Imagemagick: Adding static file /Users/ashish.sinha/Documents/project/sinashish.github.io/_site/assets/img/publication_preview/msa-1400.webp
       Imagemagick: Adding static file /Users/ashish.sinha/Documents/project/sinashish.github.io/_site/assets/img/publication_preview/msc-thesis-480.webp
       Imagemagick: Adding static file /Users/ashish.sinha/Documents/project/sinashish.github.io/_site/assets/img/publication_preview/msc-thesis-800.webp
       Imagemagick: Adding static file /Users/ashish.sinha/Documents/project/sinashish.github.io/_site/assets/img/publication_preview/msc-thesis-1400.webp
       Imagemagick: Adding static file /Users/ashish.sinha/Documents/project/sinashish.github.io/_site/assets/img/publication_preview/trind-480.webp
       Imagemagick: Adding static file /Users/ashish.sinha/Documents/project/sinashish.github.io/_site/assets/img/publication_preview/trind-800.webp
       Imagemagick: Adding static file /Users/ashish.sinha/Documents/project/sinashish.github.io/_site/assets/img/publication_preview/trind-1400.webp
       Imagemagick: Adding static file /Users/ashish.sinha/Documents/project/sinashish.github.io/_site/assets/img/publication_preview/demoire-480.webp
       Imagemagick: Adding static file /Users/ashish.sinha/Documents/project/sinashish.github.io/_site/assets/img/publication_preview/demoire-800.webp
       Imagemagick: Adding static file /Users/ashish.sinha/Documents/project/sinashish.github.io/_site/assets/img/publication_preview/demoire-1400.webp
       Imagemagick: Adding static file /Users/ashish.sinha/Documents/project/sinashish.github.io/_site/assets/img/publication_preview/dermsynth3d-480.webp
       Imagemagick: Adding static file /Users/ashish.sinha/Documents/project/sinashish.github.io/_site/assets/img/publication_preview/dermsynth3d-800.webp
       Imagemagick: Adding static file /Users/ashish.sinha/Documents/project/sinashish.github.io/_site/assets/img/publication_preview/dermsynth3d-1400.webp
       Imagemagick: Adding static file /Users/ashish.sinha/Documents/project/sinashish.github.io/_site/assets/img/publication_preview/gagan-480.webp
       Imagemagick: Adding static file /Users/ashish.sinha/Documents/project/sinashish.github.io/_site/assets/img/publication_preview/gagan-800.webp
       Imagemagick: Adding static file /Users/ashish.sinha/Documents/project/sinashish.github.io/_site/assets/img/publication_preview/gagan-1400.webp
       Imagemagick: Adding static file /Users/ashish.sinha/Documents/project/sinashish.github.io/_site/assets/img/publication_preview/ethical-480.webp
       Imagemagick: Adding static file /Users/ashish.sinha/Documents/project/sinashish.github.io/_site/assets/img/publication_preview/ethical-800.webp
       Imagemagick: Adding static file /Users/ashish.sinha/Documents/project/sinashish.github.io/_site/assets/img/publication_preview/ethical-1400.webp
       Imagemagick: Adding static file /Users/ashish.sinha/Documents/project/sinashish.github.io/_site/assets/img/publication_preview/unpose-480.webp
       Imagemagick: Adding static file /Users/ashish.sinha/Documents/project/sinashish.github.io/_site/assets/img/publication_preview/unpose-800.webp
       Imagemagick: Adding static file /Users/ashish.sinha/Documents/project/sinashish.github.io/_site/assets/img/publication_preview/unpose-1400.webp
       Imagemagick: Adding static file /Users/ashish.sinha/Documents/project/sinashish.github.io/_site/assets/img/publication_preview/mensa-480.webp
       Imagemagick: Adding static file /Users/ashish.sinha/Documents/project/sinashish.github.io/_site/assets/img/publication_preview/mensa-800.webp
       Imagemagick: Adding static file /Users/ashish.sinha/Documents/project/sinashish.github.io/_site/assets/img/publication_preview/mensa-1400.webp
       Imagemagick: Generated 0 file(s)
       Jekyll Feed: Generating feed for posts
         AutoPages: Disabled/Not configured in site.config.
        Pagination: Complete, processed 1 pagination page(s)
[33m           Warning: Empty `slug` generated for ''.[0m
                    ...done in 6.092472 seconds.
                    
      Regenerating: 1 file(s) changed at 2026-09-06 14:35:44
                    assets/img/photography/IMG_0398.webp
Terser: Minifying /Users/ashish.sinha/Documents/project/sinashish.github.io/assets/js/bibsearch.js
Terser: Minifying /Users/ashish.sinha/Documents/project/sinashish.github.io/assets/js/chartjs-setup.js
Terser: Minifying /Users/ashish.sinha/Documents/project/sinashish.github.io/assets/js/common.js
Terser: Minifying /Users/ashish.sinha/Documents/project/sinashish.github.io/assets/js/copy_code.js
Terser: Minifying /Users/ashish.sinha/Documents/project/sinashish.github.io/assets/js/diff2html-setup.js
Terser: Minifying /Users/ashish.sinha/Documents/project/sinashish.github.io/assets/js/distillpub/overrides.js
Terser: Minifying /Users/ashish.sinha/Documents/project/sinashish.github.io/assets/js/distillpub/template.v2.js
Terser: Minifying /Users/ashish.sinha/Documents/project/sinashish.github.io/assets/js/distillpub/transforms.v2.js
Terser: Minifying /Users/ashish.sinha/Documents/project/sinashish.github.io/assets/js/echarts-setup.js
Terser: Minifying /Users/ashish.sinha/Documents/project/sinashish.github.io/assets/js/highlight-search-term.js
Terser: Minifying /Users/ashish.sinha/Documents/project/sinashish.github.io/assets/js/jupyter_new_tab.js
Terser: Minifying /Users/ashish.sinha/Documents/project/sinashish.github.io/assets/js/leaflet-setup.js
Terser: Minifying /Users/ashish.sinha/Documents/project/sinashish.github.io/assets/js/masonry.js
Terser: Minifying /Users/ashish.sinha/Documents/project/sinashish.github.io/assets/js/mathjax-setup.js
Terser: Minifying /Users/ashish.sinha/Documents/project/sinashish.github.io/assets/js/mermaid-setup.js
Terser: Minifying /Users/ashish.sinha/Documents/project/sinashish.github.io/assets/js/newsletter.js
Terser: Minifying /Users/ashish.sinha/Documents/project/sinashish.github.io/assets/js/no_defer.js
Terser: Minifying /Users/ashish.sinha/Documents/project/sinashish.github.io/assets/js/plotly-setup.js
Terser: Minifying /Users/ashish.sinha/Documents/project/sinashish.github.io/assets/js/progress-bar.js
Terser: Minifying /Users/ashish.sinha/Documents/project/sinashish.github.io/assets/js/pseudocode-setup.js
Terser: Minifying /Users/ashish.sinha/Documents/project/sinashish.github.io/assets/js/search-setup.js
Terser: Minifying /Users/ashish.sinha/Documents/project/sinashish.github.io/assets/js/shortcut-key.js
Terser: Minifying /Users/ashish.sinha/Documents/project/sinashish.github.io/assets/js/theme.js
Terser: Minifying /Users/ashish.sinha/Documents/project/sinashish.github.io/assets/js/tooltips-setup.js
Terser: Minifying /Users/ashish.sinha/Documents/project/sinashish.github.io/assets/js/typograms.js
Terser: Minifying /Users/ashish.sinha/Documents/project/sinashish.github.io/assets/js/vega-setup.js
Terser: Minifying /Users/ashish.sinha/Documents/project/sinashish.github.io/assets/js/venobox-setup.js
Terser: Minifying /Users/ashish.sinha/Documents/project/sinashish.github.io/assets/js/wechat.js
Terser: Minifying /Users/ashish.sinha/Documents/project/sinashish.github.io/assets/js/zoom.js
Terser: Minifying /Users/ashish.sinha/Documents/project/sinashish.github.io/old-site/libs/custom/my_js.js
Terser: Minifying /Users/ashish.sinha/Documents/project/sinashish.github.io/old-site/libs/external/skeleton_tabs/skeleton-tabs.js
       Imagemagick: Searching files in /Users/ashish.sinha/Documents/project/sinashish.github.io/assets/img/
       Imagemagick: Adding static file /Users/ashish.sinha/Documents/project/sinashish.github.io/_site/assets/img/book_covers/the_godfather-480.webp
       Imagemagick: Adding static file /Users/ashish.sinha/Documents/project/sinashish.github.io/_site/assets/img/book_covers/the_godfather-800.webp
       Imagemagick: Adding static file /Users/ashish.sinha/Documents/project/sinashish.github.io/_site/assets/img/book_covers/the_godfather-1400.webp
       Imagemagick: Adding static file /Users/ashish.sinha/Documents/project/sinashish.github.io/_site/assets/img/posts/selection-480.webp
       Imagemagick: Adding static file /Users/ashish.sinha/Documents/project/sinashish.github.io/_site/assets/img/posts/selection-800.webp
       Imagemagick: Adding static file /Users/ashish.sinha/Documents/project/sinashish.github.io/_site/assets/img/posts/selection-1400.webp
       Imagemagick: Adding static file /Users/ashish.sinha/Documents/project/sinashish.github.io/_site/assets/img/publication_preview/dimple-480.webp
       Imagemagick: Adding static file /Users/ashish.sinha/Documents/project/sinashish.github.io/_site/assets/img/publication_preview/dimple-800.webp
       Imagemagick: Adding static file /Users/ashish.sinha/Documents/project/sinashish.github.io/_site/assets/img/publication_preview/dimple-1400.webp
       Imagemagick: Adding static file /Users/ashish.sinha/Documents/project/sinashish.github.io/_site/assets/img/publication_preview/msa-480.webp
       Imagemagick: Adding static file /Users/ashish.sinha/Documents/project/sinashish.github.io/_site/assets/img/publication_preview/msa-800.webp
       Imagemagick: Adding static file /Users/ashish.sinha/Documents/project/sinashish.github.io/_site/assets/img/publication_preview/msa-1400.webp
       Imagemagick: Adding static file /Users/ashish.sinha/Documents/project/sinashish.github.io/_site/assets/img/publication_preview/msc-thesis-480.webp
       Imagemagick: Adding static file /Users/ashish.sinha/Documents/project/sinashish.github.io/_site/assets/img/publication_preview/msc-thesis-800.webp
       Imagemagick: Adding static file /Users/ashish.sinha/Documents/project/sinashish.github.io/_site/assets/img/publication_preview/msc-thesis-1400.webp
       Imagemagick: Adding static file /Users/ashish.sinha/Documents/project/sinashish.github.io/_site/assets/img/publication_preview/trind-480.webp
       Imagemagick: Adding static file /Users/ashish.sinha/Documents/project/sinashish.github.io/_site/assets/img/publication_preview/trind-800.webp
       Imagemagick: Adding static file /Users/ashish.sinha/Documents/project/sinashish.github.io/_site/assets/img/publication_preview/trind-1400.webp
       Imagemagick: Adding static file /Users/ashish.sinha/Documents/project/sinashish.github.io/_site/assets/img/publication_preview/demoire-480.webp
       Imagemagick: Adding static file /Users/ashish.sinha/Documents/project/sinashish.github.io/_site/assets/img/publication_preview/demoire-800.webp
       Imagemagick: Adding static file /Users/ashish.sinha/Documents/project/sinashish.github.io/_site/assets/img/publication_preview/demoire-1400.webp
       Imagemagick: Adding static file /Users/ashish.sinha/Documents/project/sinashish.github.io/_site/assets/img/publication_preview/dermsynth3d-480.webp
       Imagemagick: Adding static file /Users/ashish.sinha/Documents/project/sinashish.github.io/_site/assets/img/publication_preview/dermsynth3d-800.webp
       Imagemagick: Adding static file /Users/ashish.sinha/Documents/project/sinashish.github.io/_site/assets/img/publication_preview/dermsynth3d-1400.webp
       Imagemagick: Adding static file /Users/ashish.sinha/Documents/project/sinashish.github.io/_site/assets/img/publication_preview/gagan-480.webp
       Imagemagick: Adding static file /Users/ashish.sinha/Documents/project/sinashish.github.io/_site/assets/img/publication_preview/gagan-800.webp
       Imagemagick: Adding static file /Users/ashish.sinha/Documents/project/sinashish.github.io/_site/assets/img/publication_preview/gagan-1400.webp
       Imagemagick: Adding static file /Users/ashish.sinha/Documents/project/sinashish.github.io/_site/assets/img/publication_preview/ethical-480.webp
       Imagemagick: Adding static file /Users/ashish.sinha/Documents/project/sinashish.github.io/_site/assets/img/publication_preview/ethical-800.webp
       Imagemagick: Adding static file /Users/ashish.sinha/Documents/project/sinashish.github.io/_site/assets/img/publication_preview/ethical-1400.webp
       Imagemagick: Adding static file /Users/ashish.sinha/Documents/project/sinashish.github.io/_site/assets/img/publication_preview/unpose-480.webp
       Imagemagick: Adding static file /Users/ashish.sinha/Documents/project/sinashish.github.io/_site/assets/img/publication_preview/unpose-800.webp
       Imagemagick: Adding static file /Users/ashish.sinha/Documents/project/sinashish.github.io/_site/assets/img/publication_preview/unpose-1400.webp
       Imagemagick: Adding static file /Users/ashish.sinha/Documents/project/sinashish.github.io/_site/assets/img/publication_preview/mensa-480.webp
       Imagemagick: Adding static file /Users/ashish.sinha/Documents/project/sinashish.github.io/_site/assets/img/publication_preview/mensa-800.webp
       Imagemagick: Adding static file /Users/ashish.sinha/Documents/project/sinashish.github.io/_site/assets/img/publication_preview/mensa-1400.webp
       Imagemagick: Generated 0 file(s)
       Jekyll Feed: Generating feed for posts
         AutoPages: Disabled/Not configured in site.config.
        Pagination: Complete, processed 1 pagination page(s)
[33m           Warning: Empty `slug` generated for ''.[0m
                    ...done in 6.430506 seconds.
                    
      Regenerating: 2 file(s) changed at 2026-09-06 14:35:50
                    assets/img/photography/IMG_0398.webp
                    _data/photography.yml
Terser: Minifying /Users/ashish.sinha/Documents/project/sinashish.github.io/assets/js/bibsearch.js
Terser: Minifying /Users/ashish.sinha/Documents/project/sinashish.github.io/assets/js/chartjs-setup.js
Terser: Minifying /Users/ashish.sinha/Documents/project/sinashish.github.io/assets/js/common.js
Terser: Minifying /Users/ashish.sinha/Documents/project/sinashish.github.io/assets/js/copy_code.js
Terser: Minifying /Users/ashish.sinha/Documents/project/sinashish.github.io/assets/js/diff2html-setup.js
Terser: Minifying /Users/ashish.sinha/Documents/project/sinashish.github.io/assets/js/distillpub/overrides.js
Terser: Minifying /Users/ashish.sinha/Documents/project/sinashish.github.io/assets/js/distillpub/template.v2.js
Terser: Minifying /Users/ashish.sinha/Documents/project/sinashish.github.io/assets/js/distillpub/transforms.v2.js
Terser: Minifying /Users/ashish.sinha/Documents/project/sinashish.github.io/assets/js/echarts-setup.js
Terser: Minifying /Users/ashish.sinha/Documents/project/sinashish.github.io/assets/js/highlight-search-term.js
Terser: Minifying /Users/ashish.sinha/Documents/project/sinashish.github.io/assets/js/jupyter_new_tab.js
Terser: Minifying /Users/ashish.sinha/Documents/project/sinashish.github.io/assets/js/leaflet-setup.js
Terser: Minifying /Users/ashish.sinha/Documents/project/sinashish.github.io/assets/js/masonry.js
Terser: Minifying /Users/ashish.sinha/Documents/project/sinashish.github.io/assets/js/mathjax-setup.js
Terser: Minifying /Users/ashish.sinha/Documents/project/sinashish.github.io/assets/js/mermaid-setup.js
Terser: Minifying /Users/ashish.sinha/Documents/project/sinashish.github.io/assets/js/newsletter.js
Terser: Minifying /Users/ashish.sinha/Documents/project/sinashish.github.io/assets/js/no_defer.js
Terser: Minifying /Users/ashish.sinha/Documents/project/sinashish.github.io/assets/js/plotly-setup.js
Terser: Minifying /Users/ashish.sinha/Documents/project/sinashish.github.io/assets/js/progress-bar.js
Terser: Minifying /Users/ashish.sinha/Documents/project/sinashish.github.io/assets/js/pseudocode-setup.js
Terser: Minifying /Users/ashish.sinha/Documents/project/sinashish.github.io/assets/js/search-setup.js
Terser: Minifying /Users/ashish.sinha/Documents/project/sinashish.github.io/assets/js/shortcut-key.js
Terser: Minifying /Users/ashish.sinha/Documents/project/sinashish.github.io/assets/js/theme.js
Terser: Minifying /Users/ashish.sinha/Documents/project/sinashish.github.io/assets/js/tooltips-setup.js
Terser: Minifying /Users/ashish.sinha/Documents/project/sinashish.github.io/assets/js/typograms.js
Terser: Minifying /Users/ashish.sinha/Documents/project/sinashish.github.io/assets/js/vega-setup.js
Terser: Minifying /Users/ashish.sinha/Documents/project/sinashish.github.io/assets/js/venobox-setup.js
Terser: Minifying /Users/ashish.sinha/Documents/project/sinashish.github.io/assets/js/wechat.js
Terser: Minifying /Users/ashish.sinha/Documents/project/sinashish.github.io/assets/js/zoom.js
Terser: Minifying /Users/ashish.sinha/Documents/project/sinashish.github.io/old-site/libs/custom/my_js.js
Terser: Minifying /Users/ashish.sinha/Documents/project/sinashish.github.io/old-site/libs/external/skeleton_tabs/skeleton-tabs.js
       Imagemagick: Searching files in /Users/ashish.sinha/Documents/project/sinashish.github.io/assets/img/
       Imagemagick: Adding static file /Users/ashish.sinha/Documents/project/sinashish.github.io/_site/assets/img/book_covers/the_godfather-480.webp
       Imagemagick: Adding static file /Users/ashish.sinha/Documents/project/sinashish.github.io/_site/assets/img/book_covers/the_godfather-800.webp
       Imagemagick: Adding static file /Users/ashish.sinha/Documents/project/sinashish.github.io/_site/assets/img/book_covers/the_godfather-1400.webp
       Imagemagick: Adding static file /Users/ashish.sinha/Documents/project/sinashish.github.io/_site/assets/img/posts/selection-480.webp
       Imagemagick: Adding static file /Users/ashish.sinha/Documents/project/sinashish.github.io/_site/assets/img/posts/selection-800.webp
       Imagemagick: Adding static file /Users/ashish.sinha/Documents/project/sinashish.github.io/_site/assets/img/posts/selection-1400.webp
       Imagemagick: Adding static file /Users/ashish.sinha/Documents/project/sinashish.github.io/_site/assets/img/publication_preview/dimple-480.webp
       Imagemagick: Adding static file /Users/ashish.sinha/Documents/project/sinashish.github.io/_site/assets/img/publication_preview/dimple-800.webp
       Imagemagick: Adding static file /Users/ashish.sinha/Documents/project/sinashish.github.io/_site/assets/img/publication_preview/dimple-1400.webp
       Imagemagick: Adding static file /Users/ashish.sinha/Documents/project/sinashish.github.io/_site/assets/img/publication_preview/msa-480.webp
       Imagemagick: Adding static file /Users/ashish.sinha/Documents/project/sinashish.github.io/_site/assets/img/publication_preview/msa-800.webp
       Imagemagick: Adding static file /Users/ashish.sinha/Documents/project/sinashish.github.io/_site/assets/img/publication_preview/msa-1400.webp
       Imagemagick: Adding static file /Users/ashish.sinha/Documents/project/sinashish.github.io/_site/assets/img/publication_preview/msc-thesis-480.webp
       Imagemagick: Adding static file /Users/ashish.sinha/Documents/project/sinashish.github.io/_site/assets/img/publication_preview/msc-thesis-800.webp
       Imagemagick: Adding static file /Users/ashish.sinha/Documents/project/sinashish.github.io/_site/assets/img/publication_preview/msc-thesis-1400.webp
       Imagemagick: Adding static file /Users/ashish.sinha/Documents/project/sinashish.github.io/_site/assets/img/publication_preview/trind-480.webp
       Imagemagick: Adding static file /Users/ashish.sinha/Documents/project/sinashish.github.io/_site/assets/img/publication_preview/trind-800.webp
       Imagemagick: Adding static file /Users/ashish.sinha/Documents/project/sinashish.github.io/_site/assets/img/publication_preview/trind-1400.webp
       Imagemagick: Adding static file /Users/ashish.sinha/Documents/project/sinashish.github.io/_site/assets/img/publication_preview/demoire-480.webp
       Imagemagick: Adding static file /Users/ashish.sinha/Documents/project/sinashish.github.io/_site/assets/img/publication_preview/demoire-800.webp
       Imagemagick: Adding static file /Users/ashish.sinha/Documents/project/sinashish.github.io/_site/assets/img/publication_preview/demoire-1400.webp
       Imagemagick: Adding static file /Users/ashish.sinha/Documents/project/sinashish.github.io/_site/assets/img/publication_preview/dermsynth3d-480.webp
       Imagemagick: Adding static file /Users/ashish.sinha/Documents/project/sinashish.github.io/_site/assets/img/publication_preview/dermsynth3d-800.webp
       Imagemagick: Adding static file /Users/ashish.sinha/Documents/project/sinashish.github.io/_site/assets/img/publication_preview/dermsynth3d-1400.webp
       Imagemagick: Adding static file /Users/ashish.sinha/Documents/project/sinashish.github.io/_site/assets/img/publication_preview/gagan-480.webp
       Imagemagick: Adding static file /Users/ashish.sinha/Documents/project/sinashish.github.io/_site/assets/img/publication_preview/gagan-800.webp
       Imagemagick: Adding static file /Users/ashish.sinha/Documents/project/sinashish.github.io/_site/assets/img/publication_preview/gagan-1400.webp
       Imagemagick: Adding static file /Users/ashish.sinha/Documents/project/sinashish.github.io/_site/assets/img/publication_preview/ethical-480.webp
       Imagemagick: Adding static file /Users/ashish.sinha/Documents/project/sinashish.github.io/_site/assets/img/publication_preview/ethical-800.webp
       Imagemagick: Adding static file /Users/ashish.sinha/Documents/project/sinashish.github.io/_site/assets/img/publication_preview/ethical-1400.webp
       Imagemagick: Adding static file /Users/ashish.sinha/Documents/project/sinashish.github.io/_site/assets/img/publication_preview/unpose-480.webp
       Imagemagick: Adding static file /Users/ashish.sinha/Documents/project/sinashish.github.io/_site/assets/img/publication_preview/unpose-800.webp
       Imagemagick: Adding static file /Users/ashish.sinha/Documents/project/sinashish.github.io/_site/assets/img/publication_preview/unpose-1400.webp
       Imagemagick: Adding static file /Users/ashish.sinha/Documents/project/sinashish.github.io/_site/assets/img/publication_preview/mensa-480.webp
       Imagemagick: Adding static file /Users/ashish.sinha/Documents/project/sinashish.github.io/_site/assets/img/publication_preview/mensa-800.webp
       Imagemagick: Adding static file /Users/ashish.sinha/Documents/project/sinashish.github.io/_site/assets/img/publication_preview/mensa-1400.webp
       Imagemagick: Generated 0 file(s)
       Jekyll Feed: Generating feed for posts
         AutoPages: Disabled/Not configured in site.config.
        Pagination: Complete, processed 1 pagination page(s)
[33m           Warning: Empty `slug` generated for ''.[0m
                    ...done in 6.017874 seconds.
                    
      Regenerating: 2 file(s) changed at 2026-09-06 14:44:16
                    assets/img/photography/frisbee_3.webp
                    assets/img/photography/frisbee_4.webp
Terser: Minifying /Users/ashish.sinha/Documents/project/sinashish.github.io/assets/js/bibsearch.js
Terser: Minifying /Users/ashish.sinha/Documents/project/sinashish.github.io/assets/js/chartjs-setup.js
Terser: Minifying /Users/ashish.sinha/Documents/project/sinashish.github.io/assets/js/common.js
Terser: Minifying /Users/ashish.sinha/Documents/project/sinashish.github.io/assets/js/copy_code.js
Terser: Minifying /Users/ashish.sinha/Documents/project/sinashish.github.io/assets/js/diff2html-setup.js
Terser: Minifying /Users/ashish.sinha/Documents/project/sinashish.github.io/assets/js/distillpub/overrides.js
Terser: Minifying /Users/ashish.sinha/Documents/project/sinashish.github.io/assets/js/distillpub/template.v2.js
Terser: Minifying /Users/ashish.sinha/Documents/project/sinashish.github.io/assets/js/distillpub/transforms.v2.js
Terser: Minifying /Users/ashish.sinha/Documents/project/sinashish.github.io/assets/js/echarts-setup.js
Terser: Minifying /Users/ashish.sinha/Documents/project/sinashish.github.io/assets/js/highlight-search-term.js
Terser: Minifying /Users/ashish.sinha/Documents/project/sinashish.github.io/assets/js/jupyter_new_tab.js
Terser: Minifying /Users/ashish.sinha/Documents/project/sinashish.github.io/assets/js/leaflet-setup.js
Terser: Minifying /Users/ashish.sinha/Documents/project/sinashish.github.io/assets/js/masonry.js
Terser: Minifying /Users/ashish.sinha/Documents/project/sinashish.github.io/assets/js/mathjax-setup.js
Terser: Minifying /Users/ashish.sinha/Documents/project/sinashish.github.io/assets/js/mermaid-setup.js
Terser: Minifying /Users/ashish.sinha/Documents/project/sinashish.github.io/assets/js/newsletter.js
Terser: Minifying /Users/ashish.sinha/Documents/project/sinashish.github.io/assets/js/no_defer.js
Terser: Minifying /Users/ashish.sinha/Documents/project/sinashish.github.io/assets/js/plotly-setup.js
Terser: Minifying /Users/ashish.sinha/Documents/project/sinashish.github.io/assets/js/progress-bar.js
Terser: Minifying /Users/ashish.sinha/Documents/project/sinashish.github.io/assets/js/pseudocode-setup.js
Terser: Minifying /Users/ashish.sinha/Documents/project/sinashish.github.io/assets/js/search-setup.js
Terser: Minifying /Users/ashish.sinha/Documents/project/sinashish.github.io/assets/js/shortcut-key.js
Terser: Minifying /Users/ashish.sinha/Documents/project/sinashish.github.io/assets/js/theme.js
Terser: Minifying /Users/ashish.sinha/Documents/project/sinashish.github.io/assets/js/tooltips-setup.js
Terser: Minifying /Users/ashish.sinha/Documents/project/sinashish.github.io/assets/js/typograms.js
Terser: Minifying /Users/ashish.sinha/Documents/project/sinashish.github.io/assets/js/vega-setup.js
Terser: Minifying /Users/ashish.sinha/Documents/project/sinashish.github.io/assets/js/venobox-setup.js
Terser: Minifying /Users/ashish.sinha/Documents/project/sinashish.github.io/assets/js/wechat.js
Terser: Minifying /Users/ashish.sinha/Documents/project/sinashish.github.io/assets/js/zoom.js
Terser: Minifying /Users/ashish.sinha/Documents/project/sinashish.github.io/old-site/libs/custom/my_js.js
Terser: Minifying /Users/ashish.sinha/Documents/project/sinashish.github.io/old-site/libs/external/skeleton_tabs/skeleton-tabs.js
       Imagemagick: Searching files in /Users/ashish.sinha/Documents/project/sinashish.github.io/assets/img/
       Imagemagick: Adding static file /Users/ashish.sinha/Documents/project/sinashish.github.io/_site/assets/img/book_covers/the_godfather-480.webp
       Imagemagick: Adding static file /Users/ashish.sinha/Documents/project/sinashish.github.io/_site/assets/img/book_covers/the_godfather-800.webp
       Imagemagick: Adding static file /Users/ashish.sinha/Documents/project/sinashish.github.io/_site/assets/img/book_covers/the_godfather-1400.webp
       Imagemagick: Adding static file /Users/ashish.sinha/Documents/project/sinashish.github.io/_site/assets/img/posts/selection-480.webp
       Imagemagick: Adding static file /Users/ashish.sinha/Documents/project/sinashish.github.io/_site/assets/img/posts/selection-800.webp
       Imagemagick: Adding static file /Users/ashish.sinha/Documents/project/sinashish.github.io/_site/assets/img/posts/selection-1400.webp
       Imagemagick: Adding static file /Users/ashish.sinha/Documents/project/sinashish.github.io/_site/assets/img/publication_preview/dimple-480.webp
       Imagemagick: Adding static file /Users/ashish.sinha/Documents/project/sinashish.github.io/_site/assets/img/publication_preview/dimple-800.webp
       Imagemagick: Adding static file /Users/ashish.sinha/Documents/project/sinashish.github.io/_site/assets/img/publication_preview/dimple-1400.webp
       Imagemagick: Adding static file /Users/ashish.sinha/Documents/project/sinashish.github.io/_site/assets/img/publication_preview/msa-480.webp
       Imagemagick: Adding static file /Users/ashish.sinha/Documents/project/sinashish.github.io/_site/assets/img/publication_preview/msa-800.webp
       Imagemagick: Adding static file /Users/ashish.sinha/Documents/project/sinashish.github.io/_site/assets/img/publication_preview/msa-1400.webp
       Imagemagick: Adding static file /Users/ashish.sinha/Documents/project/sinashish.github.io/_site/assets/img/publication_preview/msc-thesis-480.webp
       Imagemagick: Adding static file /Users/ashish.sinha/Documents/project/sinashish.github.io/_site/assets/img/publication_preview/msc-thesis-800.webp
       Imagemagick: Adding static file /Users/ashish.sinha/Documents/project/sinashish.github.io/_site/assets/img/publication_preview/msc-thesis-1400.webp
       Imagemagick: Adding static file /Users/ashish.sinha/Documents/project/sinashish.github.io/_site/assets/img/publication_preview/trind-480.webp
       Imagemagick: Adding static file /Users/ashish.sinha/Documents/project/sinashish.github.io/_site/assets/img/publication_preview/trind-800.webp
       Imagemagick: Adding static file /Users/ashish.sinha/Documents/project/sinashish.github.io/_site/assets/img/publication_preview/trind-1400.webp
       Imagemagick: Adding static file /Users/ashish.sinha/Documents/project/sinashish.github.io/_site/assets/img/publication_preview/demoire-480.webp
       Imagemagick: Adding static file /Users/ashish.sinha/Documents/project/sinashish.github.io/_site/assets/img/publication_preview/demoire-800.webp
       Imagemagick: Adding static file /Users/ashish.sinha/Documents/project/sinashish.github.io/_site/assets/img/publication_preview/demoire-1400.webp
       Imagemagick: Adding static file /Users/ashish.sinha/Documents/project/sinashish.github.io/_site/assets/img/publication_preview/dermsynth3d-480.webp
       Imagemagick: Adding static file /Users/ashish.sinha/Documents/project/sinashish.github.io/_site/assets/img/publication_preview/dermsynth3d-800.webp
       Imagemagick: Adding static file /Users/ashish.sinha/Documents/project/sinashish.github.io/_site/assets/img/publication_preview/dermsynth3d-1400.webp
       Imagemagick: Adding static file /Users/ashish.sinha/Documents/project/sinashish.github.io/_site/assets/img/publication_preview/gagan-480.webp
       Imagemagick: Adding static file /Users/ashish.sinha/Documents/project/sinashish.github.io/_site/assets/img/publication_preview/gagan-800.webp
       Imagemagick: Adding static file /Users/ashish.sinha/Documents/project/sinashish.github.io/_site/assets/img/publication_preview/gagan-1400.webp
       Imagemagick: Adding static file /Users/ashish.sinha/Documents/project/sinashish.github.io/_site/assets/img/publication_preview/ethical-480.webp
       Imagemagick: Adding static file /Users/ashish.sinha/Documents/project/sinashish.github.io/_site/assets/img/publication_preview/ethical-800.webp
       Imagemagick: Adding static file /Users/ashish.sinha/Documents/project/sinashish.github.io/_site/assets/img/publication_preview/ethical-1400.webp
       Imagemagick: Adding static file /Users/ashish.sinha/Documents/project/sinashish.github.io/_site/assets/img/publication_preview/unpose-480.webp
       Imagemagick: Adding static file /Users/ashish.sinha/Documents/project/sinashish.github.io/_site/assets/img/publication_preview/unpose-800.webp
       Imagemagick: Adding static file /Users/ashish.sinha/Documents/project/sinashish.github.io/_site/assets/img/publication_preview/unpose-1400.webp
       Imagemagick: Adding static file /Users/ashish.sinha/Documents/project/sinashish.github.io/_site/assets/img/publication_preview/mensa-480.webp
       Imagemagick: Adding static file /Users/ashish.sinha/Documents/project/sinashish.github.io/_site/assets/img/publication_preview/mensa-800.webp
       Imagemagick: Adding static file /Users/ashish.sinha/Documents/project/sinashish.github.io/_site/assets/img/publication_preview/mensa-1400.webp
       Imagemagick: Generated 0 file(s)
       Jekyll Feed: Generating feed for posts
         AutoPages: Disabled/Not configured in site.config.
        Pagination: Complete, processed 1 pagination page(s)
[33m           Warning: Empty `slug` generated for ''.[0m
                    ...done in 6.937778 seconds.
                    
      Regenerating: 7 file(s) changed at 2026-09-06 14:44:23
                    assets/img/photography/frisbee_4.webp
                    assets/img/photography/frisbee_5.webp
                    assets/img/photography/frisbee_6.webp
                    assets/img/photography/frisbee_7.webp
                    assets/img/photography/frisbee_8.webp
                    assets/img/photography/frisbee_9.webp
                    assets/img/photography/frisbee_10.webp
Terser: Minifying /Users/ashish.sinha/Documents/project/sinashish.github.io/assets/js/bibsearch.js
Terser: Minifying /Users/ashish.sinha/Documents/project/sinashish.github.io/assets/js/chartjs-setup.js
Terser: Minifying /Users/ashish.sinha/Documents/project/sinashish.github.io/assets/js/common.js
Terser: Minifying /Users/ashish.sinha/Documents/project/sinashish.github.io/assets/js/copy_code.js
Terser: Minifying /Users/ashish.sinha/Documents/project/sinashish.github.io/assets/js/diff2html-setup.js
Terser: Minifying /Users/ashish.sinha/Documents/project/sinashish.github.io/assets/js/distillpub/overrides.js
Terser: Minifying /Users/ashish.sinha/Documents/project/sinashish.github.io/assets/js/distillpub/template.v2.js
Terser: Minifying /Users/ashish.sinha/Documents/project/sinashish.github.io/assets/js/distillpub/transforms.v2.js
Terser: Minifying /Users/ashish.sinha/Documents/project/sinashish.github.io/assets/js/echarts-setup.js
Terser: Minifying /Users/ashish.sinha/Documents/project/sinashish.github.io/assets/js/highlight-search-term.js
Terser: Minifying /Users/ashish.sinha/Documents/project/sinashish.github.io/assets/js/jupyter_new_tab.js
Terser: Minifying /Users/ashish.sinha/Documents/project/sinashish.github.io/assets/js/leaflet-setup.js
Terser: Minifying /Users/ashish.sinha/Documents/project/sinashish.github.io/assets/js/masonry.js
Terser: Minifying /Users/ashish.sinha/Documents/project/sinashish.github.io/assets/js/mathjax-setup.js
Terser: Minifying /Users/ashish.sinha/Documents/project/sinashish.github.io/assets/js/mermaid-setup.js
Terser: Minifying /Users/ashish.sinha/Documents/project/sinashish.github.io/assets/js/newsletter.js
Terser: Minifying /Users/ashish.sinha/Documents/project/sinashish.github.io/assets/js/no_defer.js
Terser: Minifying /Users/ashish.sinha/Documents/project/sinashish.github.io/assets/js/plotly-setup.js
Terser: Minifying /Users/ashish.sinha/Documents/project/sinashish.github.io/assets/js/progress-bar.js
Terser: Minifying /Users/ashish.sinha/Documents/project/sinashish.github.io/assets/js/pseudocode-setup.js
Terser: Minifying /Users/ashish.sinha/Documents/project/sinashish.github.io/assets/js/search-setup.js
Terser: Minifying /Users/ashish.sinha/Documents/project/sinashish.github.io/assets/js/shortcut-key.js
Terser: Minifying /Users/ashish.sinha/Documents/project/sinashish.github.io/assets/js/theme.js
Terser: Minifying /Users/ashish.sinha/Documents/project/sinashish.github.io/assets/js/tooltips-setup.js
Terser: Minifying /Users/ashish.sinha/Documents/project/sinashish.github.io/assets/js/typograms.js
Terser: Minifying /Users/ashish.sinha/Documents/project/sinashish.github.io/assets/js/vega-setup.js
Terser: Minifying /Users/ashish.sinha/Documents/project/sinashish.github.io/assets/js/venobox-setup.js
Terser: Minifying /Users/ashish.sinha/Documents/project/sinashish.github.io/assets/js/wechat.js
Terser: Minifying /Users/ashish.sinha/Documents/project/sinashish.github.io/assets/js/zoom.js
Terser: Minifying /Users/ashish.sinha/Documents/project/sinashish.github.io/old-site/libs/custom/my_js.js
Terser: Minifying /Users/ashish.sinha/Documents/project/sinashish.github.io/old-site/libs/external/skeleton_tabs/skeleton-tabs.js
       Imagemagick: Searching files in /Users/ashish.sinha/Documents/project/sinashish.github.io/assets/img/
       Imagemagick: Adding static file /Users/ashish.sinha/Documents/project/sinashish.github.io/_site/assets/img/book_covers/the_godfather-480.webp
       Imagemagick: Adding static file /Users/ashish.sinha/Documents/project/sinashish.github.io/_site/assets/img/book_covers/the_godfather-800.webp
       Imagemagick: Adding static file /Users/ashish.sinha/Documents/project/sinashish.github.io/_site/assets/img/book_covers/the_godfather-1400.webp
       Imagemagick: Adding static file /Users/ashish.sinha/Documents/project/sinashish.github.io/_site/assets/img/posts/selection-480.webp
       Imagemagick: Adding static file /Users/ashish.sinha/Documents/project/sinashish.github.io/_site/assets/img/posts/selection-800.webp
       Imagemagick: Adding static file /Users/ashish.sinha/Documents/project/sinashish.github.io/_site/assets/img/posts/selection-1400.webp
       Imagemagick: Adding static file /Users/ashish.sinha/Documents/project/sinashish.github.io/_site/assets/img/publication_preview/dimple-480.webp
       Imagemagick: Adding static file /Users/ashish.sinha/Documents/project/sinashish.github.io/_site/assets/img/publication_preview/dimple-800.webp
       Imagemagick: Adding static file /Users/ashish.sinha/Documents/project/sinashish.github.io/_site/assets/img/publication_preview/dimple-1400.webp
       Imagemagick: Adding static file /Users/ashish.sinha/Documents/project/sinashish.github.io/_site/assets/img/publication_preview/msa-480.webp
       Imagemagick: Adding static file /Users/ashish.sinha/Documents/project/sinashish.github.io/_site/assets/img/publication_preview/msa-800.webp
       Imagemagick: Adding static file /Users/ashish.sinha/Documents/project/sinashish.github.io/_site/assets/img/publication_preview/msa-1400.webp
       Imagemagick: Adding static file /Users/ashish.sinha/Documents/project/sinashish.github.io/_site/assets/img/publication_preview/msc-thesis-480.webp
       Imagemagick: Adding static file /Users/ashish.sinha/Documents/project/sinashish.github.io/_site/assets/img/publication_preview/msc-thesis-800.webp
       Imagemagick: Adding static file /Users/ashish.sinha/Documents/project/sinashish.github.io/_site/assets/img/publication_preview/msc-thesis-1400.webp
       Imagemagick: Adding static file /Users/ashish.sinha/Documents/project/sinashish.github.io/_site/assets/img/publication_preview/trind-480.webp
       Imagemagick: Adding static file /Users/ashish.sinha/Documents/project/sinashish.github.io/_site/assets/img/publication_preview/trind-800.webp
       Imagemagick: Adding static file /Users/ashish.sinha/Documents/project/sinashish.github.io/_site/assets/img/publication_preview/trind-1400.webp
       Imagemagick: Adding static file /Users/ashish.sinha/Documents/project/sinashish.github.io/_site/assets/img/publication_preview/demoire-480.webp
       Imagemagick: Adding static file /Users/ashish.sinha/Documents/project/sinashish.github.io/_site/assets/img/publication_preview/demoire-800.webp
       Imagemagick: Adding static file /Users/ashish.sinha/Documents/project/sinashish.github.io/_site/assets/img/publication_preview/demoire-1400.webp
       Imagemagick: Adding static file /Users/ashish.sinha/Documents/project/sinashish.github.io/_site/assets/img/publication_preview/dermsynth3d-480.webp
       Imagemagick: Adding static file /Users/ashish.sinha/Documents/project/sinashish.github.io/_site/assets/img/publication_preview/dermsynth3d-800.webp
       Imagemagick: Adding static file /Users/ashish.sinha/Documents/project/sinashish.github.io/_site/assets/img/publication_preview/dermsynth3d-1400.webp
       Imagemagick: Adding static file /Users/ashish.sinha/Documents/project/sinashish.github.io/_site/assets/img/publication_preview/gagan-480.webp
       Imagemagick: Adding static file /Users/ashish.sinha/Documents/project/sinashish.github.io/_site/assets/img/publication_preview/gagan-800.webp
       Imagemagick: Adding static file /Users/ashish.sinha/Documents/project/sinashish.github.io/_site/assets/img/publication_preview/gagan-1400.webp
       Imagemagick: Adding static file /Users/ashish.sinha/Documents/project/sinashish.github.io/_site/assets/img/publication_preview/ethical-480.webp
       Imagemagick: Adding static file /Users/ashish.sinha/Documents/project/sinashish.github.io/_site/assets/img/publication_preview/ethical-800.webp
       Imagemagick: Adding static file /Users/ashish.sinha/Documents/project/sinashish.github.io/_site/assets/img/publication_preview/ethical-1400.webp
       Imagemagick: Adding static file /Users/ashish.sinha/Documents/project/sinashish.github.io/_site/assets/img/publication_preview/unpose-480.webp
       Imagemagick: Adding static file /Users/ashish.sinha/Documents/project/sinashish.github.io/_site/assets/img/publication_preview/unpose-800.webp
       Imagemagick: Adding static file /Users/ashish.sinha/Documents/project/sinashish.github.io/_site/assets/img/publication_preview/unpose-1400.webp
       Imagemagick: Adding static file /Users/ashish.sinha/Documents/project/sinashish.github.io/_site/assets/img/publication_preview/mensa-480.webp
       Imagemagick: Adding static file /Users/ashish.sinha/Documents/project/sinashish.github.io/_site/assets/img/publication_preview/mensa-800.webp
       Imagemagick: Adding static file /Users/ashish.sinha/Documents/project/sinashish.github.io/_site/assets/img/publication_preview/mensa-1400.webp
       Imagemagick: Generated 0 file(s)
       Jekyll Feed: Generating feed for posts
         AutoPages: Disabled/Not configured in site.config.
        Pagination: Complete, processed 1 pagination page(s)
[33m           Warning: Empty `slug` generated for ''.[0m
                    ...done in 6.73576 seconds.
                    
      Regenerating: 1 file(s) changed at 2026-09-06 14:44:30
                    _data/photography.yml
Terser: Minifying /Users/ashish.sinha/Documents/project/sinashish.github.io/assets/js/bibsearch.js
Terser: Minifying /Users/ashish.sinha/Documents/project/sinashish.github.io/assets/js/chartjs-setup.js
Terser: Minifying /Users/ashish.sinha/Documents/project/sinashish.github.io/assets/js/common.js
Terser: Minifying /Users/ashish.sinha/Documents/project/sinashish.github.io/assets/js/copy_code.js
Terser: Minifying /Users/ashish.sinha/Documents/project/sinashish.github.io/assets/js/diff2html-setup.js
Terser: Minifying /Users/ashish.sinha/Documents/project/sinashish.github.io/assets/js/distillpub/overrides.js
Terser: Minifying /Users/ashish.sinha/Documents/project/sinashish.github.io/assets/js/distillpub/template.v2.js
Terser: Minifying /Users/ashish.sinha/Documents/project/sinashish.github.io/assets/js/distillpub/transforms.v2.js
Terser: Minifying /Users/ashish.sinha/Documents/project/sinashish.github.io/assets/js/echarts-setup.js
Terser: Minifying /Users/ashish.sinha/Documents/project/sinashish.github.io/assets/js/highlight-search-term.js
Terser: Minifying /Users/ashish.sinha/Documents/project/sinashish.github.io/assets/js/jupyter_new_tab.js
Terser: Minifying /Users/ashish.sinha/Documents/project/sinashish.github.io/assets/js/leaflet-setup.js
Terser: Minifying /Users/ashish.sinha/Documents/project/sinashish.github.io/assets/js/masonry.js
Terser: Minifying /Users/ashish.sinha/Documents/project/sinashish.github.io/assets/js/mathjax-setup.js
Terser: Minifying /Users/ashish.sinha/Documents/project/sinashish.github.io/assets/js/mermaid-setup.js
Terser: Minifying /Users/ashish.sinha/Documents/project/sinashish.github.io/assets/js/newsletter.js
Terser: Minifying /Users/ashish.sinha/Documents/project/sinashish.github.io/assets/js/no_defer.js
Terser: Minifying /Users/ashish.sinha/Documents/project/sinashish.github.io/assets/js/plotly-setup.js
Terser: Minifying /Users/ashish.sinha/Documents/project/sinashish.github.io/assets/js/progress-bar.js
Terser: Minifying /Users/ashish.sinha/Documents/project/sinashish.github.io/assets/js/pseudocode-setup.js
Terser: Minifying /Users/ashish.sinha/Documents/project/sinashish.github.io/assets/js/search-setup.js
Terser: Minifying /Users/ashish.sinha/Documents/project/sinashish.github.io/assets/js/shortcut-key.js
Terser: Minifying /Users/ashish.sinha/Documents/project/sinashish.github.io/assets/js/theme.js
Terser: Minifying /Users/ashish.sinha/Documents/project/sinashish.github.io/assets/js/tooltips-setup.js
Terser: Minifying /Users/ashish.sinha/Documents/project/sinashish.github.io/assets/js/typograms.js
Terser: Minifying /Users/ashish.sinha/Documents/project/sinashish.github.io/assets/js/vega-setup.js
Terser: Minifying /Users/ashish.sinha/Documents/project/sinashish.github.io/assets/js/venobox-setup.js
Terser: Minifying /Users/ashish.sinha/Documents/project/sinashish.github.io/assets/js/wechat.js
Terser: Minifying /Users/ashish.sinha/Documents/project/sinashish.github.io/assets/js/zoom.js
Terser: Minifying /Users/ashish.sinha/Documents/project/sinashish.github.io/old-site/libs/custom/my_js.js
Terser: Minifying /Users/ashish.sinha/Documents/project/sinashish.github.io/old-site/libs/external/skeleton_tabs/skeleton-tabs.js
       Imagemagick: Searching files in /Users/ashish.sinha/Documents/project/sinashish.github.io/assets/img/
       Imagemagick: Adding static file /Users/ashish.sinha/Documents/project/sinashish.github.io/_site/assets/img/book_covers/the_godfather-480.webp
       Imagemagick: Adding static file /Users/ashish.sinha/Documents/project/sinashish.github.io/_site/assets/img/book_covers/the_godfather-800.webp
       Imagemagick: Adding static file /Users/ashish.sinha/Documents/project/sinashish.github.io/_site/assets/img/book_covers/the_godfather-1400.webp
       Imagemagick: Adding static file /Users/ashish.sinha/Documents/project/sinashish.github.io/_site/assets/img/posts/selection-480.webp
       Imagemagick: Adding static file /Users/ashish.sinha/Documents/project/sinashish.github.io/_site/assets/img/posts/selection-800.webp
       Imagemagick: Adding static file /Users/ashish.sinha/Documents/project/sinashish.github.io/_site/assets/img/posts/selection-1400.webp
       Imagemagick: Adding static file /Users/ashish.sinha/Documents/project/sinashish.github.io/_site/assets/img/publication_preview/dimple-480.webp
       Imagemagick: Adding static file /Users/ashish.sinha/Documents/project/sinashish.github.io/_site/assets/img/publication_preview/dimple-800.webp
       Imagemagick: Adding static file /Users/ashish.sinha/Documents/project/sinashish.github.io/_site/assets/img/publication_preview/dimple-1400.webp
       Imagemagick: Adding static file /Users/ashish.sinha/Documents/project/sinashish.github.io/_site/assets/img/publication_preview/msa-480.webp
       Imagemagick: Adding static file /Users/ashish.sinha/Documents/project/sinashish.github.io/_site/assets/img/publication_preview/msa-800.webp
       Imagemagick: Adding static file /Users/ashish.sinha/Documents/project/sinashish.github.io/_site/assets/img/publication_preview/msa-1400.webp
       Imagemagick: Adding static file /Users/ashish.sinha/Documents/project/sinashish.github.io/_site/assets/img/publication_preview/msc-thesis-480.webp
       Imagemagick: Adding static file /Users/ashish.sinha/Documents/project/sinashish.github.io/_site/assets/img/publication_preview/msc-thesis-800.webp
       Imagemagick: Adding static file /Users/ashish.sinha/Documents/project/sinashish.github.io/_site/assets/img/publication_preview/msc-thesis-1400.webp
       Imagemagick: Adding static file /Users/ashish.sinha/Documents/project/sinashish.github.io/_site/assets/img/publication_preview/trind-480.webp
       Imagemagick: Adding static file /Users/ashish.sinha/Documents/project/sinashish.github.io/_site/assets/img/publication_preview/trind-800.webp
       Imagemagick: Adding static file /Users/ashish.sinha/Documents/project/sinashish.github.io/_site/assets/img/publication_preview/trind-1400.webp
       Imagemagick: Adding static file /Users/ashish.sinha/Documents/project/sinashish.github.io/_site/assets/img/publication_preview/demoire-480.webp
       Imagemagick: Adding static file /Users/ashish.sinha/Documents/project/sinashish.github.io/_site/assets/img/publication_preview/demoire-800.webp
       Imagemagick: Adding static file /Users/ashish.sinha/Documents/project/sinashish.github.io/_site/assets/img/publication_preview/demoire-1400.webp
       Imagemagick: Adding static file /Users/ashish.sinha/Documents/project/sinashish.github.io/_site/assets/img/publication_preview/dermsynth3d-480.webp
       Imagemagick: Adding static file /Users/ashish.sinha/Documents/project/sinashish.github.io/_site/assets/img/publication_preview/dermsynth3d-800.webp
       Imagemagick: Adding static file /Users/ashish.sinha/Documents/project/sinashish.github.io/_site/assets/img/publication_preview/dermsynth3d-1400.webp
       Imagemagick: Adding static file /Users/ashish.sinha/Documents/project/sinashish.github.io/_site/assets/img/publication_preview/gagan-480.webp
       Imagemagick: Adding static file /Users/ashish.sinha/Documents/project/sinashish.github.io/_site/assets/img/publication_preview/gagan-800.webp
       Imagemagick: Adding static file /Users/ashish.sinha/Documents/project/sinashish.github.io/_site/assets/img/publication_preview/gagan-1400.webp
       Imagemagick: Adding static file /Users/ashish.sinha/Documents/project/sinashish.github.io/_site/assets/img/publication_preview/ethical-480.webp
       Imagemagick: Adding static file /Users/ashish.sinha/Documents/project/sinashish.github.io/_site/assets/img/publication_preview/ethical-800.webp
       Imagemagick: Adding static file /Users/ashish.sinha/Documents/project/sinashish.github.io/_site/assets/img/publication_preview/ethical-1400.webp
       Imagemagick: Adding static file /Users/ashish.sinha/Documents/project/sinashish.github.io/_site/assets/img/publication_preview/unpose-480.webp
       Imagemagick: Adding static file /Users/ashish.sinha/Documents/project/sinashish.github.io/_site/assets/img/publication_preview/unpose-800.webp
       Imagemagick: Adding static file /Users/ashish.sinha/Documents/project/sinashish.github.io/_site/assets/img/publication_preview/unpose-1400.webp
       Imagemagick: Adding static file /Users/ashish.sinha/Documents/project/sinashish.github.io/_site/assets/img/publication_preview/mensa-480.webp
       Imagemagick: Adding static file /Users/ashish.sinha/Documents/project/sinashish.github.io/_site/assets/img/publication_preview/mensa-800.webp
       Imagemagick: Adding static file /Users/ashish.sinha/Documents/project/sinashish.github.io/_site/assets/img/publication_preview/mensa-1400.webp
       Imagemagick: Generated 0 file(s)
       Jekyll Feed: Generating feed for posts
         AutoPages: Disabled/Not configured in site.config.
        Pagination: Complete, processed 1 pagination page(s)
[33m           Warning: Empty `slug` generated for ''.[0m
                    ...done in 6.483889 seconds.
                    
      Regenerating: 1 file(s) changed at 2026-09-06 14:45:11
                    assets/img/photography/sunset_1.webp
Terser: Minifying /Users/ashish.sinha/Documents/project/sinashish.github.io/assets/js/bibsearch.js
Terser: Minifying /Users/ashish.sinha/Documents/project/sinashish.github.io/assets/js/chartjs-setup.js
Terser: Minifying /Users/ashish.sinha/Documents/project/sinashish.github.io/assets/js/common.js
Terser: Minifying /Users/ashish.sinha/Documents/project/sinashish.github.io/assets/js/copy_code.js
Terser: Minifying /Users/ashish.sinha/Documents/project/sinashish.github.io/assets/js/diff2html-setup.js
Terser: Minifying /Users/ashish.sinha/Documents/project/sinashish.github.io/assets/js/distillpub/overrides.js
Terser: Minifying /Users/ashish.sinha/Documents/project/sinashish.github.io/assets/js/distillpub/template.v2.js
Terser: Minifying /Users/ashish.sinha/Documents/project/sinashish.github.io/assets/js/distillpub/transforms.v2.js
Terser: Minifying /Users/ashish.sinha/Documents/project/sinashish.github.io/assets/js/echarts-setup.js
Terser: Minifying /Users/ashish.sinha/Documents/project/sinashish.github.io/assets/js/highlight-search-term.js
Terser: Minifying /Users/ashish.sinha/Documents/project/sinashish.github.io/assets/js/jupyter_new_tab.js
Terser: Minifying /Users/ashish.sinha/Documents/project/sinashish.github.io/assets/js/leaflet-setup.js
Terser: Minifying /Users/ashish.sinha/Documents/project/sinashish.github.io/assets/js/masonry.js
Terser: Minifying /Users/ashish.sinha/Documents/project/sinashish.github.io/assets/js/mathjax-setup.js
Terser: Minifying /Users/ashish.sinha/Documents/project/sinashish.github.io/assets/js/mermaid-setup.js
Terser: Minifying /Users/ashish.sinha/Documents/project/sinashish.github.io/assets/js/newsletter.js
Terser: Minifying /Users/ashish.sinha/Documents/project/sinashish.github.io/assets/js/no_defer.js
Terser: Minifying /Users/ashish.sinha/Documents/project/sinashish.github.io/assets/js/plotly-setup.js
Terser: Minifying /Users/ashish.sinha/Documents/project/sinashish.github.io/assets/js/progress-bar.js
Terser: Minifying /Users/ashish.sinha/Documents/project/sinashish.github.io/assets/js/pseudocode-setup.js
Terser: Minifying /Users/ashish.sinha/Documents/project/sinashish.github.io/assets/js/search-setup.js
Terser: Minifying /Users/ashish.sinha/Documents/project/sinashish.github.io/assets/js/shortcut-key.js
Terser: Minifying /Users/ashish.sinha/Documents/project/sinashish.github.io/assets/js/theme.js
Terser: Minifying /Users/ashish.sinha/Documents/project/sinashish.github.io/assets/js/tooltips-setup.js
Terser: Minifying /Users/ashish.sinha/Documents/project/sinashish.github.io/assets/js/typograms.js
Terser: Minifying /Users/ashish.sinha/Documents/project/sinashish.github.io/assets/js/vega-setup.js
Terser: Minifying /Users/ashish.sinha/Documents/project/sinashish.github.io/assets/js/venobox-setup.js
Terser: Minifying /Users/ashish.sinha/Documents/project/sinashish.github.io/assets/js/wechat.js
Terser: Minifying /Users/ashish.sinha/Documents/project/sinashish.github.io/assets/js/zoom.js
Terser: Minifying /Users/ashish.sinha/Documents/project/sinashish.github.io/old-site/libs/custom/my_js.js
Terser: Minifying /Users/ashish.sinha/Documents/project/sinashish.github.io/old-site/libs/external/skeleton_tabs/skeleton-tabs.js
       Imagemagick: Searching files in /Users/ashish.sinha/Documents/project/sinashish.github.io/assets/img/
       Imagemagick: Adding static file /Users/ashish.sinha/Documents/project/sinashish.github.io/_site/assets/img/book_covers/the_godfather-480.webp
       Imagemagick: Adding static file /Users/ashish.sinha/Documents/project/sinashish.github.io/_site/assets/img/book_covers/the_godfather-800.webp
       Imagemagick: Adding static file /Users/ashish.sinha/Documents/project/sinashish.github.io/_site/assets/img/book_covers/the_godfather-1400.webp
       Imagemagick: Adding static file /Users/ashish.sinha/Documents/project/sinashish.github.io/_site/assets/img/posts/selection-480.webp
       Imagemagick: Adding static file /Users/ashish.sinha/Documents/project/sinashish.github.io/_site/assets/img/posts/selection-800.webp
       Imagemagick: Adding static file /Users/ashish.sinha/Documents/project/sinashish.github.io/_site/assets/img/posts/selection-1400.webp
       Imagemagick: Adding static file /Users/ashish.sinha/Documents/project/sinashish.github.io/_site/assets/img/publication_preview/dimple-480.webp
       Imagemagick: Adding static file /Users/ashish.sinha/Documents/project/sinashish.github.io/_site/assets/img/publication_preview/dimple-800.webp
       Imagemagick: Adding static file /Users/ashish.sinha/Documents/project/sinashish.github.io/_site/assets/img/publication_preview/dimple-1400.webp
       Imagemagick: Adding static file /Users/ashish.sinha/Documents/project/sinashish.github.io/_site/assets/img/publication_preview/msa-480.webp
       Imagemagick: Adding static file /Users/ashish.sinha/Documents/project/sinashish.github.io/_site/assets/img/publication_preview/msa-800.webp
       Imagemagick: Adding static file /Users/ashish.sinha/Documents/project/sinashish.github.io/_site/assets/img/publication_preview/msa-1400.webp
       Imagemagick: Adding static file /Users/ashish.sinha/Documents/project/sinashish.github.io/_site/assets/img/publication_preview/msc-thesis-480.webp
       Imagemagick: Adding static file /Users/ashish.sinha/Documents/project/sinashish.github.io/_site/assets/img/publication_preview/msc-thesis-800.webp
       Imagemagick: Adding static file /Users/ashish.sinha/Documents/project/sinashish.github.io/_site/assets/img/publication_preview/msc-thesis-1400.webp
       Imagemagick: Adding static file /Users/ashish.sinha/Documents/project/sinashish.github.io/_site/assets/img/publication_preview/trind-480.webp
       Imagemagick: Adding static file /Users/ashish.sinha/Documents/project/sinashish.github.io/_site/assets/img/publication_preview/trind-800.webp
       Imagemagick: Adding static file /Users/ashish.sinha/Documents/project/sinashish.github.io/_site/assets/img/publication_preview/trind-1400.webp
       Imagemagick: Adding static file /Users/ashish.sinha/Documents/project/sinashish.github.io/_site/assets/img/publication_preview/demoire-480.webp
       Imagemagick: Adding static file /Users/ashish.sinha/Documents/project/sinashish.github.io/_site/assets/img/publication_preview/demoire-800.webp
       Imagemagick: Adding static file /Users/ashish.sinha/Documents/project/sinashish.github.io/_site/assets/img/publication_preview/demoire-1400.webp
       Imagemagick: Adding static file /Users/ashish.sinha/Documents/project/sinashish.github.io/_site/assets/img/publication_preview/dermsynth3d-480.webp
       Imagemagick: Adding static file /Users/ashish.sinha/Documents/project/sinashish.github.io/_site/assets/img/publication_preview/dermsynth3d-800.webp
       Imagemagick: Adding static file /Users/ashish.sinha/Documents/project/sinashish.github.io/_site/assets/img/publication_preview/dermsynth3d-1400.webp
       Imagemagick: Adding static file /Users/ashish.sinha/Documents/project/sinashish.github.io/_site/assets/img/publication_preview/gagan-480.webp
       Imagemagick: Adding static file /Users/ashish.sinha/Documents/project/sinashish.github.io/_site/assets/img/publication_preview/gagan-800.webp
       Imagemagick: Adding static file /Users/ashish.sinha/Documents/project/sinashish.github.io/_site/assets/img/publication_preview/gagan-1400.webp
       Imagemagick: Adding static file /Users/ashish.sinha/Documents/project/sinashish.github.io/_site/assets/img/publication_preview/ethical-480.webp
       Imagemagick: Adding static file /Users/ashish.sinha/Documents/project/sinashish.github.io/_site/assets/img/publication_preview/ethical-800.webp
       Imagemagick: Adding static file /Users/ashish.sinha/Documents/project/sinashish.github.io/_site/assets/img/publication_preview/ethical-1400.webp
       Imagemagick: Adding static file /Users/ashish.sinha/Documents/project/sinashish.github.io/_site/assets/img/publication_preview/unpose-480.webp
       Imagemagick: Adding static file /Users/ashish.sinha/Documents/project/sinashish.github.io/_site/assets/img/publication_preview/unpose-800.webp
       Imagemagick: Adding static file /Users/ashish.sinha/Documents/project/sinashish.github.io/_site/assets/img/publication_preview/unpose-1400.webp
       Imagemagick: Adding static file /Users/ashish.sinha/Documents/project/sinashish.github.io/_site/assets/img/publication_preview/mensa-480.webp
       Imagemagick: Adding static file /Users/ashish.sinha/Documents/project/sinashish.github.io/_site/assets/img/publication_preview/mensa-800.webp
       Imagemagick: Adding static file /Users/ashish.sinha/Documents/project/sinashish.github.io/_site/assets/img/publication_preview/mensa-1400.webp
       Imagemagick: Generated 0 file(s)
       Jekyll Feed: Generating feed for posts
         AutoPages: Disabled/Not configured in site.config.
        Pagination: Complete, processed 1 pagination page(s)
[33m           Warning: Empty `slug` generated for ''.[0m
                    ...done in 7.614182 seconds.
                    
      Regenerating: 1 file(s) changed at 2026-09-06 14:45:19
                    _data/photography.yml
Terser: Minifying /Users/ashish.sinha/Documents/project/sinashish.github.io/assets/js/bibsearch.js
Terser: Minifying /Users/ashish.sinha/Documents/project/sinashish.github.io/assets/js/chartjs-setup.js
Terser: Minifying /Users/ashish.sinha/Documents/project/sinashish.github.io/assets/js/common.js
Terser: Minifying /Users/ashish.sinha/Documents/project/sinashish.github.io/assets/js/copy_code.js
Terser: Minifying /Users/ashish.sinha/Documents/project/sinashish.github.io/assets/js/diff2html-setup.js
Terser: Minifying /Users/ashish.sinha/Documents/project/sinashish.github.io/assets/js/distillpub/overrides.js
Terser: Minifying /Users/ashish.sinha/Documents/project/sinashish.github.io/assets/js/distillpub/template.v2.js
Terser: Minifying /Users/ashish.sinha/Documents/project/sinashish.github.io/assets/js/distillpub/transforms.v2.js
Terser: Minifying /Users/ashish.sinha/Documents/project/sinashish.github.io/assets/js/echarts-setup.js
Terser: Minifying /Users/ashish.sinha/Documents/project/sinashish.github.io/assets/js/highlight-search-term.js
Terser: Minifying /Users/ashish.sinha/Documents/project/sinashish.github.io/assets/js/jupyter_new_tab.js
Terser: Minifying /Users/ashish.sinha/Documents/project/sinashish.github.io/assets/js/leaflet-setup.js
Terser: Minifying /Users/ashish.sinha/Documents/project/sinashish.github.io/assets/js/masonry.js
Terser: Minifying /Users/ashish.sinha/Documents/project/sinashish.github.io/assets/js/mathjax-setup.js
Terser: Minifying /Users/ashish.sinha/Documents/project/sinashish.github.io/assets/js/mermaid-setup.js
Terser: Minifying /Users/ashish.sinha/Documents/project/sinashish.github.io/assets/js/newsletter.js
Terser: Minifying /Users/ashish.sinha/Documents/project/sinashish.github.io/assets/js/no_defer.js
Terser: Minifying /Users/ashish.sinha/Documents/project/sinashish.github.io/assets/js/plotly-setup.js
Terser: Minifying /Users/ashish.sinha/Documents/project/sinashish.github.io/assets/js/progress-bar.js
Terser: Minifying /Users/ashish.sinha/Documents/project/sinashish.github.io/assets/js/pseudocode-setup.js
Terser: Minifying /Users/ashish.sinha/Documents/project/sinashish.github.io/assets/js/search-setup.js
Terser: Minifying /Users/ashish.sinha/Documents/project/sinashish.github.io/assets/js/shortcut-key.js
Terser: Minifying /Users/ashish.sinha/Documents/project/sinashish.github.io/assets/js/theme.js
Terser: Minifying /Users/ashish.sinha/Documents/project/sinashish.github.io/assets/js/tooltips-setup.js
Terser: Minifying /Users/ashish.sinha/Documents/project/sinashish.github.io/assets/js/typograms.js
Terser: Minifying /Users/ashish.sinha/Documents/project/sinashish.github.io/assets/js/vega-setup.js
Terser: Minifying /Users/ashish.sinha/Documents/project/sinashish.github.io/assets/js/venobox-setup.js
Terser: Minifying /Users/ashish.sinha/Documents/project/sinashish.github.io/assets/js/wechat.js
Terser: Minifying /Users/ashish.sinha/Documents/project/sinashish.github.io/assets/js/zoom.js
Terser: Minifying /Users/ashish.sinha/Documents/project/sinashish.github.io/old-site/libs/custom/my_js.js
Terser: Minifying /Users/ashish.sinha/Documents/project/sinashish.github.io/old-site/libs/external/skeleton_tabs/skeleton-tabs.js
       Imagemagick: Searching files in /Users/ashish.sinha/Documents/project/sinashish.github.io/assets/img/
       Imagemagick: Adding static file /Users/ashish.sinha/Documents/project/sinashish.github.io/_site/assets/img/book_covers/the_godfather-480.webp
       Imagemagick: Adding static file /Users/ashish.sinha/Documents/project/sinashish.github.io/_site/assets/img/book_covers/the_godfather-800.webp
       Imagemagick: Adding static file /Users/ashish.sinha/Documents/project/sinashish.github.io/_site/assets/img/book_covers/the_godfather-1400.webp
       Imagemagick: Adding static file /Users/ashish.sinha/Documents/project/sinashish.github.io/_site/assets/img/posts/selection-480.webp
       Imagemagick: Adding static file /Users/ashish.sinha/Documents/project/sinashish.github.io/_site/assets/img/posts/selection-800.webp
       Imagemagick: Adding static file /Users/ashish.sinha/Documents/project/sinashish.github.io/_site/assets/img/posts/selection-1400.webp
       Imagemagick: Adding static file /Users/ashish.sinha/Documents/project/sinashish.github.io/_site/assets/img/publication_preview/dimple-480.webp
       Imagemagick: Adding static file /Users/ashish.sinha/Documents/project/sinashish.github.io/_site/assets/img/publication_preview/dimple-800.webp
       Imagemagick: Adding static file /Users/ashish.sinha/Documents/project/sinashish.github.io/_site/assets/img/publication_preview/dimple-1400.webp
       Imagemagick: Adding static file /Users/ashish.sinha/Documents/project/sinashish.github.io/_site/assets/img/publication_preview/msa-480.webp
       Imagemagick: Adding static file /Users/ashish.sinha/Documents/project/sinashish.github.io/_site/assets/img/publication_preview/msa-800.webp
       Imagemagick: Adding static file /Users/ashish.sinha/Documents/project/sinashish.github.io/_site/assets/img/publication_preview/msa-1400.webp
       Imagemagick: Adding static file /Users/ashish.sinha/Documents/project/sinashish.github.io/_site/assets/img/publication_preview/msc-thesis-480.webp
       Imagemagick: Adding static file /Users/ashish.sinha/Documents/project/sinashish.github.io/_site/assets/img/publication_preview/msc-thesis-800.webp
       Imagemagick: Adding static file /Users/ashish.sinha/Documents/project/sinashish.github.io/_site/assets/img/publication_preview/msc-thesis-1400.webp
       Imagemagick: Adding static file /Users/ashish.sinha/Documents/project/sinashish.github.io/_site/assets/img/publication_preview/trind-480.webp
       Imagemagick: Adding static file /Users/ashish.sinha/Documents/project/sinashish.github.io/_site/assets/img/publication_preview/trind-800.webp
       Imagemagick: Adding static file /Users/ashish.sinha/Documents/project/sinashish.github.io/_site/assets/img/publication_preview/trind-1400.webp
       Imagemagick: Adding static file /Users/ashish.sinha/Documents/project/sinashish.github.io/_site/assets/img/publication_preview/demoire-480.webp
       Imagemagick: Adding static file /Users/ashish.sinha/Documents/project/sinashish.github.io/_site/assets/img/publication_preview/demoire-800.webp
       Imagemagick: Adding static file /Users/ashish.sinha/Documents/project/sinashish.github.io/_site/assets/img/publication_preview/demoire-1400.webp
       Imagemagick: Adding static file /Users/ashish.sinha/Documents/project/sinashish.github.io/_site/assets/img/publication_preview/dermsynth3d-480.webp
       Imagemagick: Adding static file /Users/ashish.sinha/Documents/project/sinashish.github.io/_site/assets/img/publication_preview/dermsynth3d-800.webp
       Imagemagick: Adding static file /Users/ashish.sinha/Documents/project/sinashish.github.io/_site/assets/img/publication_preview/dermsynth3d-1400.webp
       Imagemagick: Adding static file /Users/ashish.sinha/Documents/project/sinashish.github.io/_site/assets/img/publication_preview/gagan-480.webp
       Imagemagick: Adding static file /Users/ashish.sinha/Documents/project/sinashish.github.io/_site/assets/img/publication_preview/gagan-800.webp
       Imagemagick: Adding static file /Users/ashish.sinha/Documents/project/sinashish.github.io/_site/assets/img/publication_preview/gagan-1400.webp
       Imagemagick: Adding static file /Users/ashish.sinha/Documents/project/sinashish.github.io/_site/assets/img/publication_preview/ethical-480.webp
       Imagemagick: Adding static file /Users/ashish.sinha/Documents/project/sinashish.github.io/_site/assets/img/publication_preview/ethical-800.webp
       Imagemagick: Adding static file /Users/ashish.sinha/Documents/project/sinashish.github.io/_site/assets/img/publication_preview/ethical-1400.webp
       Imagemagick: Adding static file /Users/ashish.sinha/Documents/project/sinashish.github.io/_site/assets/img/publication_preview/unpose-480.webp
       Imagemagick: Adding static file /Users/ashish.sinha/Documents/project/sinashish.github.io/_site/assets/img/publication_preview/unpose-800.webp
       Imagemagick: Adding static file /Users/ashish.sinha/Documents/project/sinashish.github.io/_site/assets/img/publication_preview/unpose-1400.webp
       Imagemagick: Adding static file /Users/ashish.sinha/Documents/project/sinashish.github.io/_site/assets/img/publication_preview/mensa-480.webp
       Imagemagick: Adding static file /Users/ashish.sinha/Documents/project/sinashish.github.io/_site/assets/img/publication_preview/mensa-800.webp
       Imagemagick: Adding static file /Users/ashish.sinha/Documents/project/sinashish.github.io/_site/assets/img/publication_preview/mensa-1400.webp
       Imagemagick: Generated 0 file(s)
       Jekyll Feed: Generating feed for posts
         AutoPages: Disabled/Not configured in site.config.
        Pagination: Complete, processed 1 pagination page(s)
[33m           Warning: Empty `slug` generated for ''.[0m
                    ...done in 6.049927 seconds.
                    
      Regenerating: 1 file(s) changed at 2026-09-06 14:46:46
                    _pages/photography.md
Terser: Minifying /Users/ashish.sinha/Documents/project/sinashish.github.io/assets/js/bibsearch.js
Terser: Minifying /Users/ashish.sinha/Documents/project/sinashish.github.io/assets/js/chartjs-setup.js
Terser: Minifying /Users/ashish.sinha/Documents/project/sinashish.github.io/assets/js/common.js
Terser: Minifying /Users/ashish.sinha/Documents/project/sinashish.github.io/assets/js/copy_code.js
Terser: Minifying /Users/ashish.sinha/Documents/project/sinashish.github.io/assets/js/diff2html-setup.js
Terser: Minifying /Users/ashish.sinha/Documents/project/sinashish.github.io/assets/js/distillpub/overrides.js
Terser: Minifying /Users/ashish.sinha/Documents/project/sinashish.github.io/assets/js/distillpub/template.v2.js
Terser: Minifying /Users/ashish.sinha/Documents/project/sinashish.github.io/assets/js/distillpub/transforms.v2.js
Terser: Minifying /Users/ashish.sinha/Documents/project/sinashish.github.io/assets/js/echarts-setup.js
Terser: Minifying /Users/ashish.sinha/Documents/project/sinashish.github.io/assets/js/highlight-search-term.js
Terser: Minifying /Users/ashish.sinha/Documents/project/sinashish.github.io/assets/js/jupyter_new_tab.js
Terser: Minifying /Users/ashish.sinha/Documents/project/sinashish.github.io/assets/js/leaflet-setup.js
Terser: Minifying /Users/ashish.sinha/Documents/project/sinashish.github.io/assets/js/masonry.js
Terser: Minifying /Users/ashish.sinha/Documents/project/sinashish.github.io/assets/js/mathjax-setup.js
Terser: Minifying /Users/ashish.sinha/Documents/project/sinashish.github.io/assets/js/mermaid-setup.js
Terser: Minifying /Users/ashish.sinha/Documents/project/sinashish.github.io/assets/js/newsletter.js
Terser: Minifying /Users/ashish.sinha/Documents/project/sinashish.github.io/assets/js/no_defer.js
Terser: Minifying /Users/ashish.sinha/Documents/project/sinashish.github.io/assets/js/plotly-setup.js
Terser: Minifying /Users/ashish.sinha/Documents/project/sinashish.github.io/assets/js/progress-bar.js
Terser: Minifying /Users/ashish.sinha/Documents/project/sinashish.github.io/assets/js/pseudocode-setup.js
Terser: Minifying /Users/ashish.sinha/Documents/project/sinashish.github.io/assets/js/search-setup.js
Terser: Minifying /Users/ashish.sinha/Documents/project/sinashish.github.io/assets/js/shortcut-key.js
Terser: Minifying /Users/ashish.sinha/Documents/project/sinashish.github.io/assets/js/theme.js
Terser: Minifying /Users/ashish.sinha/Documents/project/sinashish.github.io/assets/js/tooltips-setup.js
Terser: Minifying /Users/ashish.sinha/Documents/project/sinashish.github.io/assets/js/typograms.js
Terser: Minifying /Users/ashish.sinha/Documents/project/sinashish.github.io/assets/js/vega-setup.js
Terser: Minifying /Users/ashish.sinha/Documents/project/sinashish.github.io/assets/js/venobox-setup.js
Terser: Minifying /Users/ashish.sinha/Documents/project/sinashish.github.io/assets/js/wechat.js
Terser: Minifying /Users/ashish.sinha/Documents/project/sinashish.github.io/assets/js/zoom.js
Terser: Minifying /Users/ashish.sinha/Documents/project/sinashish.github.io/old-site/libs/custom/my_js.js
Terser: Minifying /Users/ashish.sinha/Documents/project/sinashish.github.io/old-site/libs/external/skeleton_tabs/skeleton-tabs.js
       Imagemagick: Searching files in /Users/ashish.sinha/Documents/project/sinashish.github.io/assets/img/
       Imagemagick: Adding static file /Users/ashish.sinha/Documents/project/sinashish.github.io/_site/assets/img/book_covers/the_godfather-480.webp
       Imagemagick: Adding static file /Users/ashish.sinha/Documents/project/sinashish.github.io/_site/assets/img/book_covers/the_godfather-800.webp
       Imagemagick: Adding static file /Users/ashish.sinha/Documents/project/sinashish.github.io/_site/assets/img/book_covers/the_godfather-1400.webp
       Imagemagick: Adding static file /Users/ashish.sinha/Documents/project/sinashish.github.io/_site/assets/img/posts/selection-480.webp
       Imagemagick: Adding static file /Users/ashish.sinha/Documents/project/sinashish.github.io/_site/assets/img/posts/selection-800.webp
       Imagemagick: Adding static file /Users/ashish.sinha/Documents/project/sinashish.github.io/_site/assets/img/posts/selection-1400.webp
       Imagemagick: Adding static file /Users/ashish.sinha/Documents/project/sinashish.github.io/_site/assets/img/publication_preview/dimple-480.webp
       Imagemagick: Adding static file /Users/ashish.sinha/Documents/project/sinashish.github.io/_site/assets/img/publication_preview/dimple-800.webp
       Imagemagick: Adding static file /Users/ashish.sinha/Documents/project/sinashish.github.io/_site/assets/img/publication_preview/dimple-1400.webp
       Imagemagick: Adding static file /Users/ashish.sinha/Documents/project/sinashish.github.io/_site/assets/img/publication_preview/msa-480.webp
       Imagemagick: Adding static file /Users/ashish.sinha/Documents/project/sinashish.github.io/_site/assets/img/publication_preview/msa-800.webp
       Imagemagick: Adding static file /Users/ashish.sinha/Documents/project/sinashish.github.io/_site/assets/img/publication_preview/msa-1400.webp
       Imagemagick: Adding static file /Users/ashish.sinha/Documents/project/sinashish.github.io/_site/assets/img/publication_preview/msc-thesis-480.webp
       Imagemagick: Adding static file /Users/ashish.sinha/Documents/project/sinashish.github.io/_site/assets/img/publication_preview/msc-thesis-800.webp
       Imagemagick: Adding static file /Users/ashish.sinha/Documents/project/sinashish.github.io/_site/assets/img/publication_preview/msc-thesis-1400.webp
       Imagemagick: Adding static file /Users/ashish.sinha/Documents/project/sinashish.github.io/_site/assets/img/publication_preview/trind-480.webp
       Imagemagick: Adding static file /Users/ashish.sinha/Documents/project/sinashish.github.io/_site/assets/img/publication_preview/trind-800.webp
       Imagemagick: Adding static file /Users/ashish.sinha/Documents/project/sinashish.github.io/_site/assets/img/publication_preview/trind-1400.webp
       Imagemagick: Adding static file /Users/ashish.sinha/Documents/project/sinashish.github.io/_site/assets/img/publication_preview/demoire-480.webp
       Imagemagick: Adding static file /Users/ashish.sinha/Documents/project/sinashish.github.io/_site/assets/img/publication_preview/demoire-800.webp
       Imagemagick: Adding static file /Users/ashish.sinha/Documents/project/sinashish.github.io/_site/assets/img/publication_preview/demoire-1400.webp
       Imagemagick: Adding static file /Users/ashish.sinha/Documents/project/sinashish.github.io/_site/assets/img/publication_preview/dermsynth3d-480.webp
       Imagemagick: Adding static file /Users/ashish.sinha/Documents/project/sinashish.github.io/_site/assets/img/publication_preview/dermsynth3d-800.webp
       Imagemagick: Adding static file /Users/ashish.sinha/Documents/project/sinashish.github.io/_site/assets/img/publication_preview/dermsynth3d-1400.webp
       Imagemagick: Adding static file /Users/ashish.sinha/Documents/project/sinashish.github.io/_site/assets/img/publication_preview/gagan-480.webp
       Imagemagick: Adding static file /Users/ashish.sinha/Documents/project/sinashish.github.io/_site/assets/img/publication_preview/gagan-800.webp
       Imagemagick: Adding static file /Users/ashish.sinha/Documents/project/sinashish.github.io/_site/assets/img/publication_preview/gagan-1400.webp
       Imagemagick: Adding static file /Users/ashish.sinha/Documents/project/sinashish.github.io/_site/assets/img/publication_preview/ethical-480.webp
       Imagemagick: Adding static file /Users/ashish.sinha/Documents/project/sinashish.github.io/_site/assets/img/publication_preview/ethical-800.webp
       Imagemagick: Adding static file /Users/ashish.sinha/Documents/project/sinashish.github.io/_site/assets/img/publication_preview/ethical-1400.webp
       Imagemagick: Adding static file /Users/ashish.sinha/Documents/project/sinashish.github.io/_site/assets/img/publication_preview/unpose-480.webp
       Imagemagick: Adding static file /Users/ashish.sinha/Documents/project/sinashish.github.io/_site/assets/img/publication_preview/unpose-800.webp
       Imagemagick: Adding static file /Users/ashish.sinha/Documents/project/sinashish.github.io/_site/assets/img/publication_preview/unpose-1400.webp
       Imagemagick: Adding static file /Users/ashish.sinha/Documents/project/sinashish.github.io/_site/assets/img/publication_preview/mensa-480.webp
       Imagemagick: Adding static file /Users/ashish.sinha/Documents/project/sinashish.github.io/_site/assets/img/publication_preview/mensa-800.webp
       Imagemagick: Adding static file /Users/ashish.sinha/Documents/project/sinashish.github.io/_site/assets/img/publication_preview/mensa-1400.webp
       Imagemagick: Generated 0 file(s)
       Jekyll Feed: Generating feed for posts
         AutoPages: Disabled/Not configured in site.config.
        Pagination: Complete, processed 1 pagination page(s)
[33m           Warning: Empty `slug` generated for ''.[0m
                    ...done in 6.31301 seconds.
                    
      Regenerating: 1 file(s) changed at 2026-09-06 14:55:31
                    assets/js/masonry.js
Terser: Minifying /Users/ashish.sinha/Documents/project/sinashish.github.io/assets/js/bibsearch.js
Terser: Minifying /Users/ashish.sinha/Documents/project/sinashish.github.io/assets/js/chartjs-setup.js
Terser: Minifying /Users/ashish.sinha/Documents/project/sinashish.github.io/assets/js/common.js
Terser: Minifying /Users/ashish.sinha/Documents/project/sinashish.github.io/assets/js/copy_code.js
Terser: Minifying /Users/ashish.sinha/Documents/project/sinashish.github.io/assets/js/diff2html-setup.js
Terser: Minifying /Users/ashish.sinha/Documents/project/sinashish.github.io/assets/js/distillpub/overrides.js
Terser: Minifying /Users/ashish.sinha/Documents/project/sinashish.github.io/assets/js/distillpub/template.v2.js
Terser: Minifying /Users/ashish.sinha/Documents/project/sinashish.github.io/assets/js/distillpub/transforms.v2.js
Terser: Minifying /Users/ashish.sinha/Documents/project/sinashish.github.io/assets/js/echarts-setup.js
Terser: Minifying /Users/ashish.sinha/Documents/project/sinashish.github.io/assets/js/highlight-search-term.js
Terser: Minifying /Users/ashish.sinha/Documents/project/sinashish.github.io/assets/js/jupyter_new_tab.js
Terser: Minifying /Users/ashish.sinha/Documents/project/sinashish.github.io/assets/js/leaflet-setup.js
Terser: Minifying /Users/ashish.sinha/Documents/project/sinashish.github.io/assets/js/masonry.js
Terser: Minifying /Users/ashish.sinha/Documents/project/sinashish.github.io/assets/js/mathjax-setup.js
Terser: Minifying /Users/ashish.sinha/Documents/project/sinashish.github.io/assets/js/mermaid-setup.js
Terser: Minifying /Users/ashish.sinha/Documents/project/sinashish.github.io/assets/js/newsletter.js
Terser: Minifying /Users/ashish.sinha/Documents/project/sinashish.github.io/assets/js/no_defer.js
Terser: Minifying /Users/ashish.sinha/Documents/project/sinashish.github.io/assets/js/plotly-setup.js
Terser: Minifying /Users/ashish.sinha/Documents/project/sinashish.github.io/assets/js/progress-bar.js
Terser: Minifying /Users/ashish.sinha/Documents/project/sinashish.github.io/assets/js/pseudocode-setup.js
Terser: Minifying /Users/ashish.sinha/Documents/project/sinashish.github.io/assets/js/search-setup.js
Terser: Minifying /Users/ashish.sinha/Documents/project/sinashish.github.io/assets/js/shortcut-key.js
Terser: Minifying /Users/ashish.sinha/Documents/project/sinashish.github.io/assets/js/theme.js
Terser: Minifying /Users/ashish.sinha/Documents/project/sinashish.github.io/assets/js/tooltips-setup.js
Terser: Minifying /Users/ashish.sinha/Documents/project/sinashish.github.io/assets/js/typograms.js
Terser: Minifying /Users/ashish.sinha/Documents/project/sinashish.github.io/assets/js/vega-setup.js
Terser: Minifying /Users/ashish.sinha/Documents/project/sinashish.github.io/assets/js/venobox-setup.js
Terser: Minifying /Users/ashish.sinha/Documents/project/sinashish.github.io/assets/js/wechat.js
Terser: Minifying /Users/ashish.sinha/Documents/project/sinashish.github.io/assets/js/zoom.js
Terser: Minifying /Users/ashish.sinha/Documents/project/sinashish.github.io/old-site/libs/custom/my_js.js
Terser: Minifying /Users/ashish.sinha/Documents/project/sinashish.github.io/old-site/libs/external/skeleton_tabs/skeleton-tabs.js
       Imagemagick: Searching files in /Users/ashish.sinha/Documents/project/sinashish.github.io/assets/img/
       Imagemagick: Adding static file /Users/ashish.sinha/Documents/project/sinashish.github.io/_site/assets/img/book_covers/the_godfather-480.webp
       Imagemagick: Adding static file /Users/ashish.sinha/Documents/project/sinashish.github.io/_site/assets/img/book_covers/the_godfather-800.webp
       Imagemagick: Adding static file /Users/ashish.sinha/Documents/project/sinashish.github.io/_site/assets/img/book_covers/the_godfather-1400.webp
       Imagemagick: Adding static file /Users/ashish.sinha/Documents/project/sinashish.github.io/_site/assets/img/posts/selection-480.webp
       Imagemagick: Adding static file /Users/ashish.sinha/Documents/project/sinashish.github.io/_site/assets/img/posts/selection-800.webp
       Imagemagick: Adding static file /Users/ashish.sinha/Documents/project/sinashish.github.io/_site/assets/img/posts/selection-1400.webp
       Imagemagick: Adding static file /Users/ashish.sinha/Documents/project/sinashish.github.io/_site/assets/img/publication_preview/dimple-480.webp
       Imagemagick: Adding static file /Users/ashish.sinha/Documents/project/sinashish.github.io/_site/assets/img/publication_preview/dimple-800.webp
       Imagemagick: Adding static file /Users/ashish.sinha/Documents/project/sinashish.github.io/_site/assets/img/publication_preview/dimple-1400.webp
       Imagemagick: Adding static file /Users/ashish.sinha/Documents/project/sinashish.github.io/_site/assets/img/publication_preview/msa-480.webp
       Imagemagick: Adding static file /Users/ashish.sinha/Documents/project/sinashish.github.io/_site/assets/img/publication_preview/msa-800.webp
       Imagemagick: Adding static file /Users/ashish.sinha/Documents/project/sinashish.github.io/_site/assets/img/publication_preview/msa-1400.webp
       Imagemagick: Adding static file /Users/ashish.sinha/Documents/project/sinashish.github.io/_site/assets/img/publication_preview/msc-thesis-480.webp
       Imagemagick: Adding static file /Users/ashish.sinha/Documents/project/sinashish.github.io/_site/assets/img/publication_preview/msc-thesis-800.webp
       Imagemagick: Adding static file /Users/ashish.sinha/Documents/project/sinashish.github.io/_site/assets/img/publication_preview/msc-thesis-1400.webp
       Imagemagick: Adding static file /Users/ashish.sinha/Documents/project/sinashish.github.io/_site/assets/img/publication_preview/trind-480.webp
       Imagemagick: Adding static file /Users/ashish.sinha/Documents/project/sinashish.github.io/_site/assets/img/publication_preview/trind-800.webp
       Imagemagick: Adding static file /Users/ashish.sinha/Documents/project/sinashish.github.io/_site/assets/img/publication_preview/trind-1400.webp
       Imagemagick: Adding static file /Users/ashish.sinha/Documents/project/sinashish.github.io/_site/assets/img/publication_preview/demoire-480.webp
       Imagemagick: Adding static file /Users/ashish.sinha/Documents/project/sinashish.github.io/_site/assets/img/publication_preview/demoire-800.webp
       Imagemagick: Adding static file /Users/ashish.sinha/Documents/project/sinashish.github.io/_site/assets/img/publication_preview/demoire-1400.webp
       Imagemagick: Adding static file /Users/ashish.sinha/Documents/project/sinashish.github.io/_site/assets/img/publication_preview/dermsynth3d-480.webp
       Imagemagick: Adding static file /Users/ashish.sinha/Documents/project/sinashish.github.io/_site/assets/img/publication_preview/dermsynth3d-800.webp
       Imagemagick: Adding static file /Users/ashish.sinha/Documents/project/sinashish.github.io/_site/assets/img/publication_preview/dermsynth3d-1400.webp
       Imagemagick: Adding static file /Users/ashish.sinha/Documents/project/sinashish.github.io/_site/assets/img/publication_preview/gagan-480.webp
       Imagemagick: Adding static file /Users/ashish.sinha/Documents/project/sinashish.github.io/_site/assets/img/publication_preview/gagan-800.webp
       Imagemagick: Adding static file /Users/ashish.sinha/Documents/project/sinashish.github.io/_site/assets/img/publication_preview/gagan-1400.webp
       Imagemagick: Adding static file /Users/ashish.sinha/Documents/project/sinashish.github.io/_site/assets/img/publication_preview/ethical-480.webp
       Imagemagick: Adding static file /Users/ashish.sinha/Documents/project/sinashish.github.io/_site/assets/img/publication_preview/ethical-800.webp
       Imagemagick: Adding static file /Users/ashish.sinha/Documents/project/sinashish.github.io/_site/assets/img/publication_preview/ethical-1400.webp
       Imagemagick: Adding static file /Users/ashish.sinha/Documents/project/sinashish.github.io/_site/assets/img/publication_preview/unpose-480.webp
       Imagemagick: Adding static file /Users/ashish.sinha/Documents/project/sinashish.github.io/_site/assets/img/publication_preview/unpose-800.webp
       Imagemagick: Adding static file /Users/ashish.sinha/Documents/project/sinashish.github.io/_site/assets/img/publication_preview/unpose-1400.webp
       Imagemagick: Adding static file /Users/ashish.sinha/Documents/project/sinashish.github.io/_site/assets/img/publication_preview/mensa-480.webp
       Imagemagick: Adding static file /Users/ashish.sinha/Documents/project/sinashish.github.io/_site/assets/img/publication_preview/mensa-800.webp
       Imagemagick: Adding static file /Users/ashish.sinha/Documents/project/sinashish.github.io/_site/assets/img/publication_preview/mensa-1400.webp
       Imagemagick: Generated 0 file(s)
       Jekyll Feed: Generating feed for posts
         AutoPages: Disabled/Not configured in site.config.
        Pagination: Complete, processed 1 pagination page(s)
[33m           Warning: Empty `slug` generated for ''.[0m
                    ...done in 6.272528 seconds.
                    
      Regenerating: 1 file(s) changed at 2026-09-06 15:09:16
                    _pages/about.md
Terser: Minifying /Users/ashish.sinha/Documents/project/sinashish.github.io/assets/js/bibsearch.js
Terser: Minifying /Users/ashish.sinha/Documents/project/sinashish.github.io/assets/js/chartjs-setup.js
Terser: Minifying /Users/ashish.sinha/Documents/project/sinashish.github.io/assets/js/common.js
Terser: Minifying /Users/ashish.sinha/Documents/project/sinashish.github.io/assets/js/copy_code.js
Terser: Minifying /Users/ashish.sinha/Documents/project/sinashish.github.io/assets/js/diff2html-setup.js
Terser: Minifying /Users/ashish.sinha/Documents/project/sinashish.github.io/assets/js/distillpub/overrides.js
Terser: Minifying /Users/ashish.sinha/Documents/project/sinashish.github.io/assets/js/distillpub/template.v2.js
Terser: Minifying /Users/ashish.sinha/Documents/project/sinashish.github.io/assets/js/distillpub/transforms.v2.js
Terser: Minifying /Users/ashish.sinha/Documents/project/sinashish.github.io/assets/js/echarts-setup.js
Terser: Minifying /Users/ashish.sinha/Documents/project/sinashish.github.io/assets/js/highlight-search-term.js
Terser: Minifying /Users/ashish.sinha/Documents/project/sinashish.github.io/assets/js/jupyter_new_tab.js
Terser: Minifying /Users/ashish.sinha/Documents/project/sinashish.github.io/assets/js/leaflet-setup.js
Terser: Minifying /Users/ashish.sinha/Documents/project/sinashish.github.io/assets/js/masonry.js
Terser: Minifying /Users/ashish.sinha/Documents/project/sinashish.github.io/assets/js/mathjax-setup.js
Terser: Minifying /Users/ashish.sinha/Documents/project/sinashish.github.io/assets/js/mermaid-setup.js
Terser: Minifying /Users/ashish.sinha/Documents/project/sinashish.github.io/assets/js/newsletter.js
Terser: Minifying /Users/ashish.sinha/Documents/project/sinashish.github.io/assets/js/no_defer.js
Terser: Minifying /Users/ashish.sinha/Documents/project/sinashish.github.io/assets/js/plotly-setup.js
Terser: Minifying /Users/ashish.sinha/Documents/project/sinashish.github.io/assets/js/progress-bar.js
Terser: Minifying /Users/ashish.sinha/Documents/project/sinashish.github.io/assets/js/pseudocode-setup.js
Terser: Minifying /Users/ashish.sinha/Documents/project/sinashish.github.io/assets/js/search-setup.js
Terser: Minifying /Users/ashish.sinha/Documents/project/sinashish.github.io/assets/js/shortcut-key.js
Terser: Minifying /Users/ashish.sinha/Documents/project/sinashish.github.io/assets/js/theme.js
Terser: Minifying /Users/ashish.sinha/Documents/project/sinashish.github.io/assets/js/tooltips-setup.js
Terser: Minifying /Users/ashish.sinha/Documents/project/sinashish.github.io/assets/js/typograms.js
Terser: Minifying /Users/ashish.sinha/Documents/project/sinashish.github.io/assets/js/vega-setup.js
Terser: Minifying /Users/ashish.sinha/Documents/project/sinashish.github.io/assets/js/venobox-setup.js
Terser: Minifying /Users/ashish.sinha/Documents/project/sinashish.github.io/assets/js/wechat.js
Terser: Minifying /Users/ashish.sinha/Documents/project/sinashish.github.io/assets/js/zoom.js
Terser: Minifying /Users/ashish.sinha/Documents/project/sinashish.github.io/old-site/libs/custom/my_js.js
Terser: Minifying /Users/ashish.sinha/Documents/project/sinashish.github.io/old-site/libs/external/skeleton_tabs/skeleton-tabs.js
       Imagemagick: Searching files in /Users/ashish.sinha/Documents/project/sinashish.github.io/assets/img/
       Imagemagick: Adding static file /Users/ashish.sinha/Documents/project/sinashish.github.io/_site/assets/img/book_covers/the_godfather-480.webp
       Imagemagick: Adding static file /Users/ashish.sinha/Documents/project/sinashish.github.io/_site/assets/img/book_covers/the_godfather-800.webp
       Imagemagick: Adding static file /Users/ashish.sinha/Documents/project/sinashish.github.io/_site/assets/img/book_covers/the_godfather-1400.webp
       Imagemagick: Adding static file /Users/ashish.sinha/Documents/project/sinashish.github.io/_site/assets/img/posts/selection-480.webp
       Imagemagick: Adding static file /Users/ashish.sinha/Documents/project/sinashish.github.io/_site/assets/img/posts/selection-800.webp
       Imagemagick: Adding static file /Users/ashish.sinha/Documents/project/sinashish.github.io/_site/assets/img/posts/selection-1400.webp
       Imagemagick: Adding static file /Users/ashish.sinha/Documents/project/sinashish.github.io/_site/assets/img/publication_preview/dimple-480.webp
       Imagemagick: Adding static file /Users/ashish.sinha/Documents/project/sinashish.github.io/_site/assets/img/publication_preview/dimple-800.webp
       Imagemagick: Adding static file /Users/ashish.sinha/Documents/project/sinashish.github.io/_site/assets/img/publication_preview/dimple-1400.webp
       Imagemagick: Adding static file /Users/ashish.sinha/Documents/project/sinashish.github.io/_site/assets/img/publication_preview/msa-480.webp
       Imagemagick: Adding static file /Users/ashish.sinha/Documents/project/sinashish.github.io/_site/assets/img/publication_preview/msa-800.webp
       Imagemagick: Adding static file /Users/ashish.sinha/Documents/project/sinashish.github.io/_site/assets/img/publication_preview/msa-1400.webp
       Imagemagick: Adding static file /Users/ashish.sinha/Documents/project/sinashish.github.io/_site/assets/img/publication_preview/msc-thesis-480.webp
       Imagemagick: Adding static file /Users/ashish.sinha/Documents/project/sinashish.github.io/_site/assets/img/publication_preview/msc-thesis-800.webp
       Imagemagick: Adding static file /Users/ashish.sinha/Documents/project/sinashish.github.io/_site/assets/img/publication_preview/msc-thesis-1400.webp
       Imagemagick: Adding static file /Users/ashish.sinha/Documents/project/sinashish.github.io/_site/assets/img/publication_preview/trind-480.webp
       Imagemagick: Adding static file /Users/ashish.sinha/Documents/project/sinashish.github.io/_site/assets/img/publication_preview/trind-800.webp
       Imagemagick: Adding static file /Users/ashish.sinha/Documents/project/sinashish.github.io/_site/assets/img/publication_preview/trind-1400.webp
       Imagemagick: Adding static file /Users/ashish.sinha/Documents/project/sinashish.github.io/_site/assets/img/publication_preview/demoire-480.webp
       Imagemagick: Adding static file /Users/ashish.sinha/Documents/project/sinashish.github.io/_site/assets/img/publication_preview/demoire-800.webp
       Imagemagick: Adding static file /Users/ashish.sinha/Documents/project/sinashish.github.io/_site/assets/img/publication_preview/demoire-1400.webp
       Imagemagick: Adding static file /Users/ashish.sinha/Documents/project/sinashish.github.io/_site/assets/img/publication_preview/dermsynth3d-480.webp
       Imagemagick: Adding static file /Users/ashish.sinha/Documents/project/sinashish.github.io/_site/assets/img/publication_preview/dermsynth3d-800.webp
       Imagemagick: Adding static file /Users/ashish.sinha/Documents/project/sinashish.github.io/_site/assets/img/publication_preview/dermsynth3d-1400.webp
       Imagemagick: Adding static file /Users/ashish.sinha/Documents/project/sinashish.github.io/_site/assets/img/publication_preview/gagan-480.webp
       Imagemagick: Adding static file /Users/ashish.sinha/Documents/project/sinashish.github.io/_site/assets/img/publication_preview/gagan-800.webp
       Imagemagick: Adding static file /Users/ashish.sinha/Documents/project/sinashish.github.io/_site/assets/img/publication_preview/gagan-1400.webp
       Imagemagick: Adding static file /Users/ashish.sinha/Documents/project/sinashish.github.io/_site/assets/img/publication_preview/ethical-480.webp
       Imagemagick: Adding static file /Users/ashish.sinha/Documents/project/sinashish.github.io/_site/assets/img/publication_preview/ethical-800.webp
       Imagemagick: Adding static file /Users/ashish.sinha/Documents/project/sinashish.github.io/_site/assets/img/publication_preview/ethical-1400.webp
       Imagemagick: Adding static file /Users/ashish.sinha/Documents/project/sinashish.github.io/_site/assets/img/publication_preview/unpose-480.webp
       Imagemagick: Adding static file /Users/ashish.sinha/Documents/project/sinashish.github.io/_site/assets/img/publication_preview/unpose-800.webp
       Imagemagick: Adding static file /Users/ashish.sinha/Documents/project/sinashish.github.io/_site/assets/img/publication_preview/unpose-1400.webp
       Imagemagick: Adding static file /Users/ashish.sinha/Documents/project/sinashish.github.io/_site/assets/img/publication_preview/mensa-480.webp
       Imagemagick: Adding static file /Users/ashish.sinha/Documents/project/sinashish.github.io/_site/assets/img/publication_preview/mensa-800.webp
       Imagemagick: Adding static file /Users/ashish.sinha/Documents/project/sinashish.github.io/_site/assets/img/publication_preview/mensa-1400.webp
       Imagemagick: Generated 0 file(s)
       Jekyll Feed: Generating feed for posts
         AutoPages: Disabled/Not configured in site.config.
        Pagination: Complete, processed 1 pagination page(s)
[33m           Warning: Empty `slug` generated for ''.[0m
                    ...done in 6.230073 seconds.
                    
      Regenerating: 1 file(s) changed at 2026-09-06 15:10:31
                    _pages/about.md
Terser: Minifying /Users/ashish.sinha/Documents/project/sinashish.github.io/assets/js/bibsearch.js
Terser: Minifying /Users/ashish.sinha/Documents/project/sinashish.github.io/assets/js/chartjs-setup.js
Terser: Minifying /Users/ashish.sinha/Documents/project/sinashish.github.io/assets/js/common.js
Terser: Minifying /Users/ashish.sinha/Documents/project/sinashish.github.io/assets/js/copy_code.js
Terser: Minifying /Users/ashish.sinha/Documents/project/sinashish.github.io/assets/js/diff2html-setup.js
Terser: Minifying /Users/ashish.sinha/Documents/project/sinashish.github.io/assets/js/distillpub/overrides.js
Terser: Minifying /Users/ashish.sinha/Documents/project/sinashish.github.io/assets/js/distillpub/template.v2.js
Terser: Minifying /Users/ashish.sinha/Documents/project/sinashish.github.io/assets/js/distillpub/transforms.v2.js
Terser: Minifying /Users/ashish.sinha/Documents/project/sinashish.github.io/assets/js/echarts-setup.js
Terser: Minifying /Users/ashish.sinha/Documents/project/sinashish.github.io/assets/js/highlight-search-term.js
Terser: Minifying /Users/ashish.sinha/Documents/project/sinashish.github.io/assets/js/jupyter_new_tab.js
Terser: Minifying /Users/ashish.sinha/Documents/project/sinashish.github.io/assets/js/leaflet-setup.js
Terser: Minifying /Users/ashish.sinha/Documents/project/sinashish.github.io/assets/js/masonry.js
Terser: Minifying /Users/ashish.sinha/Documents/project/sinashish.github.io/assets/js/mathjax-setup.js
Terser: Minifying /Users/ashish.sinha/Documents/project/sinashish.github.io/assets/js/mermaid-setup.js
Terser: Minifying /Users/ashish.sinha/Documents/project/sinashish.github.io/assets/js/newsletter.js
Terser: Minifying /Users/ashish.sinha/Documents/project/sinashish.github.io/assets/js/no_defer.js
Terser: Minifying /Users/ashish.sinha/Documents/project/sinashish.github.io/assets/js/plotly-setup.js
Terser: Minifying /Users/ashish.sinha/Documents/project/sinashish.github.io/assets/js/progress-bar.js
Terser: Minifying /Users/ashish.sinha/Documents/project/sinashish.github.io/assets/js/pseudocode-setup.js
Terser: Minifying /Users/ashish.sinha/Documents/project/sinashish.github.io/assets/js/search-setup.js
Terser: Minifying /Users/ashish.sinha/Documents/project/sinashish.github.io/assets/js/shortcut-key.js
Terser: Minifying /Users/ashish.sinha/Documents/project/sinashish.github.io/assets/js/theme.js
Terser: Minifying /Users/ashish.sinha/Documents/project/sinashish.github.io/assets/js/tooltips-setup.js
Terser: Minifying /Users/ashish.sinha/Documents/project/sinashish.github.io/assets/js/typograms.js
Terser: Minifying /Users/ashish.sinha/Documents/project/sinashish.github.io/assets/js/vega-setup.js
Terser: Minifying /Users/ashish.sinha/Documents/project/sinashish.github.io/assets/js/venobox-setup.js
Terser: Minifying /Users/ashish.sinha/Documents/project/sinashish.github.io/assets/js/wechat.js
Terser: Minifying /Users/ashish.sinha/Documents/project/sinashish.github.io/assets/js/zoom.js
Terser: Minifying /Users/ashish.sinha/Documents/project/sinashish.github.io/old-site/libs/custom/my_js.js
Terser: Minifying /Users/ashish.sinha/Documents/project/sinashish.github.io/old-site/libs/external/skeleton_tabs/skeleton-tabs.js
       Imagemagick: Searching files in /Users/ashish.sinha/Documents/project/sinashish.github.io/assets/img/
       Imagemagick: Adding static file /Users/ashish.sinha/Documents/project/sinashish.github.io/_site/assets/img/book_covers/the_godfather-480.webp
       Imagemagick: Adding static file /Users/ashish.sinha/Documents/project/sinashish.github.io/_site/assets/img/book_covers/the_godfather-800.webp
       Imagemagick: Adding static file /Users/ashish.sinha/Documents/project/sinashish.github.io/_site/assets/img/book_covers/the_godfather-1400.webp
       Imagemagick: Adding static file /Users/ashish.sinha/Documents/project/sinashish.github.io/_site/assets/img/posts/selection-480.webp
       Imagemagick: Adding static file /Users/ashish.sinha/Documents/project/sinashish.github.io/_site/assets/img/posts/selection-800.webp
       Imagemagick: Adding static file /Users/ashish.sinha/Documents/project/sinashish.github.io/_site/assets/img/posts/selection-1400.webp
       Imagemagick: Adding static file /Users/ashish.sinha/Documents/project/sinashish.github.io/_site/assets/img/publication_preview/dimple-480.webp
       Imagemagick: Adding static file /Users/ashish.sinha/Documents/project/sinashish.github.io/_site/assets/img/publication_preview/dimple-800.webp
       Imagemagick: Adding static file /Users/ashish.sinha/Documents/project/sinashish.github.io/_site/assets/img/publication_preview/dimple-1400.webp
       Imagemagick: Adding static file /Users/ashish.sinha/Documents/project/sinashish.github.io/_site/assets/img/publication_preview/msa-480.webp
       Imagemagick: Adding static file /Users/ashish.sinha/Documents/project/sinashish.github.io/_site/assets/img/publication_preview/msa-800.webp
       Imagemagick: Adding static file /Users/ashish.sinha/Documents/project/sinashish.github.io/_site/assets/img/publication_preview/msa-1400.webp
       Imagemagick: Adding static file /Users/ashish.sinha/Documents/project/sinashish.github.io/_site/assets/img/publication_preview/msc-thesis-480.webp
       Imagemagick: Adding static file /Users/ashish.sinha/Documents/project/sinashish.github.io/_site/assets/img/publication_preview/msc-thesis-800.webp
       Imagemagick: Adding static file /Users/ashish.sinha/Documents/project/sinashish.github.io/_site/assets/img/publication_preview/msc-thesis-1400.webp
       Imagemagick: Adding static file /Users/ashish.sinha/Documents/project/sinashish.github.io/_site/assets/img/publication_preview/trind-480.webp
       Imagemagick: Adding static file /Users/ashish.sinha/Documents/project/sinashish.github.io/_site/assets/img/publication_preview/trind-800.webp
       Imagemagick: Adding static file /Users/ashish.sinha/Documents/project/sinashish.github.io/_site/assets/img/publication_preview/trind-1400.webp
       Imagemagick: Adding static file /Users/ashish.sinha/Documents/project/sinashish.github.io/_site/assets/img/publication_preview/demoire-480.webp
       Imagemagick: Adding static file /Users/ashish.sinha/Documents/project/sinashish.github.io/_site/assets/img/publication_preview/demoire-800.webp
       Imagemagick: Adding static file /Users/ashish.sinha/Documents/project/sinashish.github.io/_site/assets/img/publication_preview/demoire-1400.webp
       Imagemagick: Adding static file /Users/ashish.sinha/Documents/project/sinashish.github.io/_site/assets/img/publication_preview/dermsynth3d-480.webp
       Imagemagick: Adding static file /Users/ashish.sinha/Documents/project/sinashish.github.io/_site/assets/img/publication_preview/dermsynth3d-800.webp
       Imagemagick: Adding static file /Users/ashish.sinha/Documents/project/sinashish.github.io/_site/assets/img/publication_preview/dermsynth3d-1400.webp
       Imagemagick: Adding static file /Users/ashish.sinha/Documents/project/sinashish.github.io/_site/assets/img/publication_preview/gagan-480.webp
       Imagemagick: Adding static file /Users/ashish.sinha/Documents/project/sinashish.github.io/_site/assets/img/publication_preview/gagan-800.webp
       Imagemagick: Adding static file /Users/ashish.sinha/Documents/project/sinashish.github.io/_site/assets/img/publication_preview/gagan-1400.webp
       Imagemagick: Adding static file /Users/ashish.sinha/Documents/project/sinashish.github.io/_site/assets/img/publication_preview/ethical-480.webp
       Imagemagick: Adding static file /Users/ashish.sinha/Documents/project/sinashish.github.io/_site/assets/img/publication_preview/ethical-800.webp
       Imagemagick: Adding static file /Users/ashish.sinha/Documents/project/sinashish.github.io/_site/assets/img/publication_preview/ethical-1400.webp
       Imagemagick: Adding static file /Users/ashish.sinha/Documents/project/sinashish.github.io/_site/assets/img/publication_preview/unpose-480.webp
       Imagemagick: Adding static file /Users/ashish.sinha/Documents/project/sinashish.github.io/_site/assets/img/publication_preview/unpose-800.webp
       Imagemagick: Adding static file /Users/ashish.sinha/Documents/project/sinashish.github.io/_site/assets/img/publication_preview/unpose-1400.webp
       Imagemagick: Adding static file /Users/ashish.sinha/Documents/project/sinashish.github.io/_site/assets/img/publication_preview/mensa-480.webp
       Imagemagick: Adding static file /Users/ashish.sinha/Documents/project/sinashish.github.io/_site/assets/img/publication_preview/mensa-800.webp
       Imagemagick: Adding static file /Users/ashish.sinha/Documents/project/sinashish.github.io/_site/assets/img/publication_preview/mensa-1400.webp
       Imagemagick: Generated 0 file(s)
       Jekyll Feed: Generating feed for posts
         AutoPages: Disabled/Not configured in site.config.
        Pagination: Complete, processed 1 pagination page(s)
[33m           Warning: Empty `slug` generated for ''.[0m
                    ...done in 6.164361 seconds.
                    
      Regenerating: 1 file(s) changed at 2026-09-06 15:12:10
                    assets/img/profile_pics/sf-headshot.webp
Terser: Minifying /Users/ashish.sinha/Documents/project/sinashish.github.io/assets/js/bibsearch.js
Terser: Minifying /Users/ashish.sinha/Documents/project/sinashish.github.io/assets/js/chartjs-setup.js
Terser: Minifying /Users/ashish.sinha/Documents/project/sinashish.github.io/assets/js/common.js
Terser: Minifying /Users/ashish.sinha/Documents/project/sinashish.github.io/assets/js/copy_code.js
Terser: Minifying /Users/ashish.sinha/Documents/project/sinashish.github.io/assets/js/diff2html-setup.js
Terser: Minifying /Users/ashish.sinha/Documents/project/sinashish.github.io/assets/js/distillpub/overrides.js
Terser: Minifying /Users/ashish.sinha/Documents/project/sinashish.github.io/assets/js/distillpub/template.v2.js
Terser: Minifying /Users/ashish.sinha/Documents/project/sinashish.github.io/assets/js/distillpub/transforms.v2.js
Terser: Minifying /Users/ashish.sinha/Documents/project/sinashish.github.io/assets/js/echarts-setup.js
Terser: Minifying /Users/ashish.sinha/Documents/project/sinashish.github.io/assets/js/highlight-search-term.js
Terser: Minifying /Users/ashish.sinha/Documents/project/sinashish.github.io/assets/js/jupyter_new_tab.js
Terser: Minifying /Users/ashish.sinha/Documents/project/sinashish.github.io/assets/js/leaflet-setup.js
Terser: Minifying /Users/ashish.sinha/Documents/project/sinashish.github.io/assets/js/masonry.js
Terser: Minifying /Users/ashish.sinha/Documents/project/sinashish.github.io/assets/js/mathjax-setup.js
Terser: Minifying /Users/ashish.sinha/Documents/project/sinashish.github.io/assets/js/mermaid-setup.js
Terser: Minifying /Users/ashish.sinha/Documents/project/sinashish.github.io/assets/js/newsletter.js
Terser: Minifying /Users/ashish.sinha/Documents/project/sinashish.github.io/assets/js/no_defer.js
Terser: Minifying /Users/ashish.sinha/Documents/project/sinashish.github.io/assets/js/plotly-setup.js
Terser: Minifying /Users/ashish.sinha/Documents/project/sinashish.github.io/assets/js/progress-bar.js
Terser: Minifying /Users/ashish.sinha/Documents/project/sinashish.github.io/assets/js/pseudocode-setup.js
Terser: Minifying /Users/ashish.sinha/Documents/project/sinashish.github.io/assets/js/search-setup.js
Terser: Minifying /Users/ashish.sinha/Documents/project/sinashish.github.io/assets/js/shortcut-key.js
Terser: Minifying /Users/ashish.sinha/Documents/project/sinashish.github.io/assets/js/theme.js
Terser: Minifying /Users/ashish.sinha/Documents/project/sinashish.github.io/assets/js/tooltips-setup.js
Terser: Minifying /Users/ashish.sinha/Documents/project/sinashish.github.io/assets/js/typograms.js
Terser: Minifying /Users/ashish.sinha/Documents/project/sinashish.github.io/assets/js/vega-setup.js
Terser: Minifying /Users/ashish.sinha/Documents/project/sinashish.github.io/assets/js/venobox-setup.js
Terser: Minifying /Users/ashish.sinha/Documents/project/sinashish.github.io/assets/js/wechat.js
Terser: Minifying /Users/ashish.sinha/Documents/project/sinashish.github.io/assets/js/zoom.js
Terser: Minifying /Users/ashish.sinha/Documents/project/sinashish.github.io/old-site/libs/custom/my_js.js
Terser: Minifying /Users/ashish.sinha/Documents/project/sinashish.github.io/old-site/libs/external/skeleton_tabs/skeleton-tabs.js
       Imagemagick: Searching files in /Users/ashish.sinha/Documents/project/sinashish.github.io/assets/img/
       Imagemagick: Adding static file /Users/ashish.sinha/Documents/project/sinashish.github.io/_site/assets/img/book_covers/the_godfather-480.webp
       Imagemagick: Adding static file /Users/ashish.sinha/Documents/project/sinashish.github.io/_site/assets/img/book_covers/the_godfather-800.webp
       Imagemagick: Adding static file /Users/ashish.sinha/Documents/project/sinashish.github.io/_site/assets/img/book_covers/the_godfather-1400.webp
       Imagemagick: Adding static file /Users/ashish.sinha/Documents/project/sinashish.github.io/_site/assets/img/posts/selection-480.webp
       Imagemagick: Adding static file /Users/ashish.sinha/Documents/project/sinashish.github.io/_site/assets/img/posts/selection-800.webp
       Imagemagick: Adding static file /Users/ashish.sinha/Documents/project/sinashish.github.io/_site/assets/img/posts/selection-1400.webp
       Imagemagick: Adding static file /Users/ashish.sinha/Documents/project/sinashish.github.io/_site/assets/img/publication_preview/dimple-480.webp
       Imagemagick: Adding static file /Users/ashish.sinha/Documents/project/sinashish.github.io/_site/assets/img/publication_preview/dimple-800.webp
       Imagemagick: Adding static file /Users/ashish.sinha/Documents/project/sinashish.github.io/_site/assets/img/publication_preview/dimple-1400.webp
       Imagemagick: Adding static file /Users/ashish.sinha/Documents/project/sinashish.github.io/_site/assets/img/publication_preview/msa-480.webp
       Imagemagick: Adding static file /Users/ashish.sinha/Documents/project/sinashish.github.io/_site/assets/img/publication_preview/msa-800.webp
       Imagemagick: Adding static file /Users/ashish.sinha/Documents/project/sinashish.github.io/_site/assets/img/publication_preview/msa-1400.webp
       Imagemagick: Adding static file /Users/ashish.sinha/Documents/project/sinashish.github.io/_site/assets/img/publication_preview/msc-thesis-480.webp
       Imagemagick: Adding static file /Users/ashish.sinha/Documents/project/sinashish.github.io/_site/assets/img/publication_preview/msc-thesis-800.webp
       Imagemagick: Adding static file /Users/ashish.sinha/Documents/project/sinashish.github.io/_site/assets/img/publication_preview/msc-thesis-1400.webp
       Imagemagick: Adding static file /Users/ashish.sinha/Documents/project/sinashish.github.io/_site/assets/img/publication_preview/trind-480.webp
       Imagemagick: Adding static file /Users/ashish.sinha/Documents/project/sinashish.github.io/_site/assets/img/publication_preview/trind-800.webp
       Imagemagick: Adding static file /Users/ashish.sinha/Documents/project/sinashish.github.io/_site/assets/img/publication_preview/trind-1400.webp
       Imagemagick: Adding static file /Users/ashish.sinha/Documents/project/sinashish.github.io/_site/assets/img/publication_preview/demoire-480.webp
       Imagemagick: Adding static file /Users/ashish.sinha/Documents/project/sinashish.github.io/_site/assets/img/publication_preview/demoire-800.webp
       Imagemagick: Adding static file /Users/ashish.sinha/Documents/project/sinashish.github.io/_site/assets/img/publication_preview/demoire-1400.webp
       Imagemagick: Adding static file /Users/ashish.sinha/Documents/project/sinashish.github.io/_site/assets/img/publication_preview/dermsynth3d-480.webp
       Imagemagick: Adding static file /Users/ashish.sinha/Documents/project/sinashish.github.io/_site/assets/img/publication_preview/dermsynth3d-800.webp
       Imagemagick: Adding static file /Users/ashish.sinha/Documents/project/sinashish.github.io/_site/assets/img/publication_preview/dermsynth3d-1400.webp
       Imagemagick: Adding static file /Users/ashish.sinha/Documents/project/sinashish.github.io/_site/assets/img/publication_preview/gagan-480.webp
       Imagemagick: Adding static file /Users/ashish.sinha/Documents/project/sinashish.github.io/_site/assets/img/publication_preview/gagan-800.webp
       Imagemagick: Adding static file /Users/ashish.sinha/Documents/project/sinashish.github.io/_site/assets/img/publication_preview/gagan-1400.webp
       Imagemagick: Adding static file /Users/ashish.sinha/Documents/project/sinashish.github.io/_site/assets/img/publication_preview/ethical-480.webp
       Imagemagick: Adding static file /Users/ashish.sinha/Documents/project/sinashish.github.io/_site/assets/img/publication_preview/ethical-800.webp
       Imagemagick: Adding static file /Users/ashish.sinha/Documents/project/sinashish.github.io/_site/assets/img/publication_preview/ethical-1400.webp
       Imagemagick: Adding static file /Users/ashish.sinha/Documents/project/sinashish.github.io/_site/assets/img/publication_preview/unpose-480.webp
       Imagemagick: Adding static file /Users/ashish.sinha/Documents/project/sinashish.github.io/_site/assets/img/publication_preview/unpose-800.webp
       Imagemagick: Adding static file /Users/ashish.sinha/Documents/project/sinashish.github.io/_site/assets/img/publication_preview/unpose-1400.webp
       Imagemagick: Adding static file /Users/ashish.sinha/Documents/project/sinashish.github.io/_site/assets/img/publication_preview/mensa-480.webp
       Imagemagick: Adding static file /Users/ashish.sinha/Documents/project/sinashish.github.io/_site/assets/img/publication_preview/mensa-800.webp
       Imagemagick: Adding static file /Users/ashish.sinha/Documents/project/sinashish.github.io/_site/assets/img/publication_preview/mensa-1400.webp
       Imagemagick: Generated 0 file(s)
       Jekyll Feed: Generating feed for posts
         AutoPages: Disabled/Not configured in site.config.
        Pagination: Complete, processed 1 pagination page(s)
[33m           Warning: Empty `slug` generated for ''.[0m
                    ...done in 6.564232 seconds.
                    
      Regenerating: 1 file(s) changed at 2026-09-06 15:12:18
                    _pages/about.md
Terser: Minifying /Users/ashish.sinha/Documents/project/sinashish.github.io/assets/js/bibsearch.js
Terser: Minifying /Users/ashish.sinha/Documents/project/sinashish.github.io/assets/js/chartjs-setup.js
Terser: Minifying /Users/ashish.sinha/Documents/project/sinashish.github.io/assets/js/common.js
Terser: Minifying /Users/ashish.sinha/Documents/project/sinashish.github.io/assets/js/copy_code.js
Terser: Minifying /Users/ashish.sinha/Documents/project/sinashish.github.io/assets/js/diff2html-setup.js
Terser: Minifying /Users/ashish.sinha/Documents/project/sinashish.github.io/assets/js/distillpub/overrides.js
Terser: Minifying /Users/ashish.sinha/Documents/project/sinashish.github.io/assets/js/distillpub/template.v2.js
Terser: Minifying /Users/ashish.sinha/Documents/project/sinashish.github.io/assets/js/distillpub/transforms.v2.js
Terser: Minifying /Users/ashish.sinha/Documents/project/sinashish.github.io/assets/js/echarts-setup.js
Terser: Minifying /Users/ashish.sinha/Documents/project/sinashish.github.io/assets/js/highlight-search-term.js
Terser: Minifying /Users/ashish.sinha/Documents/project/sinashish.github.io/assets/js/jupyter_new_tab.js
Terser: Minifying /Users/ashish.sinha/Documents/project/sinashish.github.io/assets/js/leaflet-setup.js
Terser: Minifying /Users/ashish.sinha/Documents/project/sinashish.github.io/assets/js/masonry.js
Terser: Minifying /Users/ashish.sinha/Documents/project/sinashish.github.io/assets/js/mathjax-setup.js
Terser: Minifying /Users/ashish.sinha/Documents/project/sinashish.github.io/assets/js/mermaid-setup.js
Terser: Minifying /Users/ashish.sinha/Documents/project/sinashish.github.io/assets/js/newsletter.js
Terser: Minifying /Users/ashish.sinha/Documents/project/sinashish.github.io/assets/js/no_defer.js
Terser: Minifying /Users/ashish.sinha/Documents/project/sinashish.github.io/assets/js/plotly-setup.js
Terser: Minifying /Users/ashish.sinha/Documents/project/sinashish.github.io/assets/js/progress-bar.js
Terser: Minifying /Users/ashish.sinha/Documents/project/sinashish.github.io/assets/js/pseudocode-setup.js
Terser: Minifying /Users/ashish.sinha/Documents/project/sinashish.github.io/assets/js/search-setup.js
Terser: Minifying /Users/ashish.sinha/Documents/project/sinashish.github.io/assets/js/shortcut-key.js
Terser: Minifying /Users/ashish.sinha/Documents/project/sinashish.github.io/assets/js/theme.js
Terser: Minifying /Users/ashish.sinha/Documents/project/sinashish.github.io/assets/js/tooltips-setup.js
Terser: Minifying /Users/ashish.sinha/Documents/project/sinashish.github.io/assets/js/typograms.js
Terser: Minifying /Users/ashish.sinha/Documents/project/sinashish.github.io/assets/js/vega-setup.js
Terser: Minifying /Users/ashish.sinha/Documents/project/sinashish.github.io/assets/js/venobox-setup.js
Terser: Minifying /Users/ashish.sinha/Documents/project/sinashish.github.io/assets/js/wechat.js
Terser: Minifying /Users/ashish.sinha/Documents/project/sinashish.github.io/assets/js/zoom.js
Terser: Minifying /Users/ashish.sinha/Documents/project/sinashish.github.io/old-site/libs/custom/my_js.js
Terser: Minifying /Users/ashish.sinha/Documents/project/sinashish.github.io/old-site/libs/external/skeleton_tabs/skeleton-tabs.js
       Imagemagick: Searching files in /Users/ashish.sinha/Documents/project/sinashish.github.io/assets/img/
       Imagemagick: Adding static file /Users/ashish.sinha/Documents/project/sinashish.github.io/_site/assets/img/book_covers/the_godfather-480.webp
       Imagemagick: Adding static file /Users/ashish.sinha/Documents/project/sinashish.github.io/_site/assets/img/book_covers/the_godfather-800.webp
       Imagemagick: Adding static file /Users/ashish.sinha/Documents/project/sinashish.github.io/_site/assets/img/book_covers/the_godfather-1400.webp
       Imagemagick: Adding static file /Users/ashish.sinha/Documents/project/sinashish.github.io/_site/assets/img/posts/selection-480.webp
       Imagemagick: Adding static file /Users/ashish.sinha/Documents/project/sinashish.github.io/_site/assets/img/posts/selection-800.webp
       Imagemagick: Adding static file /Users/ashish.sinha/Documents/project/sinashish.github.io/_site/assets/img/posts/selection-1400.webp
       Imagemagick: Adding static file /Users/ashish.sinha/Documents/project/sinashish.github.io/_site/assets/img/publication_preview/dimple-480.webp
       Imagemagick: Adding static file /Users/ashish.sinha/Documents/project/sinashish.github.io/_site/assets/img/publication_preview/dimple-800.webp
       Imagemagick: Adding static file /Users/ashish.sinha/Documents/project/sinashish.github.io/_site/assets/img/publication_preview/dimple-1400.webp
       Imagemagick: Adding static file /Users/ashish.sinha/Documents/project/sinashish.github.io/_site/assets/img/publication_preview/msa-480.webp
       Imagemagick: Adding static file /Users/ashish.sinha/Documents/project/sinashish.github.io/_site/assets/img/publication_preview/msa-800.webp
       Imagemagick: Adding static file /Users/ashish.sinha/Documents/project/sinashish.github.io/_site/assets/img/publication_preview/msa-1400.webp
       Imagemagick: Adding static file /Users/ashish.sinha/Documents/project/sinashish.github.io/_site/assets/img/publication_preview/msc-thesis-480.webp
       Imagemagick: Adding static file /Users/ashish.sinha/Documents/project/sinashish.github.io/_site/assets/img/publication_preview/msc-thesis-800.webp
       Imagemagick: Adding static file /Users/ashish.sinha/Documents/project/sinashish.github.io/_site/assets/img/publication_preview/msc-thesis-1400.webp
       Imagemagick: Adding static file /Users/ashish.sinha/Documents/project/sinashish.github.io/_site/assets/img/publication_preview/trind-480.webp
       Imagemagick: Adding static file /Users/ashish.sinha/Documents/project/sinashish.github.io/_site/assets/img/publication_preview/trind-800.webp
       Imagemagick: Adding static file /Users/ashish.sinha/Documents/project/sinashish.github.io/_site/assets/img/publication_preview/trind-1400.webp
       Imagemagick: Adding static file /Users/ashish.sinha/Documents/project/sinashish.github.io/_site/assets/img/publication_preview/demoire-480.webp
       Imagemagick: Adding static file /Users/ashish.sinha/Documents/project/sinashish.github.io/_site/assets/img/publication_preview/demoire-800.webp
       Imagemagick: Adding static file /Users/ashish.sinha/Documents/project/sinashish.github.io/_site/assets/img/publication_preview/demoire-1400.webp
       Imagemagick: Adding static file /Users/ashish.sinha/Documents/project/sinashish.github.io/_site/assets/img/publication_preview/dermsynth3d-480.webp
       Imagemagick: Adding static file /Users/ashish.sinha/Documents/project/sinashish.github.io/_site/assets/img/publication_preview/dermsynth3d-800.webp
       Imagemagick: Adding static file /Users/ashish.sinha/Documents/project/sinashish.github.io/_site/assets/img/publication_preview/dermsynth3d-1400.webp
       Imagemagick: Adding static file /Users/ashish.sinha/Documents/project/sinashish.github.io/_site/assets/img/publication_preview/gagan-480.webp
       Imagemagick: Adding static file /Users/ashish.sinha/Documents/project/sinashish.github.io/_site/assets/img/publication_preview/gagan-800.webp
       Imagemagick: Adding static file /Users/ashish.sinha/Documents/project/sinashish.github.io/_site/assets/img/publication_preview/gagan-1400.webp
       Imagemagick: Adding static file /Users/ashish.sinha/Documents/project/sinashish.github.io/_site/assets/img/publication_preview/ethical-480.webp
       Imagemagick: Adding static file /Users/ashish.sinha/Documents/project/sinashish.github.io/_site/assets/img/publication_preview/ethical-800.webp
       Imagemagick: Adding static file /Users/ashish.sinha/Documents/project/sinashish.github.io/_site/assets/img/publication_preview/ethical-1400.webp
       Imagemagick: Adding static file /Users/ashish.sinha/Documents/project/sinashish.github.io/_site/assets/img/publication_preview/unpose-480.webp
       Imagemagick: Adding static file /Users/ashish.sinha/Documents/project/sinashish.github.io/_site/assets/img/publication_preview/unpose-800.webp
       Imagemagick: Adding static file /Users/ashish.sinha/Documents/project/sinashish.github.io/_site/assets/img/publication_preview/unpose-1400.webp
       Imagemagick: Adding static file /Users/ashish.sinha/Documents/project/sinashish.github.io/_site/assets/img/publication_preview/mensa-480.webp
       Imagemagick: Adding static file /Users/ashish.sinha/Documents/project/sinashish.github.io/_site/assets/img/publication_preview/mensa-800.webp
       Imagemagick: Adding static file /Users/ashish.sinha/Documents/project/sinashish.github.io/_site/assets/img/publication_preview/mensa-1400.webp
       Imagemagick: Generated 0 file(s)
       Jekyll Feed: Generating feed for posts
         AutoPages: Disabled/Not configured in site.config.
        Pagination: Complete, processed 1 pagination page(s)
[33m           Warning: Empty `slug` generated for ''.[0m
                    ...done in 6.672834 seconds.
                    
      Regenerating: 1 file(s) changed at 2026-09-06 15:24:59
                    _news/ethical_medical_synthesis.md
Terser: Minifying /Users/ashish.sinha/Documents/project/sinashish.github.io/assets/js/bibsearch.js
Terser: Minifying /Users/ashish.sinha/Documents/project/sinashish.github.io/assets/js/chartjs-setup.js
Terser: Minifying /Users/ashish.sinha/Documents/project/sinashish.github.io/assets/js/common.js
Terser: Minifying /Users/ashish.sinha/Documents/project/sinashish.github.io/assets/js/copy_code.js
Terser: Minifying /Users/ashish.sinha/Documents/project/sinashish.github.io/assets/js/diff2html-setup.js
Terser: Minifying /Users/ashish.sinha/Documents/project/sinashish.github.io/assets/js/distillpub/overrides.js
Terser: Minifying /Users/ashish.sinha/Documents/project/sinashish.github.io/assets/js/distillpub/template.v2.js
Terser: Minifying /Users/ashish.sinha/Documents/project/sinashish.github.io/assets/js/distillpub/transforms.v2.js
Terser: Minifying /Users/ashish.sinha/Documents/project/sinashish.github.io/assets/js/echarts-setup.js
Terser: Minifying /Users/ashish.sinha/Documents/project/sinashish.github.io/assets/js/highlight-search-term.js
Terser: Minifying /Users/ashish.sinha/Documents/project/sinashish.github.io/assets/js/jupyter_new_tab.js
Terser: Minifying /Users/ashish.sinha/Documents/project/sinashish.github.io/assets/js/leaflet-setup.js
Terser: Minifying /Users/ashish.sinha/Documents/project/sinashish.github.io/assets/js/masonry.js
Terser: Minifying /Users/ashish.sinha/Documents/project/sinashish.github.io/assets/js/mathjax-setup.js
Terser: Minifying /Users/ashish.sinha/Documents/project/sinashish.github.io/assets/js/mermaid-setup.js
Terser: Minifying /Users/ashish.sinha/Documents/project/sinashish.github.io/assets/js/newsletter.js
Terser: Minifying /Users/ashish.sinha/Documents/project/sinashish.github.io/assets/js/no_defer.js
Terser: Minifying /Users/ashish.sinha/Documents/project/sinashish.github.io/assets/js/plotly-setup.js
Terser: Minifying /Users/ashish.sinha/Documents/project/sinashish.github.io/assets/js/progress-bar.js
Terser: Minifying /Users/ashish.sinha/Documents/project/sinashish.github.io/assets/js/pseudocode-setup.js
Terser: Minifying /Users/ashish.sinha/Documents/project/sinashish.github.io/assets/js/search-setup.js
Terser: Minifying /Users/ashish.sinha/Documents/project/sinashish.github.io/assets/js/shortcut-key.js
Terser: Minifying /Users/ashish.sinha/Documents/project/sinashish.github.io/assets/js/theme.js
Terser: Minifying /Users/ashish.sinha/Documents/project/sinashish.github.io/assets/js/tooltips-setup.js
Terser: Minifying /Users/ashish.sinha/Documents/project/sinashish.github.io/assets/js/typograms.js
Terser: Minifying /Users/ashish.sinha/Documents/project/sinashish.github.io/assets/js/vega-setup.js
Terser: Minifying /Users/ashish.sinha/Documents/project/sinashish.github.io/assets/js/venobox-setup.js
Terser: Minifying /Users/ashish.sinha/Documents/project/sinashish.github.io/assets/js/wechat.js
Terser: Minifying /Users/ashish.sinha/Documents/project/sinashish.github.io/assets/js/zoom.js
Terser: Minifying /Users/ashish.sinha/Documents/project/sinashish.github.io/old-site/libs/custom/my_js.js
Terser: Minifying /Users/ashish.sinha/Documents/project/sinashish.github.io/old-site/libs/external/skeleton_tabs/skeleton-tabs.js
       Imagemagick: Searching files in /Users/ashish.sinha/Documents/project/sinashish.github.io/assets/img/
       Imagemagick: Adding static file /Users/ashish.sinha/Documents/project/sinashish.github.io/_site/assets/img/book_covers/the_godfather-480.webp
       Imagemagick: Adding static file /Users/ashish.sinha/Documents/project/sinashish.github.io/_site/assets/img/book_covers/the_godfather-800.webp
       Imagemagick: Adding static file /Users/ashish.sinha/Documents/project/sinashish.github.io/_site/assets/img/book_covers/the_godfather-1400.webp
       Imagemagick: Adding static file /Users/ashish.sinha/Documents/project/sinashish.github.io/_site/assets/img/posts/selection-480.webp
       Imagemagick: Adding static file /Users/ashish.sinha/Documents/project/sinashish.github.io/_site/assets/img/posts/selection-800.webp
       Imagemagick: Adding static file /Users/ashish.sinha/Documents/project/sinashish.github.io/_site/assets/img/posts/selection-1400.webp
       Imagemagick: Adding static file /Users/ashish.sinha/Documents/project/sinashish.github.io/_site/assets/img/publication_preview/dimple-480.webp
       Imagemagick: Adding static file /Users/ashish.sinha/Documents/project/sinashish.github.io/_site/assets/img/publication_preview/dimple-800.webp
       Imagemagick: Adding static file /Users/ashish.sinha/Documents/project/sinashish.github.io/_site/assets/img/publication_preview/dimple-1400.webp
       Imagemagick: Adding static file /Users/ashish.sinha/Documents/project/sinashish.github.io/_site/assets/img/publication_preview/msa-480.webp
       Imagemagick: Adding static file /Users/ashish.sinha/Documents/project/sinashish.github.io/_site/assets/img/publication_preview/msa-800.webp
       Imagemagick: Adding static file /Users/ashish.sinha/Documents/project/sinashish.github.io/_site/assets/img/publication_preview/msa-1400.webp
       Imagemagick: Adding static file /Users/ashish.sinha/Documents/project/sinashish.github.io/_site/assets/img/publication_preview/msc-thesis-480.webp
       Imagemagick: Adding static file /Users/ashish.sinha/Documents/project/sinashish.github.io/_site/assets/img/publication_preview/msc-thesis-800.webp
       Imagemagick: Adding static file /Users/ashish.sinha/Documents/project/sinashish.github.io/_site/assets/img/publication_preview/msc-thesis-1400.webp
       Imagemagick: Adding static file /Users/ashish.sinha/Documents/project/sinashish.github.io/_site/assets/img/publication_preview/trind-480.webp
       Imagemagick: Adding static file /Users/ashish.sinha/Documents/project/sinashish.github.io/_site/assets/img/publication_preview/trind-800.webp
       Imagemagick: Adding static file /Users/ashish.sinha/Documents/project/sinashish.github.io/_site/assets/img/publication_preview/trind-1400.webp
       Imagemagick: Adding static file /Users/ashish.sinha/Documents/project/sinashish.github.io/_site/assets/img/publication_preview/demoire-480.webp
       Imagemagick: Adding static file /Users/ashish.sinha/Documents/project/sinashish.github.io/_site/assets/img/publication_preview/demoire-800.webp
       Imagemagick: Adding static file /Users/ashish.sinha/Documents/project/sinashish.github.io/_site/assets/img/publication_preview/demoire-1400.webp
       Imagemagick: Adding static file /Users/ashish.sinha/Documents/project/sinashish.github.io/_site/assets/img/publication_preview/dermsynth3d-480.webp
       Imagemagick: Adding static file /Users/ashish.sinha/Documents/project/sinashish.github.io/_site/assets/img/publication_preview/dermsynth3d-800.webp
       Imagemagick: Adding static file /Users/ashish.sinha/Documents/project/sinashish.github.io/_site/assets/img/publication_preview/dermsynth3d-1400.webp
       Imagemagick: Adding static file /Users/ashish.sinha/Documents/project/sinashish.github.io/_site/assets/img/publication_preview/gagan-480.webp
       Imagemagick: Adding static file /Users/ashish.sinha/Documents/project/sinashish.github.io/_site/assets/img/publication_preview/gagan-800.webp
       Imagemagick: Adding static file /Users/ashish.sinha/Documents/project/sinashish.github.io/_site/assets/img/publication_preview/gagan-1400.webp
       Imagemagick: Adding static file /Users/ashish.sinha/Documents/project/sinashish.github.io/_site/assets/img/publication_preview/ethical-480.webp
       Imagemagick: Adding static file /Users/ashish.sinha/Documents/project/sinashish.github.io/_site/assets/img/publication_preview/ethical-800.webp
       Imagemagick: Adding static file /Users/ashish.sinha/Documents/project/sinashish.github.io/_site/assets/img/publication_preview/ethical-1400.webp
       Imagemagick: Adding static file /Users/ashish.sinha/Documents/project/sinashish.github.io/_site/assets/img/publication_preview/unpose-480.webp
       Imagemagick: Adding static file /Users/ashish.sinha/Documents/project/sinashish.github.io/_site/assets/img/publication_preview/unpose-800.webp
       Imagemagick: Adding static file /Users/ashish.sinha/Documents/project/sinashish.github.io/_site/assets/img/publication_preview/unpose-1400.webp
       Imagemagick: Adding static file /Users/ashish.sinha/Documents/project/sinashish.github.io/_site/assets/img/publication_preview/mensa-480.webp
       Imagemagick: Adding static file /Users/ashish.sinha/Documents/project/sinashish.github.io/_site/assets/img/publication_preview/mensa-800.webp
       Imagemagick: Adding static file /Users/ashish.sinha/Documents/project/sinashish.github.io/_site/assets/img/publication_preview/mensa-1400.webp
       Imagemagick: Generated 0 file(s)
       Jekyll Feed: Generating feed for posts
         AutoPages: Disabled/Not configured in site.config.
        Pagination: Complete, processed 1 pagination page(s)
[33m           Warning: Empty `slug` generated for ''.[0m
                    ...done in 6.156699 seconds.
                    
      Regenerating: 1 file(s) changed at 2026-09-06 15:25:47
                    jekyll-serve.log
Terser: Minifying /Users/ashish.sinha/Documents/project/sinashish.github.io/assets/js/bibsearch.js
Terser: Minifying /Users/ashish.sinha/Documents/project/sinashish.github.io/assets/js/chartjs-setup.js
Terser: Minifying /Users/ashish.sinha/Documents/project/sinashish.github.io/assets/js/common.js
Terser: Minifying /Users/ashish.sinha/Documents/project/sinashish.github.io/assets/js/copy_code.js
Terser: Minifying /Users/ashish.sinha/Documents/project/sinashish.github.io/assets/js/diff2html-setup.js
Terser: Minifying /Users/ashish.sinha/Documents/project/sinashish.github.io/assets/js/distillpub/overrides.js
Terser: Minifying /Users/ashish.sinha/Documents/project/sinashish.github.io/assets/js/distillpub/template.v2.js
Terser: Minifying /Users/ashish.sinha/Documents/project/sinashish.github.io/assets/js/distillpub/transforms.v2.js
Terser: Minifying /Users/ashish.sinha/Documents/project/sinashish.github.io/assets/js/echarts-setup.js
Terser: Minifying /Users/ashish.sinha/Documents/project/sinashish.github.io/assets/js/highlight-search-term.js
Terser: Minifying /Users/ashish.sinha/Documents/project/sinashish.github.io/assets/js/jupyter_new_tab.js
Terser: Minifying /Users/ashish.sinha/Documents/project/sinashish.github.io/assets/js/leaflet-setup.js
Terser: Minifying /Users/ashish.sinha/Documents/project/sinashish.github.io/assets/js/masonry.js
Terser: Minifying /Users/ashish.sinha/Documents/project/sinashish.github.io/assets/js/mathjax-setup.js
Terser: Minifying /Users/ashish.sinha/Documents/project/sinashish.github.io/assets/js/mermaid-setup.js
Terser: Minifying /Users/ashish.sinha/Documents/project/sinashish.github.io/assets/js/newsletter.js
Terser: Minifying /Users/ashish.sinha/Documents/project/sinashish.github.io/assets/js/no_defer.js
Terser: Minifying /Users/ashish.sinha/Documents/project/sinashish.github.io/assets/js/plotly-setup.js
Terser: Minifying /Users/ashish.sinha/Documents/project/sinashish.github.io/assets/js/progress-bar.js
Terser: Minifying /Users/ashish.sinha/Documents/project/sinashish.github.io/assets/js/pseudocode-setup.js
Terser: Minifying /Users/ashish.sinha/Documents/project/sinashish.github.io/assets/js/search-setup.js
Terser: Minifying /Users/ashish.sinha/Documents/project/sinashish.github.io/assets/js/shortcut-key.js
Terser: Minifying /Users/ashish.sinha/Documents/project/sinashish.github.io/assets/js/theme.js
Terser: Minifying /Users/ashish.sinha/Documents/project/sinashish.github.io/assets/js/tooltips-setup.js
Terser: Minifying /Users/ashish.sinha/Documents/project/sinashish.github.io/assets/js/typograms.js
Terser: Minifying /Users/ashish.sinha/Documents/project/sinashish.github.io/assets/js/vega-setup.js
Terser: Minifying /Users/ashish.sinha/Documents/project/sinashish.github.io/assets/js/venobox-setup.js
Terser: Minifying /Users/ashish.sinha/Documents/project/sinashish.github.io/assets/js/wechat.js
Terser: Minifying /Users/ashish.sinha/Documents/project/sinashish.github.io/assets/js/zoom.js
Terser: Minifying /Users/ashish.sinha/Documents/project/sinashish.github.io/old-site/libs/custom/my_js.js
Terser: Minifying /Users/ashish.sinha/Documents/project/sinashish.github.io/old-site/libs/external/skeleton_tabs/skeleton-tabs.js
       Imagemagick: Searching files in /Users/ashish.sinha/Documents/project/sinashish.github.io/assets/img/
       Imagemagick: Adding static file /Users/ashish.sinha/Documents/project/sinashish.github.io/_site/assets/img/book_covers/the_godfather-480.webp
       Imagemagick: Adding static file /Users/ashish.sinha/Documents/project/sinashish.github.io/_site/assets/img/book_covers/the_godfather-800.webp
       Imagemagick: Adding static file /Users/ashish.sinha/Documents/project/sinashish.github.io/_site/assets/img/book_covers/the_godfather-1400.webp
       Imagemagick: Adding static file /Users/ashish.sinha/Documents/project/sinashish.github.io/_site/assets/img/posts/selection-480.webp
       Imagemagick: Adding static file /Users/ashish.sinha/Documents/project/sinashish.github.io/_site/assets/img/posts/selection-800.webp
       Imagemagick: Adding static file /Users/ashish.sinha/Documents/project/sinashish.github.io/_site/assets/img/posts/selection-1400.webp
       Imagemagick: Adding static file /Users/ashish.sinha/Documents/project/sinashish.github.io/_site/assets/img/publication_preview/dimple-480.webp
       Imagemagick: Adding static file /Users/ashish.sinha/Documents/project/sinashish.github.io/_site/assets/img/publication_preview/dimple-800.webp
       Imagemagick: Adding static file /Users/ashish.sinha/Documents/project/sinashish.github.io/_site/assets/img/publication_preview/dimple-1400.webp
       Imagemagick: Adding static file /Users/ashish.sinha/Documents/project/sinashish.github.io/_site/assets/img/publication_preview/msa-480.webp
       Imagemagick: Adding static file /Users/ashish.sinha/Documents/project/sinashish.github.io/_site/assets/img/publication_preview/msa-800.webp
       Imagemagick: Adding static file /Users/ashish.sinha/Documents/project/sinashish.github.io/_site/assets/img/publication_preview/msa-1400.webp
       Imagemagick: Adding static file /Users/ashish.sinha/Documents/project/sinashish.github.io/_site/assets/img/publication_preview/msc-thesis-480.webp
       Imagemagick: Adding static file /Users/ashish.sinha/Documents/project/sinashish.github.io/_site/assets/img/publication_preview/msc-thesis-800.webp
       Imagemagick: Adding static file /Users/ashish.sinha/Documents/project/sinashish.github.io/_site/assets/img/publication_preview/msc-thesis-1400.webp
       Imagemagick: Adding static file /Users/ashish.sinha/Documents/project/sinashish.github.io/_site/assets/img/publication_preview/trind-480.webp
       Imagemagick: Adding static file /Users/ashish.sinha/Documents/project/sinashish.github.io/_site/assets/img/publication_preview/trind-800.webp
       Imagemagick: Adding static file /Users/ashish.sinha/Documents/project/sinashish.github.io/_site/assets/img/publication_preview/trind-1400.webp
       Imagemagick: Adding static file /Users/ashish.sinha/Documents/project/sinashish.github.io/_site/assets/img/publication_preview/demoire-480.webp
       Imagemagick: Adding static file /Users/ashish.sinha/Documents/project/sinashish.github.io/_site/assets/img/publication_preview/demoire-800.webp
       Imagemagick: Adding static file /Users/ashish.sinha/Documents/project/sinashish.github.io/_site/assets/img/publication_preview/demoire-1400.webp
       Imagemagick: Adding static file /Users/ashish.sinha/Documents/project/sinashish.github.io/_site/assets/img/publication_preview/dermsynth3d-480.webp
       Imagemagick: Adding static file /Users/ashish.sinha/Documents/project/sinashish.github.io/_site/assets/img/publication_preview/dermsynth3d-800.webp
       Imagemagick: Adding static file /Users/ashish.sinha/Documents/project/sinashish.github.io/_site/assets/img/publication_preview/dermsynth3d-1400.webp
       Imagemagick: Adding static file /Users/ashish.sinha/Documents/project/sinashish.github.io/_site/assets/img/publication_preview/gagan-480.webp
       Imagemagick: Adding static file /Users/ashish.sinha/Documents/project/sinashish.github.io/_site/assets/img/publication_preview/gagan-800.webp
       Imagemagick: Adding static file /Users/ashish.sinha/Documents/project/sinashish.github.io/_site/assets/img/publication_preview/gagan-1400.webp
       Imagemagick: Adding static file /Users/ashish.sinha/Documents/project/sinashish.github.io/_site/assets/img/publication_preview/ethical-480.webp
       Imagemagick: Adding static file /Users/ashish.sinha/Documents/project/sinashish.github.io/_site/assets/img/publication_preview/ethical-800.webp
       Imagemagick: Adding static file /Users/ashish.sinha/Documents/project/sinashish.github.io/_site/assets/img/publication_preview/ethical-1400.webp
       Imagemagick: Adding static file /Users/ashish.sinha/Documents/project/sinashish.github.io/_site/assets/img/publication_preview/unpose-480.webp
       Imagemagick: Adding static file /Users/ashish.sinha/Documents/project/sinashish.github.io/_site/assets/img/publication_preview/unpose-800.webp
       Imagemagick: Adding static file /Users/ashish.sinha/Documents/project/sinashish.github.io/_site/assets/img/publication_preview/unpose-1400.webp
       Imagemagick: Adding static file /Users/ashish.sinha/Documents/project/sinashish.github.io/_site/assets/img/publication_preview/mensa-480.webp
       Imagemagick: Adding static file /Users/ashish.sinha/Documents/project/sinashish.github.io/_site/assets/img/publication_preview/mensa-800.webp
       Imagemagick: Adding static file /Users/ashish.sinha/Documents/project/sinashish.github.io/_site/assets/img/publication_preview/mensa-1400.webp
       Imagemagick: Generated 0 file(s)
       Jekyll Feed: Generating feed for posts
         AutoPages: Disabled/Not configured in site.config.
        Pagination: Complete, processed 1 pagination page(s)
[33m           Warning: Empty `slug` generated for ''.[0m
                    ...done in 6.684893 seconds.
                    
